"Time","Wind direction.mean"
2018-12-31 13:00:00,
2019-01-01 01:00:00,64.49722222222219
2019-01-01 13:00:00,167.26527777777775
2019-01-02 01:00:00,90.94722222222227
2019-01-02 13:00:00,49.526388888888896
2019-01-03 01:00:00,46.41666666666667
2019-01-03 13:00:00,47.680555555555536
2019-01-04 01:00:00,52.10277777777778
2019-01-04 13:00:00,90.37222222222223
2019-01-05 01:00:00,115.3138888888889
2019-01-05 13:00:00,102.28472222222223
2019-01-06 01:00:00,58.7986111111111
2019-01-06 13:00:00,45.84722222222222
2019-01-07 01:00:00,199.59027777777774
2019-01-07 13:00:00,152.67083333333318
2019-01-08 01:00:00,166.44444444444443
2019-01-08 13:00:00,168.46111111111105
2019-01-09 01:00:00,198.94166666666672
2019-01-09 13:00:00,154.3708333333332
2019-01-10 01:00:00,92.56111111111113
2019-01-10 13:00:00,85.98194444444442
2019-01-11 01:00:00,65.06527777777777
2019-01-11 13:00:00,48.96111111111105
2019-01-12 01:00:00,151.59027777777777
2019-01-12 13:00:00,146.4611111111111
2019-01-13 01:00:00,145.0055555555556
2019-01-13 13:00:00,128.8763888888889
2019-01-14 01:00:00,113.95555555555558
2019-01-14 13:00:00,55.019444444444446
2019-01-15 01:00:00,83.82222222222224
2019-01-15 13:00:00,105.40000000000003
2019-01-16 01:00:00,134.70277777777775
2019-01-16 13:00:00,142.09305555555545
2019-01-17 01:00:00,199.58888888888885
2019-01-17 13:00:00,173.59166666666667
2019-01-18 01:00:00,186.32361111111103
2019-01-18 13:00:00,63.24444444444445
2019-01-19 01:00:00,121.21666666666667
2019-01-19 13:00:00,294.18055555555515
2019-01-20 01:00:00,114.39166666666648
2019-01-20 13:00:00,69.99166666666663
2019-01-21 01:00:00,259.5847222222223
2019-01-21 13:00:00,313.3291666666671
2019-01-22 01:00:00,162.3138888888889
2019-01-22 13:00:00,57.95694444444444
2019-01-23 01:00:00,49.89722222222222
2019-01-23 13:00:00,78.50694444444446
2019-01-24 01:00:00,52.504166666666656
2019-01-24 13:00:00,55.800000000000004
2019-01-25 01:00:00,42.01805555555556
2019-01-25 13:00:00,35.37361111111111
2019-01-26 01:00:00,59.94027777777779
2019-01-26 13:00:00,132.13888888888886
2019-01-27 01:00:00,222.54999999999998
2019-01-27 13:00:00,239.54583333333312
2019-01-28 01:00:00,178.9097222222221
2019-01-28 13:00:00,60.205555555555556
2019-01-29 01:00:00,17.30277777777775
2019-01-29 13:00:00,57.85972222222218
2019-01-30 01:00:00,33.88750000000006
2019-01-30 13:00:00,225.81249999999994
2019-01-31 01:00:00,268.74444444444435
2019-01-31 13:00:00,283.7847222222222
2019-02-01 01:00:00,224.91527777777782
2019-02-01 13:00:00,231.0638888888888
2019-02-02 01:00:00,233.9624999999999
2019-02-02 13:00:00,242.19722222222214
2019-02-03 01:00:00,216.95555555555572
2019-02-03 13:00:00,157.29722222222233
2019-02-04 01:00:00,50.955555555555556
2019-02-04 13:00:00,42.83472222222222
2019-02-05 01:00:00,41.57638888888889
2019-02-05 13:00:00,38.56527777777777
2019-02-06 01:00:00,59.55555555555554
2019-02-06 13:00:00,55.731944444444366
2019-02-07 01:00:00,106.10833333333329
2019-02-07 13:00:00,248.5666666666666
2019-02-08 01:00:00,123.74027777777782
2019-02-08 13:00:00,197.9111111111113
2019-02-09 01:00:00,215.725
2019-02-09 13:00:00,239.64722222222255
2019-02-10 01:00:00,238.7944444444444
2019-02-10 13:00:00,211.1972222222222
2019-02-11 01:00:00,162.82083333333333
2019-02-11 13:00:00,71.34583333333333
2019-02-12 01:00:00,44.74027777777776
2019-02-12 13:00:00,45.5611111111111
2019-02-13 01:00:00,60.44166666666667
2019-02-13 13:00:00,77.6499999999999
2019-02-14 01:00:00,107.43055555555561
2019-02-14 13:00:00,67.97222222222223
2019-02-15 01:00:00,56.14722222222224
2019-02-15 13:00:00,292.8444444444444
2019-02-16 01:00:00,106.76944444444439
2019-02-16 13:00:00,225.84166666666684
2019-02-17 01:00:00,245.63472222222248
2019-02-17 13:00:00,238.60416666666663
2019-02-18 01:00:00,239.5249999999999
2019-02-18 13:00:00,266.1930555555553
2019-02-19 01:00:00,235.20277777777787
2019-02-19 13:00:00,180.67777777777795
2019-02-20 01:00:00,77.63750000000002
2019-02-20 13:00:00,21.115277777777724
2019-02-21 01:00:00,135.22083333333325
2019-02-21 13:00:00,91.75833333333321
2019-02-22 01:00:00,80.28194444444445
2019-02-22 13:00:00,176.9902777777778
2019-02-23 01:00:00,226.92916666666665
2019-02-23 13:00:00,319.2569444444441
2019-02-24 01:00:00,174.75138888888898
2019-02-24 13:00:00,276.5180555555555
2019-02-25 01:00:00,294.3069444444444
2019-02-25 13:00:00,132.44583333333333
2019-02-26 01:00:00,102.89444444444443
2019-02-26 13:00:00,48.08888888888889
2019-02-27 01:00:00,64.83749999999999
2019-02-27 13:00:00,61.116666666666625
2019-02-28 01:00:00,140.59444444444435
2019-02-28 13:00:00,119.83055555555555
2019-03-01 01:00:00,139.5583333333333
2019-03-01 13:00:00,165.88888888888897
2019-03-02 01:00:00,73.83611111111108
2019-03-02 13:00:00,78.7555555555555
2019-03-03 01:00:00,118.09722222222224
2019-03-03 13:00:00,177.91388888888886
2019-03-04 01:00:00,139.81944444444443
2019-03-04 13:00:00,133.45416666666668
2019-03-05 01:00:00,124.96666666666667
2019-03-05 13:00:00,153.22083333333342
2019-03-06 01:00:00,147.92777777777772
2019-03-06 13:00:00,229.9847222222222
2019-03-07 01:00:00,223.5180555555556
2019-03-07 13:00:00,191.70277777777775
2019-03-08 01:00:00,151.14583333333346
2019-03-08 13:00:00,121.0944444444443
2019-03-09 01:00:00,127.68472222222219
2019-03-09 13:00:00,122.32499999999997
2019-03-10 01:00:00,137.73055555555558
2019-03-10 13:00:00,125.99999999999997
2019-03-11 01:00:00,101.4125
2019-03-11 13:00:00,114.91805555555555
2019-03-12 01:00:00,57.95416666666665
2019-03-12 13:00:00,68.48888888888891
2019-03-13 01:00:00,171.95972222222224
2019-03-13 13:00:00,200.26250000000007
2019-03-14 01:00:00,60.861111111111114
2019-03-14 13:00:00,116.82222222222218
2019-03-15 01:00:00,147.8194444444444
2019-03-15 13:00:00,123.63888888888889
2019-03-16 01:00:00,147.67916666666667
2019-03-16 13:00:00,256.4138888888887
2019-03-17 01:00:00,171.64027777777784
2019-03-17 13:00:00,122.97777777777775
2019-03-18 01:00:00,161.47500000000005
2019-03-18 13:00:00,63.48749999999999
2019-03-19 01:00:00,63.18333333333336
2019-03-19 13:00:00,150.41944444444445
2019-03-20 01:00:00,63.191666666666706
2019-03-20 13:00:00,30.417910447761212
2019-03-21 01:00:00,63.47638888888889
2019-03-21 13:00:00,280.7277777777776
2019-03-22 01:00:00,232.78611111111093
2019-03-22 13:00:00,109.2236111111111
2019-03-23 01:00:00,191.9305555555555
2019-03-23 13:00:00,245.09861111111135
2019-03-24 01:00:00,73.26388888888889
2019-03-24 13:00:00,242.77500000000023
2019-03-25 01:00:00,179.69444444444437
2019-03-25 13:00:00,165.46805555555562
2019-03-26 01:00:00,67.54166666666666
2019-03-26 13:00:00,58.12500000000003
2019-03-27 01:00:00,86.66250000000002
2019-03-27 13:00:00,124.9097222222223
2019-03-28 01:00:00,72.14166666666661
2019-03-28 13:00:00,48.0638888888889
2019-03-29 01:00:00,79.39166666666664
2019-03-29 13:00:00,238.75694444444446
2019-03-30 01:00:00,242.92361111111106
2019-03-30 13:00:00,200.75138888888884
2019-03-31 01:00:00,154.57121212121208
2019-03-31 14:00:00,255.84583333333325
2019-04-01 02:00:00,65.50972222222225
2019-04-01 14:00:00,137.39583333333326
2019-04-02 02:00:00,109.59027777777777
2019-04-02 14:00:00,279.3013888888887
2019-04-03 02:00:00,237.98055555555558
2019-04-03 14:00:00,216.63333333333355
2019-04-04 02:00:00,230.6458333333333
2019-04-04 14:00:00,221.5194444444445
2019-04-05 02:00:00,246.33749999999995
2019-04-05 14:00:00,164.22916666666663
2019-04-06 02:00:00,162.338888888889
2019-04-06 14:00:00,273.2958333333336
2019-04-07 02:00:00,308.41666666666674
2019-04-07 14:00:00,203.28888888888883
2019-04-08 02:00:00,98.30000000000001
2019-04-08 14:00:00,263.31944444444446
2019-04-09 02:00:00,77.94722222222228
2019-04-09 14:00:00,88.78055555555557
2019-04-10 02:00:00,74.5569444444444
2019-04-10 14:00:00,155.47222222222217
2019-04-11 02:00:00,46.47500000000001
2019-04-11 14:00:00,70.90138888888887
2019-04-12 02:00:00,70.71111111111111
2019-04-12 14:00:00,81.24305555555559
2019-04-13 02:00:00,67.05972222222225
2019-04-13 14:00:00,73.87777777777778
2019-04-14 02:00:00,68.10138888888889
2019-04-14 14:00:00,64.02222222222224
2019-04-15 02:00:00,74.28194444444443
2019-04-15 14:00:00,86.94722222222225
2019-04-16 02:00:00,81.51111111111112
2019-04-16 14:00:00,214.28888888888886
2019-04-17 02:00:00,147.34444444444435
2019-04-17 14:00:00,213.65972222222243
2019-04-18 02:00:00,55.99166666666667
2019-04-18 14:00:00,293.5916666666665
2019-04-19 02:00:00,201.60277777777767
2019-04-19 14:00:00,63.549999999999926
2019-04-20 02:00:00,150.64583333333314
2019-04-20 14:00:00,285.41250000000014
2019-04-21 02:00:00,176.31250000000003
2019-04-21 14:00:00,223.01944444444436
2019-04-22 02:00:00,212.81388888888893
2019-04-22 14:00:00,268.1555555555555
2019-04-23 02:00:00,243.73749999999998
2019-04-23 14:00:00,267.2791666666667
2019-04-24 02:00:00,250.09722222222211
2019-04-24 14:00:00,252.59027777777771
2019-04-25 02:00:00,200.49722222222218
2019-04-25 14:00:00,180.30138888888894
2019-04-26 02:00:00,209.3930555555555
2019-04-26 14:00:00,184.64722222222224
2019-04-27 02:00:00,124.34444444444438
2019-04-27 14:00:00,135.6416666666667
2019-04-28 02:00:00,100.9152777777777
2019-04-28 14:00:00,200.2791666666668
2019-04-29 02:00:00,167.20555555555535
2019-04-29 14:00:00,71.13472222222222
2019-04-30 02:00:00,64.64722222222221
2019-04-30 14:00:00,95.05138888888894
2019-05-01 02:00:00,85.1861111111111
2019-05-01 14:00:00,61.05972222222216
2019-05-02 02:00:00,87.39305555555555
2019-05-02 14:00:00,134.29444444444434
2019-05-03 02:00:00,129.225
2019-05-03 14:00:00,85.54027777777786
2019-05-04 02:00:00,65.95833333333333
2019-05-04 14:00:00,98.03749999999997
2019-05-05 02:00:00,93.2875
2019-05-05 14:00:00,76.44305555555552
2019-05-06 02:00:00,77.56250000000001
2019-05-06 14:00:00,72.1388888888889
2019-05-07 02:00:00,74.1458333333333
2019-05-07 14:00:00,69.20277777777774
2019-05-08 02:00:00,126.92222222222227
2019-05-08 14:00:00,230.93750000000006
2019-05-09 02:00:00,221.79166666666686
2019-05-09 14:00:00,218.7347222222225
2019-05-10 02:00:00,63.01527777777781
2019-05-10 14:00:00,120.91666666666654
2019-05-11 02:00:00,137.44027777777782
2019-05-11 14:00:00,222.50972222222254
2019-05-12 02:00:00,91.43888888888884
2019-05-12 14:00:00,224.83055555555563
2019-05-13 02:00:00,103.30972222222223
2019-05-13 14:00:00,68.05555555555556
2019-05-14 02:00:00,64.47916666666669
2019-05-14 14:00:00,65.12499999999997
2019-05-15 02:00:00,93.34999999999998
2019-05-15 14:00:00,86.75694444444447
2019-05-16 02:00:00,74.45972222222224
2019-05-16 14:00:00,90.79722222222222
2019-05-17 02:00:00,132.13472222222222
2019-05-17 14:00:00,292.22916666666686
2019-05-18 02:00:00,291.8986111111109
2019-05-18 14:00:00,249.99305555555534
2019-05-19 02:00:00,142.34583333333336
2019-05-19 14:00:00,200.11249999999973
2019-05-20 02:00:00,199.5236111111112
2019-05-20 14:00:00,141.82222222222234
2019-05-21 02:00:00,140.28333333333327
2019-05-21 14:00:00,148.29027777777787
2019-05-22 02:00:00,161.7833333333333
2019-05-22 14:00:00,93.01249999999993
2019-05-23 02:00:00,119.66805555555551
2019-05-23 14:00:00,59.56111111111112
2019-05-24 02:00:00,72.18472222222223
2019-05-24 14:00:00,68.71944444444443
2019-05-25 02:00:00,73.7944444444445
2019-05-25 14:00:00,68.78888888888886
2019-05-26 02:00:00,112.28333333333336
2019-05-26 14:00:00,220.38194444444443
2019-05-27 02:00:00,161.11944444444453
2019-05-27 14:00:00,270.5611111111109
2019-05-28 02:00:00,236.96805555555557
2019-05-28 14:00:00,159.32361111111106
2019-05-29 02:00:00,120.80277777777775
2019-05-29 14:00:00,107.16388888888889
2019-05-30 02:00:00,82.34305555555558
2019-05-30 14:00:00,81.14999999999999
2019-05-31 02:00:00,74.86944444444447
2019-05-31 14:00:00,47.56805555555556
2019-06-01 02:00:00,75.03333333333332
2019-06-01 14:00:00,200.21805555555542
2019-06-02 02:00:00,215.87499999999966
2019-06-02 14:00:00,155.58333333333326
2019-06-03 02:00:00,66.15000000000003
2019-06-03 14:00:00,238.015277777778
2019-06-04 02:00:00,176.1652777777778
2019-06-04 14:00:00,165.87499999999983
2019-06-05 02:00:00,237.48750000000004
2019-06-05 14:00:00,210.23750000000027
2019-06-06 02:00:00,211.95555555555575
2019-06-06 14:00:00,164.90277777777757
2019-06-07 02:00:00,124.31666666666663
2019-06-07 14:00:00,117.25972222222208
2019-06-08 02:00:00,103.76805555555556
2019-06-08 14:00:00,59.98611111111112
2019-06-09 02:00:00,57.48611111111112
2019-06-09 14:00:00,45.48750000000005
2019-06-10 02:00:00,67.62083333333331
2019-06-10 14:00:00,265.9500000000003
2019-06-11 02:00:00,282.2402777777779
2019-06-11 14:00:00,271.37361111111113
2019-06-12 02:00:00,226.18194444444444
2019-06-12 14:00:00,257.1472222222224
2019-06-13 02:00:00,239.5069444444446
2019-06-13 14:00:00,63.10000000000004
2019-06-14 02:00:00,65.01805555555553
2019-06-14 14:00:00,62.330555555555556
2019-06-15 02:00:00,114.6638888888889
2019-06-15 14:00:00,132.09444444444418
2019-06-16 02:00:00,132.6222222222222
2019-06-16 14:00:00,155.9486111111111
2019-06-17 02:00:00,76.60277777777779
2019-06-17 14:00:00,64.20694444444437
2019-06-18 02:00:00,94.38611111111109
2019-06-18 14:00:00,281.0958333333333
2019-06-19 02:00:00,228.6000000000001
2019-06-19 14:00:00,252.0305555555553
2019-06-20 02:00:00,121.00694444444441
2019-06-20 14:00:00,66.525
2019-06-21 02:00:00,107.83611111111114
2019-06-21 14:00:00,285.14027777777767
2019-06-22 02:00:00,270.5930555555555
2019-06-22 14:00:00,188.3444444444442
2019-06-23 02:00:00,132.64166666666665
2019-06-23 14:00:00,227.55694444444427
2019-06-24 02:00:00,70.52499999999996
2019-06-24 14:00:00,287.886111111111
2019-06-25 02:00:00,192.5736111111111
2019-06-25 14:00:00,278.1236111111109
2019-06-26 02:00:00,280.5625000000002
2019-06-26 14:00:00,294.06805555555553
2019-06-27 02:00:00,262.76111111111135
2019-06-27 14:00:00,120.96666666666667
2019-06-28 02:00:00,69.83611111111111
2019-06-28 14:00:00,78.00555555555556
2019-06-29 02:00:00,71.28333333333333
2019-06-29 14:00:00,279.23888888888894
2019-06-30 02:00:00,267.1166666666667
2019-06-30 14:00:00,208.04861111111134
2019-07-01 02:00:00,210.6916666666667
2019-07-01 14:00:00,190.184722222222
2019-07-02 02:00:00,91.32638888888887
2019-07-02 14:00:00,102.17083333333335
2019-07-03 02:00:00,83.33472222222227
2019-07-03 14:00:00,264.7291666666665
2019-07-04 02:00:00,97.5458333333333
2019-07-04 14:00:00,84.4222222222223
2019-07-05 02:00:00,81.5138888888889
2019-07-05 14:00:00,178.80000000000013
2019-07-06 02:00:00,200.5402777777777
2019-07-06 14:00:00,186.1583333333334
2019-07-07 02:00:00,114.9777777777778
2019-07-07 14:00:00,145.05555555555554
2019-07-08 02:00:00,94.62777777777775
2019-07-08 14:00:00,270.24166666666673
2019-07-09 02:00:00,107.54027777777779
2019-07-09 14:00:00,263.61249999999995
2019-07-10 02:00:00,172.9666666666669
2019-07-10 14:00:00,68.0319444444445
2019-07-11 02:00:00,66.35833333333336
2019-07-11 14:00:00,73.78750000000008
2019-07-12 02:00:00,72.06666666666672
2019-07-12 14:00:00,194.05416666666662
2019-07-13 02:00:00,209.27083333333337
2019-07-13 14:00:00,110.21666666666664
2019-07-14 02:00:00,75.42222222222225
2019-07-14 14:00:00,183.29166666666663
2019-07-15 02:00:00,107.86249999999995
2019-07-15 14:00:00,272.45138888888914
2019-07-16 02:00:00,228.73333333333346
2019-07-16 14:00:00,233.21805555555576
2019-07-17 02:00:00,252.50138888888912
2019-07-17 14:00:00,99.10138888888888
2019-07-18 02:00:00,149.39166666666665
2019-07-18 14:00:00,200.44166666666686
2019-07-19 02:00:00,144.46944444444446
2019-07-19 14:00:00,252.0927272727275
2019-07-20 02:00:00,144.46944444444446
2019-07-20 14:00:00,199.54032258064498
2019-07-21 02:00:00,186.08472222222204
2019-07-21 14:00:00,114.05972222222226
2019-07-22 02:00:00,64.43472222222226
2019-07-22 14:00:00,66.51666666666671
2019-07-23 02:00:00,66.38888888888883
2019-07-23 14:00:00,67.40138888888897
2019-07-24 02:00:00,113.15972222222227
2019-07-24 14:00:00,259.13611111111106
2019-07-25 02:00:00,241.67500000000004
2019-07-25 14:00:00,135.48888888888902
2019-07-26 02:00:00,128.33055555555563
2019-07-26 14:00:00,122.49583333333345
2019-07-27 02:00:00,105.04305555555551
2019-07-27 14:00:00,218.75138888888907
2019-07-28 02:00:00,239.62361111111102
2019-07-28 14:00:00,220.30972222222204
2019-07-29 02:00:00,143.9847222222221
2019-07-29 14:00:00,84.89861111111124
2019-07-30 02:00:00,78.94027777777775
2019-07-30 14:00:00,70.06666666666672
2019-07-31 02:00:00,70.66666666666661
2019-07-31 14:00:00,65.47500000000001
2019-08-01 02:00:00,67.90277777777777
2019-08-01 14:00:00,65.24861111111103
2019-08-02 02:00:00,127.8486111111111
2019-08-02 14:00:00,222.1736111111112
2019-08-03 02:00:00,65.7263888888889
2019-08-03 14:00:00,72.41527777777776
2019-08-04 02:00:00,76.00555555555553
2019-08-04 14:00:00,76.60277777777785
2019-08-05 02:00:00,91.88333333333341
2019-08-05 14:00:00,170.1888888888886
2019-08-06 02:00:00,183.21250000000003
2019-08-06 14:00:00,141.7666666666665
2019-08-07 02:00:00,131.73750000000007
2019-08-07 14:00:00,89.05972222222238
2019-08-08 02:00:00,166.71388888888885
2019-08-08 14:00:00,289.0472222222221
2019-08-09 02:00:00,66.78055555555552
2019-08-09 14:00:00,276.32638888888874
2019-08-10 02:00:00,282.2319444444442
2019-08-10 14:00:00,262.0013888888888
2019-08-11 02:00:00,144.2277777777778
2019-08-11 14:00:00,254.484722222222
2019-08-12 02:00:00,277.43472222222204
2019-08-12 14:00:00,248.8083333333336
2019-08-13 02:00:00,116.70555555555546
2019-08-13 14:00:00,76.25972222222227
2019-08-14 02:00:00,72.69305555555555
2019-08-14 14:00:00,66.3097222222223
2019-08-15 02:00:00,74.95972222222221
2019-08-15 14:00:00,225.29305555555544
2019-08-16 02:00:00,231.36944444444438
2019-08-16 14:00:00,61.48472222222223
2019-08-17 02:00:00,59.88194444444446
2019-08-17 14:00:00,223.72638888888892
2019-08-18 02:00:00,227.35555555555575
2019-08-18 14:00:00,229.03055555555568
2019-08-19 02:00:00,266.32361111111123
2019-08-19 14:00:00,307.7222222222219
2019-08-20 02:00:00,291.3319444444445
2019-08-20 14:00:00,283.67083333333363
2019-08-21 02:00:00,234.27361111111117
2019-08-21 14:00:00,83.71944444444445
2019-08-22 02:00:00,69.66944444444442
2019-08-22 14:00:00,121.49722222222233
2019-08-23 02:00:00,109.35138888888886
2019-08-23 14:00:00,252.93055555555534
2019-08-24 02:00:00,111.53472222222223
2019-08-24 14:00:00,253.02499999999995
2019-08-25 02:00:00,83.73055555555555
2019-08-25 14:00:00,157.9180555555555
2019-08-26 02:00:00,164.05833333333334
2019-08-26 14:00:00,301.0319444444446
2019-08-27 02:00:00,249.98333333333326
2019-08-27 14:00:00,286.6805555555559
2019-08-28 02:00:00,277.7013888888889
2019-08-28 14:00:00,294.366666666667
2019-08-29 02:00:00,294.3875000000003
2019-08-29 14:00:00,328.31388888888875
2019-08-30 02:00:00,244.00138888888887
2019-08-30 14:00:00,302.94166666666655
2019-08-31 02:00:00,255.37777777777794
2019-08-31 14:00:00,289.27083333333326
2019-09-01 02:00:00,307.3152777777776
2019-09-01 14:00:00,226.36944444444447
2019-09-02 02:00:00,227.7805555555557
2019-09-02 14:00:00,192.1208333333334
2019-09-03 02:00:00,71.80694444444445
2019-09-03 14:00:00,79.90694444444449
2019-09-04 02:00:00,123.52361111111107
2019-09-04 14:00:00,238.92222222222225
2019-09-05 02:00:00,195.07500000000013
2019-09-05 14:00:00,302.3125000000002
2019-09-06 02:00:00,202.58749999999998
2019-09-06 14:00:00,185.16666666666669
2019-09-07 02:00:00,98.32361111111112
2019-09-07 14:00:00,138.2499999999999
2019-09-08 02:00:00,97.22916666666676
2019-09-08 14:00:00,287.70972222222247
2019-09-09 02:00:00,184.01111111111092
2019-09-09 14:00:00,115.08194444444445
2019-09-10 02:00:00,120.69583333333327
2019-09-10 14:00:00,305.79999999999995
2019-09-11 02:00:00,245.94583333333335
2019-09-11 14:00:00,265.12638888888875
2019-09-12 02:00:00,63.8138888888889
2019-09-12 14:00:00,98.84722222222211
2019-09-13 02:00:00,65.00833333333334
2019-09-13 14:00:00,63.415277777777796
2019-09-14 02:00:00,62.87916666666667
2019-09-14 14:00:00,286.41249999999985
2019-09-15 02:00:00,284.31805555555576
2019-09-15 14:00:00,192.4888888888891
2019-09-16 02:00:00,137.99027777777786
2019-09-16 14:00:00,103.16666666666677
2019-09-17 02:00:00,107.68333333333342
2019-09-17 14:00:00,298.62916666666683
2019-09-18 02:00:00,242.4111111111111
2019-09-18 14:00:00,139.31250000000048
2019-09-19 02:00:00,53.823611111111106
2019-09-19 14:00:00,210.30972222222238
2019-09-20 02:00:00,86.11388888888888
2019-09-20 14:00:00,89.78194444444443
2019-09-21 02:00:00,47.288888888888884
2019-09-21 14:00:00,233.86249999999984
2019-09-22 02:00:00,225.20555555555552
2019-09-22 14:00:00,192.9250000000003
2019-09-23 02:00:00,199.19444444444423
2019-09-23 14:00:00,268.5972222222222
2019-09-24 02:00:00,69.17777777777779
2019-09-24 14:00:00,86.27500000000005
2019-09-25 02:00:00,160.5222222222223
2019-09-25 14:00:00,261.1388888888889
2019-09-26 02:00:00,220.86805555555543
2019-09-26 14:00:00,69.06527777777788
2019-09-27 02:00:00,90.85416666666671
2019-09-27 14:00:00,199.345833333333
2019-09-28 02:00:00,186.4513888888887
2019-09-28 14:00:00,74.6388888888889
2019-09-29 02:00:00,88.73472222222219
2019-09-29 14:00:00,209.98611111111126
2019-09-30 02:00:00,171.35000000000002
2019-09-30 14:00:00,153.8333333333334
2019-10-01 02:00:00,312.04722222222216
2019-10-01 14:00:00,219.28750000000034
2019-10-02 02:00:00,196.2500000000001
2019-10-02 14:00:00,97.5430555555555
2019-10-03 02:00:00,70.7152777777778
2019-10-03 14:00:00,56.02777777777776
2019-10-04 02:00:00,78.12499999999997
2019-10-04 14:00:00,83.20555555555558
2019-10-05 02:00:00,108.8777777777778
2019-10-05 14:00:00,129.42361111111111
2019-10-06 02:00:00,65.35277777777779
2019-10-06 14:00:00,78.84861111111121
2019-10-07 02:00:00,98.44166666666669
2019-10-07 14:00:00,152.08055555555543
2019-10-08 02:00:00,64.12083333333332
2019-10-08 14:00:00,225.19583333333327
2019-10-09 02:00:00,211.4138888888887
2019-10-09 14:00:00,103.77361111111107
2019-10-10 02:00:00,81.49722222222226
2019-10-10 14:00:00,293.4097222222221
2019-10-11 02:00:00,302.15277777777794
2019-10-11 14:00:00,288.0874999999999
2019-10-12 02:00:00,299.5291666666667
2019-10-12 14:00:00,208.71249999999972
2019-10-13 02:00:00,226.32638888888872
2019-10-13 14:00:00,94.59583333333322
2019-10-14 02:00:00,105.43749999999994
2019-10-14 14:00:00,269.23194444444437
2019-10-15 02:00:00,269.8013888888891
2019-10-15 14:00:00,93.11111111111126
2019-10-16 02:00:00,96.0875
2019-10-16 14:00:00,60.977777777777796
2019-10-17 02:00:00,77.00833333333338
2019-10-17 14:00:00,290.71944444444443
2019-10-18 02:00:00,278.3388888888891
2019-10-18 14:00:00,87.96805555555544
2019-10-19 02:00:00,92.54166666666674
2019-10-19 14:00:00,102.30000000000024
2019-10-20 02:00:00,84.93333333333332
2019-10-20 14:00:00,172.05972222222252
2019-10-21 02:00:00,149.7083333333333
2019-10-21 14:00:00,117.54444444444448
2019-10-22 02:00:00,128.78888888888903
2019-10-22 14:00:00,263.929166666667
2019-10-23 02:00:00,275.20833333333303
2019-10-23 14:00:00,309.1319444444446
2019-10-24 02:00:00,314.9750000000001
2019-10-24 14:00:00,254.07500000000002
2019-10-25 02:00:00,247.28333333333336
2019-10-25 14:00:00,57.03749999999992
2019-10-26 02:00:00,36.24305555555558
2019-10-26 14:00:00,227.74166666666633
2019-10-27 02:00:00,212.68333333333325
2019-10-27 13:00:00,145.4930555555556
2019-10-28 01:00:00,144.06944444444446
2019-10-28 13:00:00,264.47916666666663
2019-10-29 01:00:00,94.16944444444451
2019-10-29 13:00:00,113.62222222222226
2019-10-30 01:00:00,113.78472222222217
2019-10-30 13:00:00,265.71944444444455
2019-10-31 01:00:00,324.8736111111109
2019-10-31 13:00:00,328.7555555555558
2019-11-01 01:00:00,259.072222222222
2019-11-01 13:00:00,210.80833333333345
2019-11-02 01:00:00,235.09305555555557
2019-11-02 13:00:00,250.39305555555555
2019-11-03 01:00:00,233.96111111111108
2019-11-03 13:00:00,234.89027777777787
2019-11-04 01:00:00,165.45972222222247
2019-11-04 13:00:00,77.13888888888897
2019-11-05 01:00:00,179.60416666666669
2019-11-05 13:00:00,162.3888888888888
2019-11-06 01:00:00,126.7791666666667
2019-11-06 13:00:00,299.75416666666655
2019-11-07 01:00:00,284.4847222222224
2019-11-07 13:00:00,79.01388888888889
2019-11-08 01:00:00,118.35416666666667
2019-11-08 13:00:00,269.4513888888889
2019-11-09 01:00:00,228.9347222222224
2019-11-09 13:00:00,71.25277777777781
2019-11-10 01:00:00,86.88888888888887
2019-11-10 13:00:00,80.57916666666655
2019-11-11 01:00:00,167.1597222222222
2019-11-11 13:00:00,249.35555555555553
2019-11-12 01:00:00,241.78194444444438
2019-11-12 13:00:00,195.25
2019-11-13 01:00:00,251.76388888888889
2019-11-13 13:00:00,144.0097222222222
2019-11-14 01:00:00,111.03472222222221
2019-11-14 13:00:00,315.54722222222233
2019-11-15 01:00:00,246.73749999999987
2019-11-15 13:00:00,252.7835820895522
2019-11-16 01:00:00,69.58181818181818
2019-11-16 13:00:00,76.67222222222216
2019-11-17 01:00:00,115.77083333333339
2019-11-17 13:00:00,241.89999999999995
2019-11-18 01:00:00,188.1486111111111
2019-11-18 13:00:00,140.39444444444447
2019-11-19 01:00:00,203.11805555555563
2019-11-19 13:00:00,249.13333333333347
2019-11-20 01:00:00,168.83888888888896
2019-11-20 13:00:00,214.21666666666673
2019-11-21 01:00:00,188.67916666666667
2019-11-21 13:00:00,263.3347222222222
2019-11-22 01:00:00,239.29583333333346
2019-11-22 13:00:00,282.96944444444443
2019-11-23 01:00:00,259.9527777777777
2019-11-23 13:00:00,283.61527777777803
2019-11-24 01:00:00,299.2374999999998
2019-11-24 13:00:00,311.1777777777777
2019-11-25 01:00:00,244.6430555555557
2019-11-25 13:00:00,71.80277777777776
2019-11-26 01:00:00,72.23888888888882
2019-11-26 13:00:00,231.99583333333365
2019-11-27 01:00:00,242.97222222222223
2019-11-27 13:00:00,230.95694444444436
2019-11-28 01:00:00,215.81249999999991
2019-11-28 13:00:00,149.75555555555556
2019-11-29 01:00:00,90.33194444444442
2019-11-29 13:00:00,135.9597222222222
2019-11-30 01:00:00,60.46666666666666
2019-11-30 13:00:00,68.80416666666665
2019-12-01 01:00:00,111.5916666666667
2019-12-01 13:00:00,248.74027777777792
2019-12-02 01:00:00,224.2083333333333
2019-12-02 13:00:00,70.16249999999998
2019-12-03 01:00:00,65.8375
2019-12-03 13:00:00,77.80555555555551
2019-12-04 01:00:00,105.53055555555551
2019-12-04 13:00:00,290.0541666666667
2019-12-05 01:00:00,294.7097222222223
2019-12-05 13:00:00,276.90138888888885
2019-12-06 01:00:00,206.86527777777775
2019-12-06 13:00:00,226.13194444444468
2019-12-07 01:00:00,152.42499999999995
2019-12-07 13:00:00,59.129166666666684
2019-12-08 01:00:00,121.20833333333331
2019-12-08 13:00:00,221.8777777777778
2019-12-09 01:00:00,221.65833333333342
2019-12-09 13:00:00,213.4666666666669
2019-12-10 01:00:00,60.63055555555555
2019-12-10 13:00:00,47.484722222222224
2019-12-11 01:00:00,58.70277777777778
2019-12-11 13:00:00,295.85694444444465
2019-12-12 01:00:00,138.66805555555527
2019-12-12 13:00:00,74.41527777777782
2019-12-13 01:00:00,146.8569444444444
2019-12-13 13:00:00,209.53888888888906
2019-12-14 01:00:00,85.61805555555554
2019-12-14 13:00:00,125.68194444444447
2019-12-15 01:00:00,217.77777777777783
2019-12-15 13:00:00,197.49166666666653
2019-12-16 01:00:00,147.2875
2019-12-16 13:00:00,194.02638888888896
2019-12-17 01:00:00,214.33194444444447
2019-12-17 13:00:00,241.18472222222212
2019-12-18 01:00:00,204.4
2019-12-18 13:00:00,204.44722222222242
2019-12-19 01:00:00,242.11527777777772
2019-12-19 13:00:00,209.30416666666662
2019-12-20 01:00:00,215.65555555555568
2019-12-20 13:00:00,202.4791666666668
2019-12-21 01:00:00,249.27777777777794
2019-12-21 13:00:00,219.15972222222206
2019-12-22 01:00:00,232.71111111111134
2019-12-22 13:00:00,213.92499999999995
2019-12-23 01:00:00,73.21250000000003
2019-12-23 13:00:00,55.28194444444445
2019-12-24 01:00:00,59.80138888888886
2019-12-24 13:00:00,112.44444444444451
2019-12-25 01:00:00,169.37638888888878
2019-12-25 13:00:00,72.16527777777782
2019-12-26 01:00:00,59.472222222222236
2019-12-26 13:00:00,91.09444444444448
2019-12-27 01:00:00,167.93611111111102
2019-12-27 13:00:00,60.43611111111112
2019-12-28 01:00:00,61.52777777777778
2019-12-28 13:00:00,49.31527777777777
2019-12-29 01:00:00,46.8013888888889
2019-12-29 13:00:00,47.827777777777705
2019-12-30 01:00:00,59.08611111111107
2019-12-30 13:00:00,315.93472222222186
2019-12-31 01:00:00,184.30694444444447
2019-12-31 13:00:00,120.92083333333325
2020-01-01 01:00:00,73.30972222222226
2020-01-01 13:00:00,61.661111111111104
2020-01-02 01:00:00,102.87083333333332
2020-01-02 13:00:00,168.11111111111123
2020-01-03 01:00:00,248.2527777777778
2020-01-03 13:00:00,246.76805555555535
2020-01-04 01:00:00,170.10416666666663
2020-01-04 13:00:00,54.40985915492957
2020-01-05 01:00:00,62.01111111111111
2020-01-05 13:00:00,62.55416666666666
2020-01-06 01:00:00,65.43333333333327
2020-01-06 13:00:00,178.0638888888889
2020-01-07 01:00:00,204.7319444444444
2020-01-07 13:00:00,261.7888888888889
2020-01-08 01:00:00,106.43055555555537
2020-01-08 13:00:00,182.3444444444447
2020-01-09 01:00:00,213.9236111111111
2020-01-09 13:00:00,224.6374999999998
2020-01-10 01:00:00,205.8333333333335
2020-01-10 13:00:00,17.041666666666615
2020-01-11 01:00:00,21.359722222222224
2020-01-11 13:00:00,61.81944444444447
2020-01-12 01:00:00,136.90833333333333
2020-01-12 13:00:00,309.4722222222223
2020-01-13 01:00:00,213.22222222222192
2020-01-13 13:00:00,224.14722222222224
2020-01-14 01:00:00,216.3083333333333
2020-01-14 13:00:00,230.43749999999994
2020-01-15 01:00:00,224.18194444444447
2020-01-15 13:00:00,234.125
2020-01-16 01:00:00,162.76197183098586
2020-01-16 13:00:00,200.34583333333342
2020-01-17 01:00:00,239.72916666666683
2020-01-17 13:00:00,253.5805555555556
2020-01-18 01:00:00,136.13055555555567
2020-01-18 13:00:00,60.23472222222225
2020-01-19 01:00:00,48.85694444444448
2020-01-19 13:00:00,45.93333333333336
2020-01-20 01:00:00,78.30833333333334
2020-01-20 13:00:00,70.5
2020-01-21 01:00:00,151.57777777777775
2020-01-21 13:00:00,209.09444444444472
2020-01-22 01:00:00,216.79027777777773
2020-01-22 13:00:00,52.46527777777779
2020-01-23 01:00:00,81.77638888888889
2020-01-23 13:00:00,149.14722222222238
2020-01-24 01:00:00,101.06944444444441
2020-01-24 13:00:00,156.11111111111111
2020-01-25 01:00:00,149.38611111111106
2020-01-25 13:00:00,237.21111111111063
2020-01-26 01:00:00,17.802777777777802
2020-01-26 13:00:00,213.82916666666645
2020-01-27 01:00:00,60.88194444444447
2020-01-27 13:00:00,103.2416666666667
2020-01-28 01:00:00,217.58732394366206
2020-01-28 13:00:00,176.24583333333334
2020-01-29 01:00:00,156.15833333333333
2020-01-29 13:00:00,99.04027777777773
2020-01-30 01:00:00,97.4111111111111
2020-01-30 13:00:00,194.40972222222203
2020-01-31 01:00:00,178.3319444444445
2020-01-31 13:00:00,119.99305555555559
2020-02-01 01:00:00,122.74305555555553
2020-02-01 13:00:00,141.50277777777777
2020-02-02 01:00:00,114.13888888888879
2020-02-02 13:00:00,128.79166666666663
2020-02-03 01:00:00,149.35277777777773
2020-02-03 13:00:00,60.63750000000002
2020-02-04 01:00:00,195.40138888888885
2020-02-04 13:00:00,52.836111111111116
2020-02-05 01:00:00,48.125000000000014
2020-02-05 13:00:00,42.96249999999999
2020-02-06 01:00:00,50.74861111111111
2020-02-06 13:00:00,64.05138888888888
2020-02-07 01:00:00,74.1236111111111
2020-02-07 13:00:00,73.06111111111112
2020-02-08 01:00:00,265.27083333333337
2020-02-08 13:00:00,279.08750000000003
2020-02-09 01:00:00,254.74084507042235
2020-02-09 13:00:00,159.225
2020-02-10 01:00:00,199.02777777777771
2020-02-10 13:00:00,119.5388888888889
2020-02-11 01:00:00,189.33333333333331
2020-02-11 13:00:00,160.95
2020-02-12 01:00:00,109.25694444444451
2020-02-12 13:00:00,279.6694444444447
2020-02-13 01:00:00,153.96111111111117
2020-02-13 13:00:00,234.54166666666663
2020-02-14 01:00:00,209.03611111111115
2020-02-14 13:00:00,68.3763888888889
2020-02-15 01:00:00,57.26527777777773
2020-02-15 13:00:00,203.1249999999999
2020-02-16 01:00:00,239.79583333333332
2020-02-16 13:00:00,231.15555555555525
2020-02-17 01:00:00,208.07083333333335
2020-02-17 13:00:00,159.3124999999999
2020-02-18 01:00:00,100.16716417910449
2020-02-18 13:00:00,46.76249999999994
2020-02-19 01:00:00,98.63472222222225
2020-02-19 13:00:00,218.32361111111095
2020-02-20 01:00:00,60.97638888888886
2020-02-20 13:00:00,58.31805555555555
2020-02-21 01:00:00,159.82638888888894
2020-02-21 13:00:00,69.83943661971828
2020-02-22 01:00:00,73.48333333333329
2020-02-22 13:00:00,142.24722222222218
2020-02-23 01:00:00,182.08055555555563
2020-02-23 13:00:00,158.69444444444449
2020-02-24 01:00:00,72.25833333333337
2020-02-24 13:00:00,100.48611111111121
2020-02-25 01:00:00,216.5888888888887
2020-02-25 13:00:00,192.34444444444432
2020-02-26 01:00:00,175.5388888888889
2020-02-26 13:00:00,74.7902777777778
2020-02-27 01:00:00,63.30138888888887
2020-02-27 13:00:00,153.60833333333338
2020-02-28 01:00:00,132.13194444444434
2020-02-28 13:00:00,51.806944444444476
2020-02-29 01:00:00,130.02361111111108
2020-02-29 13:00:00,202.0500000000001
2020-03-01 01:00:00,198.0333333333332
2020-03-01 13:00:00,228.27083333333334
2020-03-02 01:00:00,169.7361111111111
2020-03-02 13:00:00,199.74861111111105
2020-03-03 01:00:00,198.2888888888887
2020-03-03 13:00:00,205.00138888888898
2020-03-04 01:00:00,58.485915492957744
2020-03-04 13:00:00,56.89444444444444
2020-03-05 01:00:00,100.7763888888889
2020-03-05 13:00:00,240.45416666666677
2020-03-06 01:00:00,258.0194444444444
2020-03-06 13:00:00,201.6013888888887
2020-03-07 01:00:00,67.34166666666664
2020-03-07 13:00:00,51.901388888888896
2020-03-08 01:00:00,65.7013888888889
2020-03-08 13:00:00,169.2472222222222
2020-03-09 01:00:00,248.61527777777772
2020-03-09 13:00:00,229.7861111111111
2020-03-10 01:00:00,65.96111111111112
2020-03-10 13:00:00,81.60277777777779
2020-03-11 01:00:00,138.99166666666667
2020-03-11 13:00:00,56.156944444444406
2020-03-12 01:00:00,186.4847222222222
2020-03-12 13:00:00,153.59166666666675
2020-03-13 01:00:00,86.54027777777782
2020-03-13 13:00:00,187.32638888888894
2020-03-14 01:00:00,107.93611111111113
2020-03-14 13:00:00,200.27777777777783
2020-03-15 01:00:00,231.91944444444445
2020-03-15 13:00:00,300.1166666666668
2020-03-16 01:00:00,298.888732394366
2020-03-16 13:00:00,257.80555555555577
2020-03-17 01:00:00,165.94861111111106
2020-03-17 13:00:00,25.938888888888837
2020-03-18 01:00:00,78.25416666666665
2020-03-18 13:00:00,263.3749999999997
2020-03-19 01:00:00,283.8374999999998
2020-03-19 13:00:00,221.82638888888872
2020-03-20 01:00:00,228.20555555555543
2020-03-20 13:00:00,244.84583333333364
2020-03-21 01:00:00,129.93750000000009
2020-03-21 13:00:00,78.52499999999998
2020-03-22 01:00:00,49.986111111111114
2020-03-22 13:00:00,89.53939393939392
2020-03-23 01:00:00,81.2277777777777
2020-03-23 13:00:00,202.37083333333342
2020-03-24 01:00:00,227.27777777777783
2020-03-24 13:00:00,301.2694444444444
2020-03-25 01:00:00,310.21944444444443
2020-03-25 13:00:00,305.9013888888891
2020-03-26 01:00:00,303.7486111111112
2020-03-26 13:00:00,292.3611111111111
2020-03-27 01:00:00,292.1749999999999
2020-03-27 13:00:00,219.04999999999984
2020-03-28 01:00:00,61.061971830985925
2020-03-28 13:00:00,187.24583333333348
2020-03-29 01:00:00,149.6629629629629
2020-03-29 14:00:00,
2020-03-30 02:00:00,49.54999999999999
2020-03-30 14:00:00,50.561111111111124
2020-03-31 02:00:00,174.34545454545457
2020-03-31 14:00:00,148.4763888888887
2020-04-01 02:00:00,82.72916666666666
2020-04-01 14:00:00,273.52500000000003
2020-04-02 02:00:00,215.55277777777772
2020-04-02 14:00:00,251.13194444444466
2020-04-03 02:00:00,180.89861111111125
2020-04-03 14:00:00,232.2361111111112
2020-04-04 02:00:00,133.93611111111107
2020-04-04 14:00:00,149.8861111111112
2020-04-05 02:00:00,72.07361111111112
2020-04-05 14:00:00,297.2416666666666
2020-04-06 02:00:00,202.2791666666666
2020-04-06 14:00:00,273.81388888888915
2020-04-07 02:00:00,279.76666666666665
2020-04-07 14:00:00,
2020-04-08 02:00:00,265.3983333333334
2020-04-08 14:00:00,266.8638888888887
2020-04-09 02:00:00,126.66805555555555
2020-04-09 14:00:00,252.78888888888898
2020-04-10 02:00:00,51.10138888888888
2020-04-10 14:00:00,64.99722222222238
2020-04-11 02:00:00,32.028169014084504
2020-04-11 14:00:00,208.51111111111098
2020-04-12 02:00:00,240.8569444444443
2020-04-12 14:00:00,231.8958333333333
2020-04-13 02:00:00,159.10694444444445
2020-04-13 14:00:00,118.1861111111111
2020-04-14 02:00:00,74.83888888888883
2020-04-14 14:00:00,53.68888888888894
2020-04-15 02:00:00,81.78472222222223
2020-04-15 14:00:00,93.87499999999996
2020-04-16 02:00:00,166.96249999999998
2020-04-16 14:00:00,237.6055555555555
2020-04-17 02:00:00,102.67083333333328
2020-04-17 14:00:00,79.94999999999995
2020-04-18 02:00:00,250.1819444444444
2020-04-18 14:00:00,105.40416666666654
2020-04-19 02:00:00,88.35972222222219
2020-04-19 14:00:00,211.6583333333333
2020-04-20 02:00:00,293.03611111111127
2020-04-20 14:00:00,306.126388888889
2020-04-21 02:00:00,266.911111111111
2020-04-21 14:00:00,256.37222222222226
2020-04-22 02:00:00,259.5486111111112
2020-04-22 14:00:00,281.6416666666668
2020-04-23 02:00:00,283.97361111111104
2020-04-23 14:00:00,290.43239436619706
2020-04-24 02:00:00,149.6013888888889
2020-04-24 14:00:00,217.11805555555574
2020-04-25 02:00:00,149.44305555555556
2020-04-25 14:00:00,180.30694444444438
2020-04-26 02:00:00,321.0638888888888
2020-04-26 14:00:00,242.27361111111102
2020-04-27 02:00:00,270.55277777777764
2020-04-27 14:00:00,251.37638888888875
2020-04-28 02:00:00,208.92083333333338
2020-04-28 14:00:00,157.92500000000007
2020-04-29 02:00:00,189.38888888888903
2020-04-29 14:00:00,91.87222222222235
2020-04-30 02:00:00,71.66527777777779
2020-04-30 14:00:00,79.41666666666657
2020-05-01 02:00:00,79.39444444444453
2020-05-01 14:00:00,52.00138888888891
2020-05-02 02:00:00,58.73749999999998
2020-05-02 14:00:00,107.78472222222217
2020-05-03 02:00:00,69.53888888888885
2020-05-03 14:00:00,61.2847222222222
2020-05-04 02:00:00,75.24583333333334
2020-05-04 14:00:00,77.90277777777789
2020-05-05 02:00:00,77.53888888888889
2020-05-05 14:00:00,80.95070422535213
2020-05-06 02:00:00,65.8888888888889
2020-05-06 14:00:00,63.15416666666668
2020-05-07 02:00:00,72.21111111111111
2020-05-07 14:00:00,70.10972222222229
2020-05-08 02:00:00,101.9513888888889
2020-05-08 14:00:00,222.02083333333314
2020-05-09 02:00:00,181.79027777777776
2020-05-09 14:00:00,221.12777777777788
2020-05-10 02:00:00,141.43472222222218
2020-05-10 14:00:00,100.96527777777763
2020-05-11 02:00:00,118.51666666666671
2020-05-11 14:00:00,160.16666666666657
2020-05-12 02:00:00,91.27361111111111
2020-05-12 14:00:00,64.66388888888895
2020-05-13 02:00:00,114.76388888888894
2020-05-13 14:00:00,237.98333333333323
2020-05-14 02:00:00,109.68611111111116
2020-05-14 14:00:00,279.3666666666669
2020-05-15 02:00:00,120.74861111111116
2020-05-15 14:00:00,80.82361111111113
2020-05-16 02:00:00,77.23055555555555
2020-05-16 14:00:00,143.8958333333331
2020-05-17 02:00:00,96.56527777777777
2020-05-17 14:00:00,273.62253521126775
2020-05-18 02:00:00,336.9180555555557
2020-05-18 14:00:00,242.48750000000038
2020-05-19 02:00:00,181.4083333333334
2020-05-19 14:00:00,123.96111111111112
2020-05-20 02:00:00,136.42083333333338
2020-05-20 14:00:00,78.24722222222226
2020-05-21 02:00:00,78.47638888888888
2020-05-21 14:00:00,72.92638888888882
2020-05-22 02:00:00,122.38749999999999
2020-05-22 14:00:00,81.56249999999994
2020-05-23 02:00:00,94.42916666666673
2020-05-23 14:00:00,237.40416666666655
2020-05-24 02:00:00,95.69722222222217
2020-05-24 14:00:00,49.55694444444441
2020-05-25 02:00:00,47.71944444444443
2020-05-25 14:00:00,75.98472222222222
2020-05-26 02:00:00,74.71249999999998
2020-05-26 14:00:00,90.79722222222222
2020-05-27 02:00:00,72.40555555555554
2020-05-27 14:00:00,84.2791666666668
2020-05-28 02:00:00,76.59027777777776
2020-05-28 14:00:00,104.71944444444438
2020-05-29 02:00:00,69.29861111111114
2020-05-29 14:00:00,89.81971830985923
2020-05-30 02:00:00,76.52916666666668
2020-05-30 14:00:00,79.44583333333341
2020-05-31 02:00:00,84.30000000000001
2020-05-31 14:00:00,73.0013888888889
2020-06-01 02:00:00,75.3875
2020-06-01 14:00:00,67.64722222222217
2020-06-02 02:00:00,76.6319444444444
2020-06-02 14:00:00,105.12500000000013
2020-06-03 02:00:00,76.00277777777774
2020-06-03 14:00:00,90.15000000000003
2020-06-04 02:00:00,134.9875
2020-06-04 14:00:00,146.89305555555563
2020-06-05 02:00:00,225.49722222222215
2020-06-05 14:00:00,193.5000000000003
2020-06-06 02:00:00,145.56666666666663
2020-06-06 14:00:00,291.88749999999993
2020-06-07 02:00:00,272.386111111111
2020-06-07 14:00:00,201.10972222222222
2020-06-08 02:00:00,167.45833333333334
2020-06-08 14:00:00,159.8208333333335
2020-06-09 02:00:00,88.74166666666666
2020-06-09 14:00:00,130.12222222222215
2020-06-10 02:00:00,90.46250000000002
2020-06-10 14:00:00,167.9577464788733
2020-06-11 02:00:00,151.3180555555557
2020-06-11 14:00:00,144.14583333333337
2020-06-12 02:00:00,97.12222222222226
2020-06-12 14:00:00,80.60972222222227
2020-06-13 02:00:00,85.07083333333337
2020-06-13 14:00:00,62.24583333333336
2020-06-14 02:00:00,70.10833333333335
2020-06-14 14:00:00,83.14027777777771
2020-06-15 02:00:00,75.75277777777772
2020-06-15 14:00:00,70.59444444444443
2020-06-16 02:00:00,74.28333333333333
2020-06-16 14:00:00,70.88750000000003
2020-06-17 02:00:00,81.08749999999996
2020-06-17 14:00:00,86.7194444444444
2020-06-18 02:00:00,89.70000000000002
2020-06-18 14:00:00,91.86527777777773
2020-06-19 02:00:00,129.76250000000005
2020-06-19 14:00:00,194.14166666666688
2020-06-20 02:00:00,145.65138888888885
2020-06-20 14:00:00,74.66944444444447
2020-06-21 02:00:00,76.0736111111111
2020-06-21 14:00:00,73.13472222222224
2020-06-22 02:00:00,69.49583333333334
2020-06-22 14:00:00,65.26478873239435
2020-06-23 02:00:00,68.92083333333332
2020-06-23 14:00:00,60.80555555555557
2020-06-24 02:00:00,78.42361111111111
2020-06-24 14:00:00,67.59166666666661
2020-06-25 02:00:00,121.63749999999997
2020-06-25 14:00:00,293.21111111111077
2020-06-26 02:00:00,168.2916666666668
2020-06-26 14:00:00,227.32222222222228
2020-06-27 02:00:00,182.10416666666686
2020-06-27 14:00:00,121.53611111111114
2020-06-28 02:00:00,91.57222222222222
2020-06-28 14:00:00,170.7902777777777
2020-06-29 02:00:00,115.1611111111111
2020-06-29 14:00:00,89.22222222222224
2020-06-30 02:00:00,108.5750000000001
2020-06-30 14:00:00,222.47638888888872
2020-07-01 02:00:00,219.83194444444453
2020-07-01 14:00:00,245.922222222222
2020-07-02 02:00:00,100.8569444444444
2020-07-02 14:00:00,74.23055555555558
2020-07-03 02:00:00,75.13888888888886
2020-07-03 14:00:00,74.30694444444447
2020-07-04 02:00:00,71.5125
2020-07-04 14:00:00,75.91126760563377
2020-07-05 02:00:00,78.10138888888889
2020-07-05 14:00:00,81.16666666666674
2020-07-06 02:00:00,70.53333333333336
2020-07-06 14:00:00,241.5305555555553
2020-07-07 02:00:00,79.9611111111111
2020-07-07 14:00:00,66.08472222222225
2020-07-08 02:00:00,116.68749999999994
2020-07-08 14:00:00,252.89999999999995
2020-07-09 02:00:00,306.9083333333335
2020-07-09 14:00:00,247.06111111111107
2020-07-10 02:00:00,261.1416666666665
2020-07-10 14:00:00,278.463888888889
2020-07-11 02:00:00,215.32499999999987
2020-07-11 14:00:00,93.63749999999999
2020-07-12 02:00:00,75.58472222222221
2020-07-12 14:00:00,61.40694444444442
2020-07-13 02:00:00,97.57361111111113
2020-07-13 14:00:00,212.85694444444414
2020-07-14 02:00:00,208.6916666666665
2020-07-14 14:00:00,279.547222222222
2020-07-15 02:00:00,252.98333333333343
2020-07-15 14:00:00,60.406944444444434
2020-07-16 02:00:00,28.59444444444444
2020-07-16 14:00:00,60.19154929577466
2020-07-17 02:00:00,48.77361111111114
2020-07-17 14:00:00,122.21944444444453
2020-07-18 02:00:00,90.11388888888892
2020-07-18 14:00:00,169.89722222222227
2020-07-19 02:00:00,65.83333333333336
2020-07-19 14:00:00,192.51388888888889
2020-07-20 02:00:00,190.30138888888882
2020-07-20 14:00:00,86.97916666666653
2020-07-21 02:00:00,87.96388888888889
2020-07-21 14:00:00,65.80277777777788
2020-07-22 02:00:00,97.16666666666667
2020-07-22 14:00:00,307.9763888888891
2020-07-23 02:00:00,139.60555555555536
2020-07-23 14:00:00,125.76944444444423
2020-07-24 02:00:00,114.99305555555556
2020-07-24 14:00:00,293.10138888888866
2020-07-25 02:00:00,106.57083333333327
2020-07-25 14:00:00,81.50138888888877
2020-07-26 02:00:00,76.30000000000003
2020-07-26 14:00:00,78.87916666666678
2020-07-27 02:00:00,62.877777777777766
2020-07-27 14:00:00,195.7527777777778
2020-07-28 02:00:00,299.2000000000001
2020-07-28 14:00:00,204.4277777777778
2020-07-29 02:00:00,212.2295774647887
2020-07-29 14:00:00,288.0388888888891
2020-07-30 02:00:00,203.38611111111112
2020-07-30 14:00:00,175.6624999999997
2020-07-31 02:00:00,114.62361111111113
2020-07-31 14:00:00,75.6055555555556
2020-08-01 02:00:00,111.32500000000005
2020-08-01 14:00:00,206.6819444444447
2020-08-02 02:00:00,300.76250000000016
2020-08-02 14:00:00,267.13333333333316
2020-08-03 02:00:00,255.66805555555553
2020-08-03 14:00:00,285.17916666666656
2020-08-04 02:00:00,153.72222222222223
2020-08-04 14:00:00,139.87222222222223
2020-08-05 02:00:00,68.80833333333337
2020-08-05 14:00:00,75.15277777777777
2020-08-06 02:00:00,68.20416666666668
2020-08-06 14:00:00,79.47222222222213
2020-08-07 02:00:00,73.22777777777779
2020-08-07 14:00:00,193.2694444444444
2020-08-08 02:00:00,124.69305555555565
2020-08-08 14:00:00,55.12361111111105
2020-08-09 02:00:00,26.759722222222223
2020-08-09 14:00:00,83.66111111111096
2020-08-10 02:00:00,56.136619718309895
2020-08-10 14:00:00,283.6791666666666
2020-08-11 02:00:00,346.1736111111114
2020-08-11 14:00:00,213.24722222222206
2020-08-12 02:00:00,153.81388888888884
2020-08-12 14:00:00,81.00694444444461
2020-08-13 02:00:00,92.40277777777776
2020-08-13 14:00:00,203.4777777777779
2020-08-14 02:00:00,90.88472222222225
2020-08-14 14:00:00,77.55000000000011
2020-08-15 02:00:00,100.39305555555545
2020-08-15 14:00:00,78.1083333333333
2020-08-16 02:00:00,64.60555555555555
2020-08-16 14:00:00,136.61805555555537
2020-08-17 02:00:00,165.50277777777788
2020-08-17 14:00:00,258.6902777777778
2020-08-18 02:00:00,107.19861111111118
2020-08-18 14:00:00,83.95138888888886
2020-08-19 02:00:00,77.45138888888886
2020-08-19 14:00:00,72.71666666666674
2020-08-20 02:00:00,71.0597222222222
2020-08-20 14:00:00,53.01944444444441
2020-08-21 02:00:00,70.14583333333331
2020-08-21 14:00:00,203.77499999999995
2020-08-22 02:00:00,214.8408450704224
2020-08-22 14:00:00,241.01944444444442
2020-08-23 02:00:00,118.7194444444444
2020-08-23 14:00:00,74.38472222222218
2020-08-24 02:00:00,78.16250000000007
2020-08-24 14:00:00,96.55833333333337
2020-08-25 02:00:00,67.18611111111113
2020-08-25 14:00:00,87.39027777777775
2020-08-26 02:00:00,164.0236111111111
2020-08-26 14:00:00,139.67222222222225
2020-08-27 02:00:00,143.2513888888889
2020-08-27 14:00:00,232.9472222222222
2020-08-28 02:00:00,229.41666666666666
2020-08-28 14:00:00,212.98472222222205
2020-08-29 02:00:00,204.1416666666667
2020-08-29 14:00:00,222.34861111111138
2020-08-30 02:00:00,220.41250000000002
2020-08-30 14:00:00,211.21250000000015
2020-08-31 02:00:00,95.69305555555549
2020-08-31 14:00:00,141.88333333333338
2020-09-01 02:00:00,97.66527777777773
2020-09-01 14:00:00,62.38194444444437
2020-09-02 02:00:00,56.39583333333336
2020-09-02 14:00:00,248.99154929577458
2020-09-03 02:00:00,294.13194444444434
2020-09-03 14:00:00,82.00416666666673
2020-09-04 02:00:00,71.96527777777779
2020-09-04 14:00:00,75.13611111111102
2020-09-05 02:00:00,85.75555555555557
2020-09-05 14:00:00,214.69722222222217
2020-09-06 02:00:00,219.05555555555557
2020-09-06 14:00:00,137.75972222222205
2020-09-07 02:00:00,56.81527777777777
2020-09-07 14:00:00,72.42361111111109
2020-09-08 02:00:00,107.66388888888886
2020-09-08 14:00:00,77.90138888888879
2020-09-09 02:00:00,82.32777777777778
2020-09-09 14:00:00,255.75555555555547
2020-09-10 02:00:00,179.98194444444448
2020-09-10 14:00:00,71.08750000000005
2020-09-11 02:00:00,84.35833333333329
2020-09-11 14:00:00,278.2416666666666
2020-09-12 02:00:00,244.98333333333323
2020-09-12 14:00:00,125.52083333333364
2020-09-13 02:00:00,39.68611111111112
2020-09-13 14:00:00,214.24999999999994
2020-09-14 02:00:00,88.11805555555553
2020-09-14 14:00:00,292.08611111111105
2020-09-15 02:00:00,283.1028169014085
2020-09-15 14:00:00,250.71944444444463
2020-09-16 02:00:00,242.27638888888907
2020-09-16 14:00:00,189.34999999999988
2020-09-17 02:00:00,142.0194444444443
2020-09-17 14:00:00,67.48611111111114
2020-09-18 02:00:00,155.25972222222225
2020-09-18 14:00:00,99.88888888888908
2020-09-19 02:00:00,125.18055555555549
2020-09-19 14:00:00,304.8569444444445
2020-09-20 02:00:00,316.36388888888877
2020-09-20 14:00:00,298.3763888888892
2020-09-21 02:00:00,298.84999999999985
2020-09-21 14:00:00,299.025
2020-09-22 02:00:00,301.06944444444457
2020-09-22 14:00:00,194.7194444444445
2020-09-23 02:00:00,194.71388888888885
2020-09-23 14:00:00,101.01111111111128
2020-09-24 02:00:00,92.5888888888889
2020-09-24 14:00:00,59.61805555555561
2020-09-25 02:00:00,114.54999999999998
2020-09-25 14:00:00,191.0541666666666
2020-09-26 02:00:00,112.15833333333327
2020-09-26 14:00:00,226.41111111111132
2020-09-27 02:00:00,307.1478873239438
2020-09-27 14:00:00,282.85277777777776
2020-09-28 02:00:00,240.63472222222228
2020-09-28 14:00:00,184.43333333333365
2020-09-29 02:00:00,99.08888888888895
2020-09-29 14:00:00,46.52777777777778
2020-09-30 02:00:00,47.44166666666666
2020-09-30 14:00:00,71.44027777777778
2020-10-01 02:00:00,75.9611111111111
2020-10-01 14:00:00,211.51666666666662
2020-10-02 02:00:00,185.24583333333342
2020-10-02 14:00:00,202.41250000000025
2020-10-03 02:00:00,205.2624999999999
2020-10-03 14:00:00,220.47638888888898
2020-10-04 02:00:00,130.2208333333332
2020-10-04 14:00:00,86.09583333333325
2020-10-05 02:00:00,74.23472222222213
2020-10-05 14:00:00,83.1388888888889
2020-10-06 02:00:00,152.43888888888884
2020-10-06 14:00:00,103.20833333333354
2020-10-07 02:00:00,84.60000000000008
2020-10-07 14:00:00,76.81527777777778
2020-10-08 02:00:00,76.00972222222221
2020-10-08 14:00:00,70.1444444444444
2020-10-09 02:00:00,66.43802816901416
2020-10-09 14:00:00,75.99027777777775
2020-10-10 02:00:00,97.93888888888888
2020-10-10 14:00:00,266.2208333333334
2020-10-11 02:00:00,96.24027777777786
2020-10-11 14:00:00,268.9791666666664
2020-10-12 02:00:00,74.6972222222222
2020-10-12 14:00:00,73.08472222222221
2020-10-13 02:00:00,79.31666666666666
2020-10-13 14:00:00,91.2027777777779
2020-10-14 02:00:00,136.99444444444444
2020-10-14 14:00:00,125.41250000000004
2020-10-15 02:00:00,143.8402777777779
2020-10-15 14:00:00,165.072222222222
2020-10-16 02:00:00,72.50416666666666
2020-10-16 14:00:00,194.67500000000018
2020-10-17 02:00:00,283.02083333333354
2020-10-17 14:00:00,63.784722222222236
2020-10-18 02:00:00,77.35138888888892
2020-10-18 14:00:00,195.53333333333336
2020-10-19 02:00:00,278.71111111111105
2020-10-19 14:00:00,233.46805555555545
2020-10-20 02:00:00,241.122222222222
2020-10-20 14:00:00,235.8055555555554
2020-10-21 02:00:00,215.69859154929566
2020-10-21 14:00:00,219.25416666666686
2020-10-22 02:00:00,204.81944444444468
2020-10-22 14:00:00,220.8611111111112
2020-10-23 02:00:00,277.98194444444465
2020-10-23 14:00:00,114.59583333333323
2020-10-24 02:00:00,179.52361111111105
2020-10-24 14:00:00,167.0874999999998
2020-10-25 02:00:00,310.51944444444456
2020-10-25 13:00:00,68.73611111111113
2020-10-26 01:00:00,97.23333333333339
2020-10-26 13:00:00,174.2097222222223
2020-10-27 01:00:00,195.33472222222224
2020-10-27 13:00:00,219.09583333333327
2020-10-28 01:00:00,66.1611111111111
2020-10-28 13:00:00,262.8638888888889
2020-10-29 01:00:00,132.26249999999976
2020-10-29 13:00:00,79.74027777777779
2020-10-30 01:00:00,78.1375
2020-10-30 13:00:00,148.2138888888889
2020-10-31 01:00:00,113.3375
2020-10-31 13:00:00,135.13611111111115
2020-11-01 01:00:00,266.5652777777778
2020-11-01 13:00:00,273.16388888888883
2020-11-02 01:00:00,179.26478873239432
2020-11-02 13:00:00,275.7861111111111
2020-11-03 01:00:00,267.99722222222204
2020-11-03 13:00:00,163.8805555555554
2020-11-04 01:00:00,202.58888888888885
2020-11-04 13:00:00,59.1888888888889
2020-11-05 01:00:00,65.29027777777777
2020-11-05 13:00:00,61.362500000000004
2020-11-06 01:00:00,64.37777777777778
2020-11-06 13:00:00,56.90277777777778
2020-11-07 01:00:00,99.51388888888887
2020-11-07 13:00:00,268.5083333333333
2020-11-08 01:00:00,238.66666666666666
2020-11-08 13:00:00,142.31666666666666
2020-11-09 01:00:00,66.50833333333335
2020-11-09 13:00:00,84.89999999999992
2020-11-10 01:00:00,157.3458333333333
2020-11-10 13:00:00,274.26805555555563
2020-11-11 01:00:00,238.06944444444423
2020-11-11 13:00:00,359.5
2020-11-12 01:00:00,359.5
2020-11-12 13:00:00,218.69722222222202
2020-11-13 01:00:00,202.87638888888856
2020-11-13 13:00:00,253.7112676056338
2020-11-14 01:00:00,240.5842105263157
2020-11-14 13:00:00,199.34626865671643
2020-11-15 01:00:00,237.13600000000002
2020-11-15 13:00:00,217.43076923076922
2020-11-16 01:00:00,235.55833333333328
2020-11-16 13:00:00,85.61791044776116
2020-11-17 01:00:00,
2020-11-17 13:00:00,
2020-11-18 01:00:00,
2020-11-18 13:00:00,
2020-11-19 01:00:00,
2020-11-19 13:00:00,
2020-11-20 01:00:00,
2020-11-20 13:00:00,
2020-11-21 01:00:00,
2020-11-21 13:00:00,
2020-11-22 01:00:00,
2020-11-22 13:00:00,
2020-11-23 01:00:00,
2020-11-23 13:00:00,
2020-11-24 01:00:00,
2020-11-24 13:00:00,
2020-11-25 01:00:00,
2020-11-25 13:00:00,
2020-11-26 01:00:00,
2020-11-26 13:00:00,
2020-11-27 01:00:00,
2020-11-27 13:00:00,
2020-11-28 01:00:00,
2020-11-28 13:00:00,
2020-11-29 01:00:00,
2020-11-29 13:00:00,
2020-11-30 01:00:00,
2020-11-30 13:00:00,
2020-12-01 01:00:00,
2020-12-01 13:00:00,
2020-12-02 01:00:00,
2020-12-02 13:00:00,
2020-12-03 01:00:00,
2020-12-03 13:00:00,
2020-12-04 01:00:00,
2020-12-04 13:00:00,
2020-12-05 01:00:00,
2020-12-05 13:00:00,
2020-12-06 01:00:00,
2020-12-06 13:00:00,
2020-12-07 01:00:00,
2020-12-07 13:00:00,
2020-12-08 01:00:00,
2020-12-08 13:00:00,
2020-12-09 01:00:00,
2020-12-09 13:00:00,
2020-12-10 01:00:00,
2020-12-10 13:00:00,
2020-12-11 01:00:00,
2020-12-11 13:00:00,
2020-12-12 01:00:00,
2020-12-12 13:00:00,
2020-12-13 01:00:00,
2020-12-13 13:00:00,
2020-12-14 01:00:00,
2020-12-14 13:00:00,
2020-12-15 01:00:00,
2020-12-15 13:00:00,
2020-12-16 01:00:00,
2020-12-16 13:00:00,
2020-12-17 01:00:00,
2020-12-17 13:00:00,
2020-12-18 01:00:00,
2020-12-18 13:00:00,
2020-12-19 01:00:00,
2020-12-19 13:00:00,
2020-12-20 01:00:00,
2020-12-20 13:00:00,
2020-12-21 01:00:00,
2020-12-21 13:00:00,
2020-12-22 01:00:00,
2020-12-22 13:00:00,
2020-12-23 01:00:00,
2020-12-23 13:00:00,
2020-12-24 01:00:00,
2020-12-24 13:00:00,
2020-12-25 01:00:00,
2020-12-25 13:00:00,
2020-12-26 01:00:00,
2020-12-26 13:00:00,
2020-12-27 01:00:00,
2020-12-27 13:00:00,
2020-12-28 01:00:00,
2020-12-28 13:00:00,
2020-12-29 01:00:00,
2020-12-29 13:00:00,
2020-12-30 01:00:00,
2020-12-30 13:00:00,

