"Time","Global radiation.mean"
2018-12-31 13:00:00,
2019-01-01 01:00:00,67.41527777777777
2019-01-01 13:00:00,67.03750000000002
2019-01-02 01:00:00,38.34583333333334
2019-01-02 13:00:00,27.163888888888895
2019-01-03 01:00:00,66.25833333333334
2019-01-03 13:00:00,71.88749999999999
2019-01-04 01:00:00,39.55555555555555
2019-01-04 13:00:00,26.640277777777776
2019-01-05 01:00:00,41.50694444444445
2019-01-05 13:00:00,21.79583333333333
2019-01-06 01:00:00,46.98611111111112
2019-01-06 13:00:00,29.013888888888896
2019-01-07 01:00:00,86.49444444444445
2019-01-07 13:00:00,77.70694444444445
2019-01-08 01:00:00,51.226388888888884
2019-01-08 13:00:00,28.815277777777787
2019-01-09 01:00:00,73.66249999999998
2019-01-09 13:00:00,75.0222222222222
2019-01-10 01:00:00,15.533333333333335
2019-01-10 13:00:00,17.81267605633803
2019-01-11 01:00:00,53.78055555555556
2019-01-11 13:00:00,51.51666666666666
2019-01-12 01:00:00,29.67083333333333
2019-01-12 13:00:00,26.34166666666666
2019-01-13 01:00:00,51.88611111111111
2019-01-13 13:00:00,78.34166666666665
2019-01-14 01:00:00,73.06527777777778
2019-01-14 13:00:00,53.46250000000002
2019-01-15 01:00:00,76.07361111111112
2019-01-15 13:00:00,80.5902777777777
2019-01-16 01:00:00,72.53472222222223
2019-01-16 13:00:00,79.91249999999987
2019-01-17 01:00:00,75.76944444444445
2019-01-17 13:00:00,45.727777777777796
2019-01-18 01:00:00,7.009722222222222
2019-01-18 13:00:00,15.440277777777785
2019-01-19 01:00:00,38.61805555555556
2019-01-19 13:00:00,34.10972222222223
2019-01-20 01:00:00,43.65833333333333
2019-01-20 13:00:00,43.633333333333326
2019-01-21 01:00:00,29.756944444444443
2019-01-21 13:00:00,31.294444444444448
2019-01-22 01:00:00,26.96388888888889
2019-01-22 13:00:00,35.10563380281691
2019-01-23 01:00:00,29.712500000000002
2019-01-23 13:00:00,42.968055555555566
2019-01-24 01:00:00,26.050000000000004
2019-01-24 13:00:00,34.84166666666666
2019-01-25 01:00:00,29.774999999999995
2019-01-25 13:00:00,29.45555555555556
2019-01-26 01:00:00,103.27916666666667
2019-01-26 13:00:00,68.85972222222225
2019-01-27 01:00:00,92.7625
2019-01-27 13:00:00,62.294444444444444
2019-01-28 01:00:00,17.38472222222222
2019-01-28 13:00:00,22.169444444444448
2019-01-29 01:00:00,44.08888888888888
2019-01-29 13:00:00,27.406944444444445
2019-01-30 01:00:00,45.587500000000006
2019-01-30 13:00:00,54.7513888888889
2019-01-31 01:00:00,16.811111111111106
2019-01-31 13:00:00,23.552777777777777
2019-02-01 01:00:00,64.41944444444445
2019-02-01 13:00:00,61.40277777777774
2019-02-02 01:00:00,50.834722222222226
2019-02-02 13:00:00,62.108333333333285
2019-02-03 01:00:00,10.743055555555559
2019-02-03 13:00:00,32.329577464788755
2019-02-04 01:00:00,50.65000000000001
2019-02-04 13:00:00,58.20555555555549
2019-02-05 01:00:00,27.211111111111116
2019-02-05 13:00:00,18.040277777777778
2019-02-06 01:00:00,81.49444444444447
2019-02-06 13:00:00,119.79027777777772
2019-02-07 01:00:00,122.83611111111112
2019-02-07 13:00:00,117.65694444444443
2019-02-08 01:00:00,59.75555555555555
2019-02-08 13:00:00,58.768055555555534
2019-02-09 01:00:00,44.56666666666667
2019-02-09 13:00:00,104.32361111111113
2019-02-10 01:00:00,49.541666666666664
2019-02-10 13:00:00,56.49583333333335
2019-02-11 01:00:00,9.06388888888889
2019-02-11 13:00:00,24.994444444444458
2019-02-12 01:00:00,106.3236111111111
2019-02-12 13:00:00,70.38888888888887
2019-02-13 01:00:00,125.03472222222223
2019-02-13 13:00:00,76.95555555555553
2019-02-14 01:00:00,58.08888888888888
2019-02-14 13:00:00,90.23749999999991
2019-02-15 01:00:00,41.81830985915493
2019-02-15 13:00:00,66.27777777777773
2019-02-16 01:00:00,135.9861111111111
2019-02-16 13:00:00,134.78333333333333
2019-02-17 01:00:00,146.09166666666664
2019-02-17 13:00:00,139.74722222222215
2019-02-18 01:00:00,145.06944444444446
2019-02-18 13:00:00,138.98055555555555
2019-02-19 01:00:00,145.52916666666667
2019-02-19 13:00:00,143.6069444444444
2019-02-20 01:00:00,139.3611111111111
2019-02-20 13:00:00,109.12083333333328
2019-02-21 01:00:00,139.15833333333333
2019-02-21 13:00:00,136.6166666666666
2019-02-22 01:00:00,25.60416666666666
2019-02-22 13:00:00,40.33055555555557
2019-02-23 01:00:00,162.90138888888887
2019-02-23 13:00:00,153.87361111111116
2019-02-24 01:00:00,155.29722222222225
2019-02-24 13:00:00,144.10000000000002
2019-02-25 01:00:00,68.21527777777777
2019-02-25 13:00:00,117.03194444444433
2019-02-26 01:00:00,53.06666666666667
2019-02-26 13:00:00,95.48611111111097
2019-02-27 01:00:00,152.1125
2019-02-27 13:00:00,151.56478873239422
2019-02-28 01:00:00,173.4944444444444
2019-02-28 13:00:00,163.74722222222215
2019-03-01 01:00:00,71.65138888888889
2019-03-01 13:00:00,103.95972222222211
2019-03-02 01:00:00,58.84444444444445
2019-03-02 13:00:00,102.78749999999995
2019-03-03 01:00:00,150.80833333333334
2019-03-03 13:00:00,119.39305555555545
2019-03-04 01:00:00,154.53611111111115
2019-03-04 13:00:00,143.03333333333327
2019-03-05 01:00:00,133.40555555555554
2019-03-05 13:00:00,136.0541666666666
2019-03-06 01:00:00,176.9555555555556
2019-03-06 13:00:00,170.94861111111106
2019-03-07 01:00:00,83.12361111111112
2019-03-07 13:00:00,129.9555555555554
2019-03-08 01:00:00,140.57222222222222
2019-03-08 13:00:00,45.75972222222225
2019-03-09 01:00:00,155.67361111111114
2019-03-09 13:00:00,144.13194444444437
2019-03-10 01:00:00,150.46666666666667
2019-03-10 13:00:00,78.0208333333332
2019-03-11 01:00:00,14.086111111111107
2019-03-11 13:00:00,22.909859154929585
2019-03-12 01:00:00,135.98055555555555
2019-03-12 13:00:00,142.99305555555554
2019-03-13 01:00:00,159.72361111111107
2019-03-13 13:00:00,153.01111111111103
2019-03-14 01:00:00,170.7972222222222
2019-03-14 13:00:00,95.03611111111107
2019-03-15 01:00:00,176.14861111111108
2019-03-15 13:00:00,114.08611111111097
2019-03-16 01:00:00,100.10000000000001
2019-03-16 13:00:00,86.3819444444444
2019-03-17 01:00:00,209.2
2019-03-17 13:00:00,193.12916666666652
2019-03-18 01:00:00,125.91944444444445
2019-03-18 13:00:00,59.06111111111105
2019-03-19 01:00:00,52.138888888888886
2019-03-19 13:00:00,40.44444444444445
2019-03-20 01:00:00,77.96944444444445
2019-03-20 13:00:00,108.56527777777768
2019-03-21 01:00:00,215.1041666666667
2019-03-21 13:00:00,195.61249999999998
2019-03-22 01:00:00,217.125
2019-03-22 13:00:00,196.75694444444434
2019-03-23 01:00:00,216.8361111111111
2019-03-23 13:00:00,198.06527777777762
2019-03-24 01:00:00,224.87605633802818
2019-03-24 13:00:00,203.85416666666657
2019-03-25 01:00:00,208.15972222222223
2019-03-25 13:00:00,166.51805555555546
2019-03-26 01:00:00,142.84166666666667
2019-03-26 13:00:00,127.85416666666664
2019-03-27 01:00:00,117.64861111111112
2019-03-27 13:00:00,131.4097222222222
2019-03-28 01:00:00,238.4777777777778
2019-03-28 13:00:00,214.23472222222213
2019-03-29 01:00:00,235.94583333333335
2019-03-29 13:00:00,213.15138888888882
2019-03-30 01:00:00,233.50972222222228
2019-03-30 13:00:00,213.74722222222212
2019-03-31 01:00:00,195.180303030303
2019-03-31 14:00:00,273.58333333333366
2019-04-01 02:00:00,177.3444444444445
2019-04-01 14:00:00,270.42083333333386
2019-04-02 02:00:00,173.4069444444444
2019-04-02 14:00:00,257.5583333333338
2019-04-03 02:00:00,126.92500000000001
2019-04-03 14:00:00,186.89166666666654
2019-04-04 02:00:00,143.6972222222222
2019-04-04 14:00:00,183.31944444444437
2019-04-05 02:00:00,75.33521126760563
2019-04-05 14:00:00,43.184722222222234
2019-04-06 02:00:00,194.1583333333333
2019-04-06 14:00:00,295.78472222222246
2019-04-07 02:00:00,168.28333333333336
2019-04-07 14:00:00,200.21388888888882
2019-04-08 02:00:00,175.81111111111113
2019-04-08 14:00:00,141.46527777777766
2019-04-09 02:00:00,172.04444444444442
2019-04-09 14:00:00,171.06944444444443
2019-04-10 02:00:00,148.95694444444442
2019-04-10 14:00:00,97.61666666666655
2019-04-11 02:00:00,76.79444444444445
2019-04-11 14:00:00,103.53333333333329
2019-04-12 02:00:00,21.112499999999997
2019-04-12 14:00:00,33.683333333333344
2019-04-13 02:00:00,33.43055555555555
2019-04-13 14:00:00,64.2541666666666
2019-04-14 02:00:00,55.81388888888889
2019-04-14 14:00:00,87.69722222222215
2019-04-15 02:00:00,160.7763888888889
2019-04-15 14:00:00,248.98750000000024
2019-04-16 02:00:00,212.9375
2019-04-16 14:00:00,311.4549295774652
2019-04-17 02:00:00,185.72916666666663
2019-04-17 14:00:00,302.91250000000025
2019-04-18 02:00:00,213.29305555555558
2019-04-18 14:00:00,227.37361111111102
2019-04-19 02:00:00,208.4777777777778
2019-04-19 14:00:00,280.58888888888924
2019-04-20 02:00:00,221.66111111111115
2019-04-20 14:00:00,318.5972222222224
2019-04-21 02:00:00,221.39166666666668
2019-04-21 14:00:00,321.3194444444448
2019-04-22 02:00:00,220.23611111111111
2019-04-22 14:00:00,301.60694444444476
2019-04-23 02:00:00,103.9013888888889
2019-04-23 14:00:00,189.32222222222217
2019-04-24 02:00:00,189.8888888888889
2019-04-24 14:00:00,229.00416666666706
2019-04-25 02:00:00,186.07500000000002
2019-04-25 14:00:00,307.22777777777833
2019-04-26 02:00:00,130.68888888888887
2019-04-26 14:00:00,245.60138888888923
2019-04-27 02:00:00,140.07638888888889
2019-04-27 14:00:00,85.19861111111106
2019-04-28 02:00:00,230.9083333333333
2019-04-28 14:00:00,225.49305555555551
2019-04-29 02:00:00,118.9056338028169
2019-04-29 14:00:00,65.05833333333322
2019-04-30 02:00:00,34.78333333333333
2019-04-30 14:00:00,138.80138888888882
2019-05-01 02:00:00,131.33194444444445
2019-05-01 14:00:00,245.88750000000027
2019-05-02 02:00:00,236.05833333333328
2019-05-02 14:00:00,339.4097222222227
2019-05-03 02:00:00,148.70138888888889
2019-05-03 14:00:00,214.63472222222217
2019-05-04 02:00:00,184.53611111111113
2019-05-04 14:00:00,155.01944444444436
2019-05-05 02:00:00,77.71249999999999
2019-05-05 14:00:00,127.01388888888886
2019-05-06 02:00:00,57.0638888888889
2019-05-06 14:00:00,85.55972222222219
2019-05-07 02:00:00,217.65277777777777
2019-05-07 14:00:00,210.28888888888886
2019-05-08 02:00:00,253.875
2019-05-08 14:00:00,324.42638888888933
2019-05-09 02:00:00,45.74166666666666
2019-05-09 14:00:00,45.986111111111114
2019-05-10 02:00:00,237.24999999999994
2019-05-10 14:00:00,350.6875000000004
2019-05-11 02:00:00,255.50694444444446
2019-05-11 14:00:00,302.28732394366233
2019-05-12 02:00:00,161.90833333333336
2019-05-12 14:00:00,204.00555555555542
2019-05-13 02:00:00,18.875000000000007
2019-05-13 14:00:00,71.5305555555555
2019-05-14 02:00:00,48.429166666666674
2019-05-14 14:00:00,140.43333333333328
2019-05-15 02:00:00,75.46666666666668
2019-05-15 14:00:00,162.04027777777776
2019-05-16 02:00:00,87.86666666666667
2019-05-16 14:00:00,114.52083333333326
2019-05-17 02:00:00,120.91111111111111
2019-05-17 14:00:00,252.36944444444464
2019-05-18 02:00:00,225.03750000000002
2019-05-18 14:00:00,293.5402777777781
2019-05-19 02:00:00,239.09305555555557
2019-05-19 14:00:00,143.1124999999999
2019-05-20 02:00:00,155.2541666666667
2019-05-20 14:00:00,311.8208333333336
2019-05-21 02:00:00,239.3013888888889
2019-05-21 14:00:00,173.7083333333332
2019-05-22 02:00:00,237.84444444444438
2019-05-22 14:00:00,251.15555555555596
2019-05-23 02:00:00,173.84444444444443
2019-05-23 14:00:00,248.17323943662007
2019-05-24 02:00:00,189.99305555555557
2019-05-24 14:00:00,319.03194444444483
2019-05-25 02:00:00,274.11249999999995
2019-05-25 14:00:00,255.5513888888892
2019-05-26 02:00:00,253.47499999999997
2019-05-26 14:00:00,298.7805555555559
2019-05-27 02:00:00,61.02222222222221
2019-05-27 14:00:00,142.35138888888878
2019-05-28 02:00:00,189.98194444444445
2019-05-28 14:00:00,241.01666666666688
2019-05-29 02:00:00,107.4375
2019-05-29 14:00:00,139.9402777777777
2019-05-30 02:00:00,108.87916666666668
2019-05-30 14:00:00,116.29444444444438
2019-05-31 02:00:00,153.54166666666669
2019-05-31 14:00:00,198.45138888888877
2019-06-01 02:00:00,191.54027777777776
2019-06-01 14:00:00,298.5472222222226
2019-06-02 02:00:00,185.0680555555556
2019-06-02 14:00:00,218.77777777777763
2019-06-03 02:00:00,235.94166666666666
2019-06-03 14:00:00,333.33888888888924
2019-06-04 02:00:00,76.02361111111112
2019-06-04 14:00:00,240.34647887323956
2019-06-05 02:00:00,204.43749999999997
2019-06-05 14:00:00,79.57638888888881
2019-06-06 02:00:00,194.33750000000003
2019-06-06 14:00:00,372.104166666667
2019-06-07 02:00:00,276.2055555555555
2019-06-07 14:00:00,379.7361111111113
2019-06-08 02:00:00,260.66805555555555
2019-06-08 14:00:00,366.3847222222223
2019-06-09 02:00:00,244.4777777777778
2019-06-09 14:00:00,306.45000000000016
2019-06-10 02:00:00,271.1319444444445
2019-06-10 14:00:00,376.90694444444466
2019-06-11 02:00:00,271.2361111111111
2019-06-11 14:00:00,368.6541666666669
2019-06-12 02:00:00,265.78055555555557
2019-06-12 14:00:00,371.17916666666684
2019-06-13 02:00:00,259.81527777777785
2019-06-13 14:00:00,368.84305555555574
2019-06-14 02:00:00,278.2847222222222
2019-06-14 14:00:00,384.263888888889
2019-06-15 02:00:00,267.48749999999995
2019-06-15 14:00:00,354.52500000000015
2019-06-16 02:00:00,255.08194444444442
2019-06-16 14:00:00,296.6125000000003
2019-06-17 02:00:00,175.4943661971831
2019-06-17 14:00:00,198.30416666666656
2019-06-18 02:00:00,229.4944444444444
2019-06-18 14:00:00,333.37361111111136
2019-06-19 02:00:00,247.30833333333328
2019-06-19 14:00:00,390.02916666666687
2019-06-20 02:00:00,232.27916666666664
2019-06-20 14:00:00,331.41805555555567
2019-06-21 02:00:00,139.1361111111111
2019-06-21 14:00:00,239.38472222222248
2019-06-22 02:00:00,225.28333333333336
2019-06-22 14:00:00,260.02638888888913
2019-06-23 02:00:00,129.03611111111113
2019-06-23 14:00:00,154.62222222222215
2019-06-24 02:00:00,138.30138888888885
2019-06-24 14:00:00,205.8694444444444
2019-06-25 02:00:00,251.43333333333328
2019-06-25 14:00:00,323.49444444444464
2019-06-26 02:00:00,250.30138888888885
2019-06-26 14:00:00,371.4305555555557
2019-06-27 02:00:00,255.66805555555558
2019-06-27 14:00:00,369.9680555555555
2019-06-28 02:00:00,270.2097222222223
2019-06-28 14:00:00,412.1394366197185
2019-06-29 02:00:00,260.0916666666667
2019-06-29 14:00:00,378.60694444444465
2019-06-30 02:00:00,255.29861111111111
2019-06-30 14:00:00,393.7250000000003
2019-07-01 02:00:00,251.4486111111111
2019-07-01 14:00:00,385.426388888889
2019-07-02 02:00:00,259.27083333333337
2019-07-02 14:00:00,386.7777777777778
2019-07-03 02:00:00,253.09861111111104
2019-07-03 14:00:00,384.9527777777779
2019-07-04 02:00:00,116.1513888888889
2019-07-04 14:00:00,255.99027777777803
2019-07-05 02:00:00,249.44999999999996
2019-07-05 14:00:00,382.3277777777778
2019-07-06 02:00:00,241.52499999999995
2019-07-06 14:00:00,380.8708333333335
2019-07-07 02:00:00,234.74305555555551
2019-07-07 14:00:00,200.14999999999992
2019-07-08 02:00:00,222.53333333333336
2019-07-08 14:00:00,356.5125000000002
2019-07-09 02:00:00,155.70694444444445
2019-07-09 14:00:00,167.1458333333333
2019-07-10 02:00:00,52.6125
2019-07-10 14:00:00,322.38873239436657
2019-07-11 02:00:00,251.16111111111104
2019-07-11 14:00:00,392.95000000000005
2019-07-12 02:00:00,125.95277777777775
2019-07-12 14:00:00,257.47083333333353
2019-07-13 02:00:00,142.74583333333334
2019-07-13 14:00:00,184.3777777777777
2019-07-14 02:00:00,164.86944444444444
2019-07-14 14:00:00,241.25694444444468
2019-07-15 02:00:00,227.55416666666665
2019-07-15 14:00:00,194.59444444444435
2019-07-16 02:00:00,251.98194444444445
2019-07-16 14:00:00,382.95000000000033
2019-07-17 02:00:00,235.6875
2019-07-17 14:00:00,320.0305555555558
2019-07-18 02:00:00,232.2194444444445
2019-07-18 14:00:00,207.36111111111094
2019-07-19 02:00:00,230.29444444444445
2019-07-19 14:00:00,267.1416666666666
2019-07-20 02:00:00,230.29444444444445
2019-07-20 14:00:00,268.8191176470591
2019-07-21 02:00:00,228.17083333333332
2019-07-21 14:00:00,346.8402777777778
2019-07-22 02:00:00,196.1805555555555
2019-07-22 14:00:00,357.32222222222236
2019-07-23 02:00:00,228.4267605633803
2019-07-23 14:00:00,327.1013888888889
2019-07-24 02:00:00,220.98194444444448
2019-07-24 14:00:00,357.80555555555566
2019-07-25 02:00:00,224.9763888888889
2019-07-25 14:00:00,359.92777777777803
2019-07-26 02:00:00,89.58611111111114
2019-07-26 14:00:00,157.53194444444438
2019-07-27 02:00:00,182.95694444444447
2019-07-27 14:00:00,321.5861111111112
2019-07-28 02:00:00,90.40972222222221
2019-07-28 14:00:00,109.91944444444441
2019-07-29 02:00:00,121.67638888888888
2019-07-29 14:00:00,229.70138888888914
2019-07-30 02:00:00,165.16527777777782
2019-07-30 14:00:00,296.6041666666669
2019-07-31 02:00:00,172.00833333333333
2019-07-31 14:00:00,320.8305555555557
2019-08-01 02:00:00,177.93472222222223
2019-08-01 14:00:00,312.39583333333354
2019-08-02 02:00:00,182.20555555555558
2019-08-02 14:00:00,189.46249999999984
2019-08-03 02:00:00,170.41250000000002
2019-08-03 14:00:00,271.5722222222225
2019-08-04 02:00:00,203.80140845070426
2019-08-04 14:00:00,321.39305555555586
2019-08-05 02:00:00,202.2472222222222
2019-08-05 14:00:00,345.13611111111135
2019-08-06 02:00:00,195.54861111111114
2019-08-06 14:00:00,343.9250000000002
2019-08-07 02:00:00,176.1930555555556
2019-08-07 14:00:00,330.83611111111117
2019-08-08 02:00:00,173.30277777777778
2019-08-08 14:00:00,289.58055555555586
2019-08-09 02:00:00,169.8513888888889
2019-08-09 14:00:00,328.990277777778
2019-08-10 02:00:00,175.31944444444446
2019-08-10 14:00:00,335.7527777777779
2019-08-11 02:00:00,154.06249999999994
2019-08-11 14:00:00,321.8986111111113
2019-08-12 02:00:00,167.57499999999996
2019-08-12 14:00:00,327.7208333333334
2019-08-13 02:00:00,163.2902777777778
2019-08-13 14:00:00,177.84861111111096
2019-08-14 02:00:00,17.75
2019-08-14 14:00:00,120.29583333333319
2019-08-15 02:00:00,171.7166666666667
2019-08-15 14:00:00,315.8319444444448
2019-08-16 02:00:00,147.43521126760567
2019-08-16 14:00:00,165.01249999999993
2019-08-17 02:00:00,142.18611111111113
2019-08-17 14:00:00,291.13750000000033
2019-08-18 02:00:00,155.7
2019-08-18 14:00:00,325.3208333333334
2019-08-19 02:00:00,154.3847222222222
2019-08-19 14:00:00,318.8194444444447
2019-08-20 02:00:00,154.57361111111106
2019-08-20 14:00:00,318.2902777777779
2019-08-21 02:00:00,148.47916666666669
2019-08-21 14:00:00,306.1458333333336
2019-08-22 02:00:00,147.55555555555554
2019-08-22 14:00:00,292.56944444444457
2019-08-23 02:00:00,147.3777777777778
2019-08-23 14:00:00,248.70277777777807
2019-08-24 02:00:00,108.39583333333333
2019-08-24 14:00:00,254.2055555555557
2019-08-25 02:00:00,145.6222222222222
2019-08-25 14:00:00,264.2708333333334
2019-08-26 02:00:00,146.04861111111111
2019-08-26 14:00:00,274.97361111111127
2019-08-27 02:00:00,146.92638888888888
2019-08-27 14:00:00,288.5166666666671
2019-08-28 02:00:00,154.18732394366194
2019-08-28 14:00:00,283.5902777777781
2019-08-29 02:00:00,121.11805555555559
2019-08-29 14:00:00,203.8638888888887
2019-08-30 02:00:00,130.8111111111111
2019-08-30 14:00:00,262.5583333333337
2019-08-31 02:00:00,136.81944444444443
2019-08-31 14:00:00,181.85972222222208
2019-09-01 02:00:00,132.96666666666667
2019-09-01 14:00:00,273.1972222222225
2019-09-02 02:00:00,124.27222222222225
2019-09-02 14:00:00,216.00416666666658
2019-09-03 02:00:00,63.49861111111112
2019-09-03 14:00:00,90.72499999999987
2019-09-04 02:00:00,140.16527777777776
2019-09-04 14:00:00,244.39444444444487
2019-09-05 02:00:00,121.19444444444444
2019-09-05 14:00:00,272.2222222222227
2019-09-06 02:00:00,107.85138888888886
2019-09-06 14:00:00,129.58611111111094
2019-09-07 02:00:00,82.1611111111111
2019-09-07 14:00:00,139.42777777777764
2019-09-08 02:00:00,89.09583333333333
2019-09-08 14:00:00,153.0055555555554
2019-09-09 02:00:00,54.456338028169014
2019-09-09 14:00:00,137.99722222222212
2019-09-10 02:00:00,120.64722222222223
2019-09-10 14:00:00,269.1472222222227
2019-09-11 02:00:00,117.96527777777777
2019-09-11 14:00:00,250.34722222222257
2019-09-12 02:00:00,107.72777777777776
2019-09-12 14:00:00,214.73888888888877
2019-09-13 02:00:00,94.84305555555554
2019-09-13 14:00:00,178.50277777777768
2019-09-14 02:00:00,116.24583333333332
2019-09-14 14:00:00,237.9250000000005
2019-09-15 02:00:00,122.07361111111112
2019-09-15 14:00:00,254.95833333333368
2019-09-16 02:00:00,125.59305555555554
2019-09-16 14:00:00,248.01666666666722
2019-09-17 02:00:00,109.86944444444447
2019-09-17 14:00:00,241.005555555556
2019-09-18 02:00:00,18.180555555555557
2019-09-18 14:00:00,41.583333333333364
2019-09-19 02:00:00,69.85694444444445
2019-09-19 14:00:00,157.50972222222217
2019-09-20 02:00:00,114.6472222222222
2019-09-20 14:00:00,244.5625000000002
2019-09-21 02:00:00,120.50563380281692
2019-09-21 14:00:00,241.97083333333364
2019-09-22 02:00:00,100.37777777777777
2019-09-22 14:00:00,172.58194444444436
2019-09-23 02:00:00,42.90138888888889
2019-09-23 14:00:00,49.212500000000055
2019-09-24 02:00:00,51.27361111111111
2019-09-24 14:00:00,69.91527777777767
2019-09-25 02:00:00,121.01111111111112
2019-09-25 14:00:00,166.2180555555554
2019-09-26 02:00:00,59.33749999999999
2019-09-26 14:00:00,212.72777777777773
2019-09-27 02:00:00,116.60138888888888
2019-09-27 14:00:00,186.69722222222202
2019-09-28 02:00:00,89.08472222222223
2019-09-28 14:00:00,131.64999999999986
2019-09-29 02:00:00,110.89444444444445
2019-09-29 14:00:00,208.8708333333332
2019-09-30 02:00:00,110.83611111111111
2019-09-30 14:00:00,180.6277777777776
2019-10-01 02:00:00,121.85694444444445
2019-10-01 14:00:00,209.43055555555543
2019-10-02 02:00:00,50.18472222222222
2019-10-02 14:00:00,149.3333333333332
2019-10-03 02:00:00,84.61666666666666
2019-10-03 14:00:00,101.67887323943646
2019-10-04 02:00:00,94.01527777777778
2019-10-04 14:00:00,153.05972222222215
2019-10-05 02:00:00,56.031944444444456
2019-10-05 14:00:00,193.7847222222221
2019-10-06 02:00:00,106.67916666666665
2019-10-06 14:00:00,191.6694444444444
2019-10-07 02:00:00,69.80416666666667
2019-10-07 14:00:00,115.87916666666663
2019-10-08 02:00:00,115.90833333333333
2019-10-08 14:00:00,199.76388888888886
2019-10-09 02:00:00,119.26666666666668
2019-10-09 14:00:00,193.6069444444443
2019-10-10 02:00:00,29.65138888888889
2019-10-10 14:00:00,25.961111111111148
2019-10-11 02:00:00,120.74722222222223
2019-10-11 14:00:00,189.6708333333333
2019-10-12 02:00:00,118.32777777777778
2019-10-12 14:00:00,189.3819444444443
2019-10-13 02:00:00,104.48749999999998
2019-10-13 14:00:00,159.27361111111094
2019-10-14 02:00:00,101.33611111111114
2019-10-14 14:00:00,156.16805555555544
2019-10-15 02:00:00,104.1236111111111
2019-10-15 14:00:00,186.16760563380268
2019-10-16 02:00:00,83.04027777777779
2019-10-16 14:00:00,100.64305555555545
2019-10-17 02:00:00,91.79027777777779
2019-10-17 14:00:00,128.42916666666653
2019-10-18 02:00:00,95.9111111111111
2019-10-18 14:00:00,166.18333333333325
2019-10-19 02:00:00,94.74583333333334
2019-10-19 14:00:00,164.9652777777777
2019-10-20 02:00:00,92.75416666666666
2019-10-20 14:00:00,168.9624999999998
2019-10-21 02:00:00,81.53472222222221
2019-10-21 14:00:00,151.45833333333317
2019-10-22 02:00:00,78.97222222222223
2019-10-22 14:00:00,132.66944444444437
2019-10-23 02:00:00,75.58749999999999
2019-10-23 14:00:00,146.53888888888878
2019-10-24 02:00:00,85.86111111111111
2019-10-24 14:00:00,152.40972222222206
2019-10-25 02:00:00,85.0986111111111
2019-10-25 14:00:00,148.38749999999982
2019-10-26 02:00:00,80.9125
2019-10-26 14:00:00,142.15833333333322
2019-10-27 02:00:00,122.89166666666665
2019-10-27 13:00:00,106.58309859154916
2019-10-28 01:00:00,117.53194444444446
2019-10-28 13:00:00,95.13472222222208
2019-10-29 01:00:00,27.534722222222218
2019-10-29 13:00:00,15.0791666666667
2019-10-30 01:00:00,33.56388888888889
2019-10-30 13:00:00,14.366666666666678
2019-10-31 01:00:00,71.55416666666669
2019-10-31 13:00:00,45.4763888888889
2019-11-01 01:00:00,48.863888888888894
2019-11-01 13:00:00,25.422222222222242
2019-11-02 01:00:00,62.40277777777779
2019-11-02 13:00:00,36.48472222222225
2019-11-03 01:00:00,45.28472222222223
2019-11-03 13:00:00,71.80277777777762
2019-11-04 01:00:00,47.46805555555556
2019-11-04 13:00:00,84.34305555555547
2019-11-05 01:00:00,107.05277777777779
2019-11-05 13:00:00,60.704166666666524
2019-11-06 01:00:00,66.09305555555557
2019-11-06 13:00:00,53.01527777777781
2019-11-07 01:00:00,110.1486111111111
2019-11-07 13:00:00,94.72083333333322
2019-11-08 01:00:00,34.84166666666667
2019-11-08 13:00:00,36.60972222222225
2019-11-09 01:00:00,39.973239436619714
2019-11-09 13:00:00,25.077777777777808
2019-11-10 01:00:00,31.573611111111113
2019-11-10 13:00:00,32.836111111111144
2019-11-11 01:00:00,24.213888888888892
2019-11-11 13:00:00,26.44583333333336
2019-11-12 01:00:00,18.295833333333334
2019-11-12 13:00:00,13.576388888888882
2019-11-13 01:00:00,28.975000000000005
2019-11-13 13:00:00,28.115277777777816
2019-11-14 01:00:00,45.911111111111104
2019-11-14 13:00:00,39.38333333333337
2019-11-15 01:00:00,34.925
2019-11-15 13:00:00,28.363888888888905
2019-11-16 01:00:00,29.870833333333337
2019-11-16 13:00:00,23.466666666666693
2019-11-17 01:00:00,38.23888888888889
2019-11-17 13:00:00,28.270833333333368
2019-11-18 01:00:00,85.65416666666665
2019-11-18 13:00:00,77.51527777777771
2019-11-19 01:00:00,100.44166666666666
2019-11-19 13:00:00,60.616666666666596
2019-11-20 01:00:00,8.587499999999999
2019-11-20 13:00:00,13.36249999999999
2019-11-21 01:00:00,63.225352112676056
2019-11-21 13:00:00,41.544444444444466
2019-11-22 01:00:00,93.38333333333333
2019-11-22 13:00:00,70.48749999999993
2019-11-23 01:00:00,64.31944444444443
2019-11-23 13:00:00,57.90138888888883
2019-11-24 01:00:00,54.663888888888884
2019-11-24 13:00:00,43.615277777777784
2019-11-25 01:00:00,29.943055555555564
2019-11-25 13:00:00,18.301388888888898
2019-11-26 01:00:00,27.49861111111111
2019-11-26 13:00:00,17.355555555555576
2019-11-27 01:00:00,47.243055555555564
2019-11-27 13:00:00,39.44305555555559
2019-11-28 01:00:00,36.28333333333333
2019-11-28 13:00:00,23.25694444444448
2019-11-29 01:00:00,72.27222222222221
2019-11-29 13:00:00,56.85138888888891
2019-11-30 01:00:00,50.20277777777777
2019-11-30 13:00:00,38.1861111111111
2019-12-01 01:00:00,82.53888888888888
2019-12-01 13:00:00,66.46805555555554
2019-12-02 01:00:00,20.972222222222225
2019-12-02 13:00:00,4.859722222222218
2019-12-03 01:00:00,47.5394366197183
2019-12-03 13:00:00,40.419444444444444
2019-12-04 01:00:00,27.608333333333334
2019-12-04 13:00:00,54.694444444444436
2019-12-05 01:00:00,10.81388888888889
2019-12-05 13:00:00,11.252777777777775
2019-12-06 01:00:00,57.52638888888888
2019-12-06 13:00:00,54.02916666666666
2019-12-07 01:00:00,42.765277777777776
2019-12-07 13:00:00,41.80277777777779
2019-12-08 01:00:00,45.8625
2019-12-08 13:00:00,50.777777777777786
2019-12-09 01:00:00,31.49305555555556
2019-12-09 13:00:00,16.388888888888903
2019-12-10 01:00:00,15.119444444444444
2019-12-10 13:00:00,21.776388888888896
2019-12-11 01:00:00,39.45694444444445
2019-12-11 13:00:00,22.70000000000001
2019-12-12 01:00:00,10.709722222222222
2019-12-12 13:00:00,7.425000000000001
2019-12-13 01:00:00,15.733333333333333
2019-12-13 13:00:00,21.075000000000006
2019-12-14 01:00:00,39.01111111111112
2019-12-14 13:00:00,68.70277777777775
2019-12-15 01:00:00,64.6549295774648
2019-12-15 13:00:00,56.86527777777782
2019-12-16 01:00:00,68.5611111111111
2019-12-16 13:00:00,30.111111111111118
2019-12-17 01:00:00,62.191666666666656
2019-12-17 13:00:00,62.06666666666662
2019-12-18 01:00:00,62.93194444444444
2019-12-18 13:00:00,57.52222222222214
2019-12-19 01:00:00,54.62499999999999
2019-12-19 13:00:00,45.27361111111112
2019-12-20 01:00:00,55.49583333333334
2019-12-20 13:00:00,44.516666666666694
2019-12-21 01:00:00,10.806944444444445
2019-12-21 13:00:00,16.243055555555586
2019-12-22 01:00:00,19.827777777777776
2019-12-22 13:00:00,15.901388888888915
2019-12-23 01:00:00,17.71805555555556
2019-12-23 13:00:00,25.287500000000012
2019-12-24 01:00:00,42.64027777777777
2019-12-24 13:00:00,39.99166666666666
2019-12-25 01:00:00,32.048611111111114
2019-12-25 13:00:00,26.350000000000033
2019-12-26 01:00:00,51.59166666666667
2019-12-26 13:00:00,33.07222222222222
2019-12-27 01:00:00,24.75633802816901
2019-12-27 13:00:00,27.05277777777779
2019-12-28 01:00:00,27.498611111111117
2019-12-28 13:00:00,17.773611111111123
2019-12-29 01:00:00,9.427777777777779
2019-12-29 13:00:00,10.501388888888888
2019-12-30 01:00:00,74.54027777777779
2019-12-30 13:00:00,68.34999999999998
2019-12-31 01:00:00,41.266666666666666
2019-12-31 13:00:00,23.858333333333338
2020-01-01 01:00:00,77.91249999999998
2020-01-01 13:00:00,61.09583333333333
2020-01-02 01:00:00,79.10000000000001
2020-01-02 13:00:00,72.3152777777778
2020-01-03 01:00:00,81.15694444444445
2020-01-03 13:00:00,70.42916666666665
2020-01-04 01:00:00,68.52638888888889
2020-01-04 13:00:00,69.2361111111111
2020-01-05 01:00:00,81.90416666666667
2020-01-05 13:00:00,59.5
2020-01-06 01:00:00,82.5597222222222
2020-01-06 13:00:00,75.26805555555558
2020-01-07 01:00:00,82.01805555555556
2020-01-07 13:00:00,75.29722222222223
2020-01-08 01:00:00,21.881944444444443
2020-01-08 13:00:00,23.43333333333333
2020-01-09 01:00:00,80.59583333333333
2020-01-09 13:00:00,73.91527777777779
2020-01-10 01:00:00,84.90555555555555
2020-01-10 13:00:00,78.81126760563377
2020-01-11 01:00:00,21.188888888888894
2020-01-11 13:00:00,26.306944444444454
2020-01-12 01:00:00,40.2388888888889
2020-01-12 13:00:00,75.11388888888888
2020-01-13 01:00:00,32.19861111111111
2020-01-13 13:00:00,29.440277777777776
2020-01-14 01:00:00,70.68472222222222
2020-01-14 13:00:00,79.89861111111114
2020-01-15 01:00:00,87.23750000000001
2020-01-15 13:00:00,80.91388888888895
2020-01-16 01:00:00,89.59444444444446
2020-01-16 13:00:00,69.74027777777775
2020-01-17 01:00:00,18.56527777777778
2020-01-17 13:00:00,15.648611111111112
2020-01-18 01:00:00,10.53888888888889
2020-01-18 13:00:00,11.512500000000003
2020-01-19 01:00:00,20.256944444444443
2020-01-19 13:00:00,16.837499999999995
2020-01-20 01:00:00,27.488888888888887
2020-01-20 13:00:00,31.575000000000006
2020-01-21 01:00:00,38.71805555555555
2020-01-21 13:00:00,60.65694444444447
2020-01-22 01:00:00,82.7736111111111
2020-01-22 13:00:00,88.98611111111111
2020-01-23 01:00:00,57.09577464788732
2020-01-23 13:00:00,89.02222222222223
2020-01-24 01:00:00,88.43055555555554
2020-01-24 13:00:00,91.9375
2020-01-25 01:00:00,47.74861111111111
2020-01-25 13:00:00,48.597222222222236
2020-01-26 01:00:00,60.15000000000001
2020-01-26 13:00:00,53.347222222222236
2020-01-27 01:00:00,44.77638888888888
2020-01-27 13:00:00,65.54722222222222
2020-01-28 01:00:00,63.554166666666674
2020-01-28 13:00:00,66.11111111111099
2020-01-29 01:00:00,62.087500000000006
2020-01-29 13:00:00,47.06249999999999
2020-01-30 01:00:00,108.62916666666666
2020-01-30 13:00:00,94.34305555555551
2020-01-31 01:00:00,63.31666666666667
2020-01-31 13:00:00,79.08194444444436
2020-02-01 01:00:00,104.99583333333334
2020-02-01 13:00:00,68.19583333333323
2020-02-02 01:00:00,113.88333333333334
2020-02-02 13:00:00,87.29027777777767
2020-02-03 01:00:00,30.400000000000002
2020-02-03 13:00:00,38.3527777777778
2020-02-04 01:00:00,23.076388888888893
2020-02-04 13:00:00,7.676056338028165
2020-02-05 01:00:00,44.34583333333333
2020-02-05 13:00:00,43.59861111111112
2020-02-06 01:00:00,121.13194444444444
2020-02-06 13:00:00,113.47638888888888
2020-02-07 01:00:00,69.51527777777777
2020-02-07 13:00:00,128.48472222222222
2020-02-08 01:00:00,119.31111111111113
2020-02-08 13:00:00,118.80277777777776
2020-02-09 01:00:00,123.15694444444443
2020-02-09 13:00:00,117.45555555555546
2020-02-10 01:00:00,34.53472222222222
2020-02-10 13:00:00,108.91944444444434
2020-02-11 01:00:00,16.89722222222222
2020-02-11 13:00:00,20.230555555555576
2020-02-12 01:00:00,100.03888888888888
2020-02-12 13:00:00,111.44861111111112
2020-02-13 01:00:00,132.05972222222223
2020-02-13 13:00:00,131.61249999999993
2020-02-14 01:00:00,34.47361111111111
2020-02-14 13:00:00,77.71388888888883
2020-02-15 01:00:00,89.90555555555555
2020-02-15 13:00:00,78.925
2020-02-16 01:00:00,141.2253521126761
2020-02-16 13:00:00,132.4458333333333
2020-02-17 01:00:00,134.4763888888889
2020-02-17 13:00:00,115.94722222222214
2020-02-18 01:00:00,27.734722222222217
2020-02-18 13:00:00,50.759722222222244
2020-02-19 01:00:00,147.35416666666663
2020-02-19 13:00:00,130.61111111111103
2020-02-20 01:00:00,137.22222222222229
2020-02-20 13:00:00,109.62916666666663
2020-02-21 01:00:00,138.08888888888885
2020-02-21 13:00:00,134.11249999999993
2020-02-22 01:00:00,155.26666666666665
2020-02-22 13:00:00,134.28472222222223
2020-02-23 01:00:00,65.25
2020-02-23 13:00:00,107.30416666666656
2020-02-24 01:00:00,48.94305555555556
2020-02-24 13:00:00,100.98472222222215
2020-02-25 01:00:00,77.15416666666667
2020-02-25 13:00:00,105.77499999999988
2020-02-26 01:00:00,115.28750000000001
2020-02-26 13:00:00,43.56944444444444
2020-02-27 01:00:00,110.72361111111114
2020-02-27 13:00:00,111.78888888888882
2020-02-28 01:00:00,56.45555555555555
2020-02-28 13:00:00,86.68873239436616
2020-02-29 01:00:00,102.15833333333336
2020-02-29 13:00:00,125.62777777777774
2020-03-01 01:00:00,61.57222222222221
2020-03-01 13:00:00,57.49722222222221
2020-03-02 01:00:00,167.575
2020-03-02 13:00:00,134.62499999999986
2020-03-03 01:00:00,33.9
2020-03-03 13:00:00,88.52083333333321
2020-03-04 01:00:00,54.8361111111111
2020-03-04 13:00:00,143.53472222222211
2020-03-05 01:00:00,188.24305555555554
2020-03-05 13:00:00,176.92638888888888
2020-03-06 01:00:00,119.20555555555555
2020-03-06 13:00:00,55.430555555555586
2020-03-07 01:00:00,74.70694444444445
2020-03-07 13:00:00,88.30277777777773
2020-03-08 01:00:00,75.56527777777778
2020-03-08 13:00:00,85.09722222222221
2020-03-09 01:00:00,195.9388888888889
2020-03-09 13:00:00,190.0319444444444
2020-03-10 01:00:00,105.55694444444444
2020-03-10 13:00:00,107.9805555555555
2020-03-11 01:00:00,134.40416666666664
2020-03-11 13:00:00,178.58169014084496
2020-03-12 01:00:00,196.13611111111112
2020-03-12 13:00:00,188.7763888888887
2020-03-13 01:00:00,145.88333333333335
2020-03-13 13:00:00,25.516666666666694
2020-03-14 01:00:00,136.38888888888889
2020-03-14 13:00:00,149.34861111111104
2020-03-15 01:00:00,205.07500000000002
2020-03-15 13:00:00,203.5986111111111
2020-03-16 01:00:00,213.65694444444443
2020-03-16 13:00:00,196.46527777777771
2020-03-17 01:00:00,214.5736111111111
2020-03-17 13:00:00,185.0027777777777
2020-03-18 01:00:00,176.05833333333328
2020-03-18 13:00:00,119.48055555555541
2020-03-19 01:00:00,214.29305555555553
2020-03-19 13:00:00,197.5361111111111
2020-03-20 01:00:00,210.4055555555555
2020-03-20 13:00:00,192.49583333333328
2020-03-21 01:00:00,172.28611111111113
2020-03-21 13:00:00,146.84027777777771
2020-03-22 01:00:00,46.53055555555555
2020-03-22 13:00:00,45.35555555555555
2020-03-23 01:00:00,156.98749999999995
2020-03-23 13:00:00,89.92083333333338
2020-03-24 01:00:00,47.29859154929577
2020-03-24 13:00:00,77.56250000000006
2020-03-25 01:00:00,42.713888888888896
2020-03-25 13:00:00,49.112500000000026
2020-03-26 01:00:00,90.73888888888887
2020-03-26 13:00:00,58.92777777777782
2020-03-27 01:00:00,180.8708333333333
2020-03-27 13:00:00,153.51249999999996
2020-03-28 01:00:00,197.40277777777774
2020-03-28 13:00:00,197.10555555555558
2020-03-29 01:00:00,1.3966666666666667
2020-03-29 14:00:00,
2020-03-30 02:00:00,162.6294117647059
2020-03-30 14:00:00,83.90694444444446
2020-03-31 02:00:00,123.9375
2020-03-31 14:00:00,209.6152777777778
2020-04-01 02:00:00,187.7819444444445
2020-04-01 14:00:00,215.72222222222223
2020-04-02 02:00:00,183.21805555555557
2020-04-02 14:00:00,283.7833333333333
2020-04-03 02:00:00,185.06666666666672
2020-04-03 14:00:00,275.4916666666668
2020-04-04 02:00:00,187.78055555555554
2020-04-04 14:00:00,276.86666666666656
2020-04-05 02:00:00,178.18472222222223
2020-04-05 14:00:00,260.64583333333326
2020-04-06 02:00:00,190.32916666666665
2020-04-06 14:00:00,293.913888888889
2020-04-07 02:00:00,202.1845070422535
2020-04-07 14:00:00,305.6069444444446
2020-04-08 02:00:00,193.85277777777776
2020-04-08 14:00:00,298.9472222222225
2020-04-09 02:00:00,197.67916666666667
2020-04-09 14:00:00,298.7125000000001
2020-04-10 02:00:00,193.375
2020-04-10 14:00:00,249.7625000000004
2020-04-11 02:00:00,111.92361111111113
2020-04-11 14:00:00,242.5375000000003
2020-04-12 02:00:00,195.1208333333333
2020-04-12 14:00:00,292.7416666666669
2020-04-13 02:00:00,185.2527777777778
2020-04-13 14:00:00,203.46527777777771
2020-04-14 02:00:00,21.313888888888886
2020-04-14 14:00:00,149.83888888888885
2020-04-15 02:00:00,215.2736111111111
2020-04-15 14:00:00,308.5597222222224
2020-04-16 02:00:00,214.6736111111111
2020-04-16 14:00:00,309.75277777777796
2020-04-17 02:00:00,219.18888888888887
2020-04-17 14:00:00,318.16527777777804
2020-04-18 02:00:00,211.84027777777774
2020-04-18 14:00:00,310.3555555555558
2020-04-19 02:00:00,207.62500000000003
2020-04-19 14:00:00,299.36901408450746
2020-04-20 02:00:00,181.33055555555558
2020-04-20 14:00:00,260.65000000000015
2020-04-21 02:00:00,140.00833333333333
2020-04-21 14:00:00,248.24444444444464
2020-04-22 02:00:00,223.81111111111116
2020-04-22 14:00:00,327.9513888888892
2020-04-23 02:00:00,225.39999999999998
2020-04-23 14:00:00,323.07222222222254
2020-04-24 02:00:00,230.18055555555554
2020-04-24 14:00:00,331.22222222222257
2020-04-25 02:00:00,172.74583333333334
2020-04-25 14:00:00,321.0263888888893
2020-04-26 02:00:00,141.6930555555556
2020-04-26 14:00:00,221.38749999999996
2020-04-27 02:00:00,222.07638888888889
2020-04-27 14:00:00,311.4736111111114
2020-04-28 02:00:00,234.0986111111111
2020-04-28 14:00:00,282.99305555555577
2020-04-29 02:00:00,116.50833333333331
2020-04-29 14:00:00,250.41527777777804
2020-04-30 02:00:00,127.14861111111112
2020-04-30 14:00:00,242.29722222222233
2020-05-01 02:00:00,64.61527777777778
2020-05-01 14:00:00,224.11408450704218
2020-05-02 02:00:00,123.04583333333335
2020-05-02 14:00:00,304.2888888888891
2020-05-03 02:00:00,154.925
2020-05-03 14:00:00,177.20555555555546
2020-05-04 02:00:00,243.36527777777778
2020-05-04 14:00:00,347.03333333333353
2020-05-05 02:00:00,225.8069444444445
2020-05-05 14:00:00,198.01666666666657
2020-05-06 02:00:00,181.46944444444443
2020-05-06 14:00:00,348.87083333333334
2020-05-07 02:00:00,229.73055555555553
2020-05-07 14:00:00,333.551388888889
2020-05-08 02:00:00,253.27499999999998
2020-05-08 14:00:00,349.42500000000035
2020-05-09 02:00:00,243.13333333333335
2020-05-09 14:00:00,350.4805555555558
2020-05-10 02:00:00,238.9375
2020-05-10 14:00:00,286.1097222222225
2020-05-11 02:00:00,144.42916666666667
2020-05-11 14:00:00,227.2055555555554
2020-05-12 02:00:00,39.76388888888889
2020-05-12 14:00:00,153.28472222222217
2020-05-13 02:00:00,235.29305555555553
2020-05-13 14:00:00,280.8722222222224
2020-05-14 02:00:00,149.39014084507042
2020-05-14 14:00:00,144.39166666666654
2020-05-15 02:00:00,187.22361111111107
2020-05-15 14:00:00,339.3930555555558
2020-05-16 02:00:00,177.97500000000002
2020-05-16 14:00:00,182.4333333333333
2020-05-17 02:00:00,187.90694444444443
2020-05-17 14:00:00,164.74583333333325
2020-05-18 02:00:00,209.53055555555557
2020-05-18 14:00:00,347.8138888888891
2020-05-19 02:00:00,86.5125
2020-05-19 14:00:00,101.94722222222218
2020-05-20 02:00:00,27.397222222222226
2020-05-20 14:00:00,69.5194444444444
2020-05-21 02:00:00,259.02916666666664
2020-05-21 14:00:00,317.33055555555586
2020-05-22 02:00:00,275.02083333333337
2020-05-22 14:00:00,352.15277777777817
2020-05-23 02:00:00,151.13194444444446
2020-05-23 14:00:00,278.5347222222224
2020-05-24 02:00:00,116.25555555555557
2020-05-24 14:00:00,298.4541666666668
2020-05-25 02:00:00,174.13194444444446
2020-05-25 14:00:00,218.3499999999999
2020-05-26 02:00:00,121.0638888888889
2020-05-26 14:00:00,241.7845070422537
2020-05-27 02:00:00,92.56527777777775
2020-05-27 14:00:00,183.5638888888889
2020-05-28 02:00:00,260.5680555555555
2020-05-28 14:00:00,217.1902777777777
2020-05-29 02:00:00,180.18194444444444
2020-05-29 14:00:00,188.35833333333323
2020-05-30 02:00:00,208.9569444444444
2020-05-30 14:00:00,319.9500000000003
2020-05-31 02:00:00,126.6513888888889
2020-05-31 14:00:00,176.77500000000003
2020-06-01 02:00:00,92.2513888888889
2020-06-01 14:00:00,238.0625000000002
2020-06-02 02:00:00,271.9222222222222
2020-06-02 14:00:00,252.36805555555586
2020-06-03 02:00:00,236.79444444444445
2020-06-03 14:00:00,227.6680555555557
2020-06-04 02:00:00,236.27638888888885
2020-06-04 14:00:00,300.34166666666687
2020-06-05 02:00:00,70.10138888888888
2020-06-05 14:00:00,102.00138888888884
2020-06-06 02:00:00,215.58333333333337
2020-06-06 14:00:00,348.1305555555557
2020-06-07 02:00:00,238.04444444444445
2020-06-07 14:00:00,367.88472222222254
2020-06-08 02:00:00,249.17183098591545
2020-06-08 14:00:00,163.9222222222221
2020-06-09 02:00:00,134.48888888888888
2020-06-09 14:00:00,183.78749999999997
2020-06-10 02:00:00,236.69583333333333
2020-06-10 14:00:00,273.3333333333334
2020-06-11 02:00:00,299.67777777777786
2020-06-11 14:00:00,297.70833333333326
2020-06-12 02:00:00,280.4930555555555
2020-06-12 14:00:00,371.4583333333336
2020-06-13 02:00:00,285.9458333333334
2020-06-13 14:00:00,387.7972222222224
2020-06-14 02:00:00,282.15972222222223
2020-06-14 14:00:00,393.56111111111136
2020-06-15 02:00:00,101.54305555555555
2020-06-15 14:00:00,281.9319444444447
2020-06-16 02:00:00,87.70416666666665
2020-06-16 14:00:00,178.9944444444444
2020-06-17 02:00:00,191.93194444444444
2020-06-17 14:00:00,186.83888888888882
2020-06-18 02:00:00,114.19444444444441
2020-06-18 14:00:00,292.6611111111113
2020-06-19 02:00:00,287.35
2020-06-19 14:00:00,356.12222222222243
2020-06-20 02:00:00,103.09859154929576
2020-06-20 14:00:00,132.21527777777774
2020-06-21 02:00:00,48.66944444444444
2020-06-21 14:00:00,79.23055555555548
2020-06-22 02:00:00,106.86666666666667
2020-06-22 14:00:00,170.736111111111
2020-06-23 02:00:00,243.72916666666666
2020-06-23 14:00:00,361.0750000000003
2020-06-24 02:00:00,283.00000000000006
2020-06-24 14:00:00,366.2347222222225
2020-06-25 02:00:00,235.10833333333332
2020-06-25 14:00:00,273.80833333333356
2020-06-26 02:00:00,256.6847222222222
2020-06-26 14:00:00,373.2458333333335
2020-06-27 02:00:00,267.2652777777778
2020-06-27 14:00:00,389.2819444444445
2020-06-28 02:00:00,265.66111111111115
2020-06-28 14:00:00,372.54722222222244
2020-06-29 02:00:00,262.66111111111115
2020-06-29 14:00:00,351.8083333333334
2020-06-30 02:00:00,249.3986111111111
2020-06-30 14:00:00,388.9958333333335
2020-07-01 02:00:00,263.5430555555556
2020-07-01 14:00:00,371.1777777777778
2020-07-02 02:00:00,244.19166666666666
2020-07-02 14:00:00,270.83943661971847
2020-07-03 02:00:00,94.95833333333334
2020-07-03 14:00:00,221.9666666666666
2020-07-04 02:00:00,271.05
2020-07-04 14:00:00,347.20694444444456
2020-07-05 02:00:00,268.976388888889
2020-07-05 14:00:00,379.57083333333327
2020-07-06 02:00:00,203.80138888888888
2020-07-06 14:00:00,311.0944444444445
2020-07-07 02:00:00,124.47916666666667
2020-07-07 14:00:00,372.46805555555574
2020-07-08 02:00:00,276.65277777777777
2020-07-08 14:00:00,398.5013888888891
2020-07-09 02:00:00,269.04999999999995
2020-07-09 14:00:00,390.7847222222225
2020-07-10 02:00:00,265.59861111111104
2020-07-10 14:00:00,390.01805555555563
2020-07-11 02:00:00,259.2472222222222
2020-07-11 14:00:00,364.72638888888906
2020-07-12 02:00:00,243.74722222222226
2020-07-12 14:00:00,389.79583333333335
2020-07-13 02:00:00,253.1138888888889
2020-07-13 14:00:00,239.0388888888891
2020-07-14 02:00:00,251.98333333333338
2020-07-14 14:00:00,319.0763888888892
2020-07-15 02:00:00,253.4323943661972
2020-07-15 14:00:00,356.7750000000003
2020-07-16 02:00:00,223.70277777777778
2020-07-16 14:00:00,196.37222222222215
2020-07-17 02:00:00,30.198611111111113
2020-07-17 14:00:00,144.49166666666665
2020-07-18 02:00:00,192.21111111111108
2020-07-18 14:00:00,154.40138888888885
2020-07-19 02:00:00,182.59722222222223
2020-07-19 14:00:00,236.54583333333363
2020-07-20 02:00:00,233.99999999999994
2020-07-20 14:00:00,364.86111111111114
2020-07-21 02:00:00,240.07777777777775
2020-07-21 14:00:00,364.0930555555556
2020-07-22 02:00:00,220.04583333333335
2020-07-22 14:00:00,358.0444444444447
2020-07-23 02:00:00,215.6972222222222
2020-07-23 14:00:00,120.92638888888882
2020-07-24 02:00:00,219.875
2020-07-24 14:00:00,318.8708333333337
2020-07-25 02:00:00,72.96944444444443
2020-07-25 14:00:00,160.4958333333332
2020-07-26 02:00:00,228.39999999999998
2020-07-26 14:00:00,266.11805555555577
2020-07-27 02:00:00,222.84084507042255
2020-07-27 14:00:00,359.7027777777782
2020-07-28 02:00:00,230.52777777777777
2020-07-28 14:00:00,363.92361111111114
2020-07-29 02:00:00,227.9763888888889
2020-07-29 14:00:00,359.02500000000003
2020-07-30 02:00:00,216.1833333333333
2020-07-30 14:00:00,346.9486111111111
2020-07-31 02:00:00,215.85694444444445
2020-07-31 14:00:00,324.076388888889
2020-08-01 02:00:00,210.4902777777778
2020-08-01 14:00:00,343.0472222222226
2020-08-02 02:00:00,227.6777777777778
2020-08-02 14:00:00,349.6736111111113
2020-08-03 02:00:00,143.29583333333332
2020-08-03 14:00:00,275.2805555555558
2020-08-04 02:00:00,158.58333333333337
2020-08-04 14:00:00,95.24166666666659
2020-08-05 02:00:00,112.70833333333333
2020-08-05 14:00:00,126.73611111111101
2020-08-06 02:00:00,118.3125
2020-08-06 14:00:00,231.33750000000015
2020-08-07 02:00:00,209.4
2020-08-07 14:00:00,320.84583333333353
2020-08-08 02:00:00,200.0916666666667
2020-08-08 14:00:00,319.7704225352116
2020-08-09 02:00:00,195.77083333333337
2020-08-09 14:00:00,213.1097222222221
2020-08-10 02:00:00,209.11249999999998
2020-08-10 14:00:00,268.6763888888889
2020-08-11 02:00:00,214.98055555555553
2020-08-11 14:00:00,290.5250000000002
2020-08-12 02:00:00,211.20972222222215
2020-08-12 14:00:00,235.2361111111112
2020-08-13 02:00:00,214.7138888888889
2020-08-13 14:00:00,321.9972222222225
2020-08-14 02:00:00,193.65
2020-08-14 14:00:00,283.6152777777777
2020-08-15 02:00:00,175.43611111111113
2020-08-15 14:00:00,211.511111111111
2020-08-16 02:00:00,199.73194444444445
2020-08-16 14:00:00,308.6347222222223
2020-08-17 02:00:00,205.96944444444446
2020-08-17 14:00:00,276.929166666667
2020-08-18 02:00:00,165.22222222222226
2020-08-18 14:00:00,78.75833333333334
2020-08-19 02:00:00,203.57638888888886
2020-08-19 14:00:00,324.2222222222226
2020-08-20 02:00:00,210.4958333333333
2020-08-20 14:00:00,298.8152777777779
2020-08-21 02:00:00,205.59583333333333
2020-08-21 14:00:00,315.7887323943664
2020-08-22 02:00:00,200.23611111111111
2020-08-22 14:00:00,305.51250000000005
2020-08-23 02:00:00,100.17083333333332
2020-08-23 14:00:00,178.4944444444443
2020-08-24 02:00:00,153.77083333333331
2020-08-24 14:00:00,240.1736111111112
2020-08-25 02:00:00,191.20416666666668
2020-08-25 14:00:00,227.55972222222206
2020-08-26 02:00:00,202.54166666666669
2020-08-26 14:00:00,275.665277777778
2020-08-27 02:00:00,157.85555555555553
2020-08-27 14:00:00,285.26388888888914
2020-08-28 02:00:00,193.51944444444445
2020-08-28 14:00:00,289.54583333333335
2020-08-29 02:00:00,185.24305555555557
2020-08-29 14:00:00,284.56250000000017
2020-08-30 02:00:00,160.8
2020-08-30 14:00:00,192.9277777777776
2020-08-31 02:00:00,49.90277777777778
2020-08-31 14:00:00,76.49583333333328
2020-09-01 02:00:00,182.39305555555558
2020-09-01 14:00:00,215.41249999999988
2020-09-02 02:00:00,186.45555555555558
2020-09-02 14:00:00,271.9250000000004
2020-09-03 02:00:00,170.31527777777777
2020-09-03 14:00:00,212.08450704225345
2020-09-04 02:00:00,192.99444444444447
2020-09-04 14:00:00,232.81805555555593
2020-09-05 02:00:00,185.88055555555556
2020-09-05 14:00:00,271.14444444444484
2020-09-06 02:00:00,186.58333333333334
2020-09-06 14:00:00,270.9833333333336
2020-09-07 02:00:00,137.32222222222222
2020-09-07 14:00:00,190.53888888888875
2020-09-08 02:00:00,176.05555555555557
2020-09-08 14:00:00,254.22777777777821
2020-09-09 02:00:00,179.51388888888883
2020-09-09 14:00:00,246.6666666666669
2020-09-10 02:00:00,159.23749999999998
2020-09-10 14:00:00,242.15416666666704
2020-09-11 02:00:00,152.04305555555558
2020-09-11 14:00:00,248.34305555555582
2020-09-12 02:00:00,167.89444444444445
2020-09-12 14:00:00,242.95000000000013
2020-09-13 02:00:00,155.19583333333333
2020-09-13 14:00:00,210.51249999999985
2020-09-14 02:00:00,158.68055555555557
2020-09-14 14:00:00,226.42499999999978
2020-09-15 02:00:00,149.77638888888887
2020-09-15 14:00:00,231.4861111111113
2020-09-16 02:00:00,138.08591549295772
2020-09-16 14:00:00,195.46527777777766
2020-09-17 02:00:00,132.94305555555556
2020-09-17 14:00:00,206.14027777777767
2020-09-18 02:00:00,40.625
2020-09-18 14:00:00,109.236111111111
2020-09-19 02:00:00,113.11111111111113
2020-09-19 14:00:00,157.75416666666663
2020-09-20 02:00:00,149.6347222222222
2020-09-20 14:00:00,223.70277777777767
2020-09-21 02:00:00,145.09305555555554
2020-09-21 14:00:00,204.06388888888875
2020-09-22 02:00:00,99.89027777777777
2020-09-22 14:00:00,147.13749999999993
2020-09-23 02:00:00,141.0013888888889
2020-09-23 14:00:00,181.7791666666665
2020-09-24 02:00:00,151.57638888888889
2020-09-24 14:00:00,209.43194444444438
2020-09-25 02:00:00,41.455555555555556
2020-09-25 14:00:00,140.28333333333322
2020-09-26 02:00:00,87.11944444444445
2020-09-26 14:00:00,138.02222222222213
2020-09-27 02:00:00,106.79722222222222
2020-09-27 14:00:00,165.07083333333324
2020-09-28 02:00:00,76.4888888888889
2020-09-28 14:00:00,126.75774647887313
2020-09-29 02:00:00,67.07916666666668
2020-09-29 14:00:00,161.71249999999992
2020-09-30 02:00:00,119.74444444444445
2020-09-30 14:00:00,185.0125
2020-10-01 02:00:00,103.25833333333335
2020-10-01 14:00:00,184.23472222222213
2020-10-02 02:00:00,85.32916666666667
2020-10-02 14:00:00,167.28472222222211
2020-10-03 02:00:00,94.1847222222222
2020-10-03 14:00:00,163.77499999999992
2020-10-04 02:00:00,140.72222222222223
2020-10-04 14:00:00,198.38472222222214
2020-10-05 02:00:00,94.32083333333333
2020-10-05 14:00:00,184.73333333333315
2020-10-06 02:00:00,129.29444444444442
2020-10-06 14:00:00,191.80833333333317
2020-10-07 02:00:00,19.99583333333333
2020-10-07 14:00:00,40.8416666666667
2020-10-08 02:00:00,130.01527777777778
2020-10-08 14:00:00,167.94166666666658
2020-10-09 02:00:00,123.4347222222222
2020-10-09 14:00:00,173.5208333333332
2020-10-10 02:00:00,113.375
2020-10-10 14:00:00,176.1972222222221
2020-10-11 02:00:00,21.053521126760565
2020-10-11 14:00:00,44.45138888888892
2020-10-12 02:00:00,15.248611111111112
2020-10-12 14:00:00,26.565277777777798
2020-10-13 02:00:00,33.768055555555556
2020-10-13 14:00:00,49.32222222222222
2020-10-14 02:00:00,74.2875
2020-10-14 14:00:00,149.10416666666663
2020-10-15 02:00:00,31.018055555555552
2020-10-15 14:00:00,29.9152777777778
2020-10-16 02:00:00,46.57638888888889
2020-10-16 14:00:00,51.47777777777778
2020-10-17 02:00:00,86.57083333333334
2020-10-17 14:00:00,133.53472222222214
2020-10-18 02:00:00,80.86944444444445
2020-10-18 14:00:00,146.91249999999997
2020-10-19 02:00:00,114.95416666666665
2020-10-19 14:00:00,164.6902777777777
2020-10-20 02:00:00,110.90277777777777
2020-10-20 14:00:00,158.85416666666666
2020-10-21 02:00:00,97.67500000000001
2020-10-21 14:00:00,152.56249999999997
2020-10-22 02:00:00,111.98611111111111
2020-10-22 14:00:00,159.39583333333326
2020-10-23 02:00:00,95.5638888888889
2020-10-23 14:00:00,149.3746478873239
2020-10-24 02:00:00,25.487499999999997
2020-10-24 14:00:00,15.925000000000031
2020-10-25 02:00:00,45.80694444444446
2020-10-25 13:00:00,46.490277777777806
2020-10-26 01:00:00,104.69583333333333
2020-10-26 13:00:00,101.22916666666656
2020-10-27 01:00:00,129.9888888888889
2020-10-27 13:00:00,34.50833333333336
2020-10-28 01:00:00,39.331944444444446
2020-10-28 13:00:00,105.27083333333324
2020-10-29 01:00:00,70.76111111111112
2020-10-29 13:00:00,44.16805555555558
2020-10-30 01:00:00,97.8236111111111
2020-10-30 13:00:00,57.876388888888805
2020-10-31 01:00:00,103.97222222222223
2020-10-31 13:00:00,97.61666666666656
2020-11-01 01:00:00,80.42638888888888
2020-11-01 13:00:00,91.15833333333329
2020-11-02 01:00:00,95.11249999999998
2020-11-02 13:00:00,84.98888888888878
2020-11-03 01:00:00,93.92499999999998
2020-11-03 13:00:00,76.11388888888877
2020-11-04 01:00:00,33.861111111111114
2020-11-04 13:00:00,10.563888888888881
2020-11-05 01:00:00,25.384507042253524
2020-11-05 13:00:00,13.824999999999994
2020-11-06 01:00:00,47.934722222222234
2020-11-06 13:00:00,24.53333333333335
2020-11-07 01:00:00,99.84583333333333
2020-11-07 13:00:00,86.90972222222216
2020-11-08 01:00:00,78.09027777777779
2020-11-08 13:00:00,80.54027777777773
2020-11-09 01:00:00,39.6375
2020-11-09 13:00:00,21.666666666666682
2020-11-10 01:00:00,17.245833333333334
2020-11-10 13:00:00,12.086111111111105
2020-11-11 01:00:00,16.668055555555558
2020-11-11 13:00:00,13.33333333333333
2020-11-12 01:00:00,39.034722222222214
2020-11-12 13:00:00,51.22638888888891
2020-11-13 01:00:00,29.922222222222224
2020-11-13 13:00:00,26.444444444444454
2020-11-14 01:00:00,28.322222222222226
2020-11-14 13:00:00,25.48472222222225
2020-11-15 01:00:00,16.65833333333334
2020-11-15 13:00:00,23.059722222222238
2020-11-16 01:00:00,35.58194444444445
2020-11-16 13:00:00,13.280555555555553
2020-11-17 01:00:00,23.313888888888883
2020-11-17 13:00:00,29.208450704225367
2020-11-18 01:00:00,70.23055555555555
2020-11-18 13:00:00,72.17222222222216
2020-11-19 01:00:00,17.32638888888889
2020-11-19 13:00:00,17.018055555555566
2020-11-20 01:00:00,15.158333333333331
2020-11-20 13:00:00,5.672222222222219
2020-11-21 01:00:00,86.80138888888888
2020-11-21 13:00:00,75.79722222222225
2020-11-22 01:00:00,73.48611111111111
2020-11-22 13:00:00,71.59166666666665
2020-11-23 01:00:00,88.10416666666666
2020-11-23 13:00:00,63.44861111111106
2020-11-24 01:00:00,82.13749999999999
2020-11-24 13:00:00,69.29166666666663
2020-11-25 01:00:00,13.666666666666668
2020-11-25 13:00:00,11.441666666666668
2020-11-26 01:00:00,20.113888888888887
2020-11-26 13:00:00,22.702777777777786
2020-11-27 01:00:00,17.50833333333333
2020-11-27 13:00:00,14.201388888888884
2020-11-28 01:00:00,14.019444444444446
2020-11-28 13:00:00,11.736111111111112
2020-11-29 01:00:00,57.00694444444444
2020-11-29 13:00:00,24.990277777777774
2020-11-30 01:00:00,48.578873239436625
2020-11-30 13:00:00,45.797222222222224
2020-12-01 01:00:00,26.62361111111111
2020-12-01 13:00:00,20.986111111111118
2020-12-02 01:00:00,29.14444444444444
2020-12-02 13:00:00,14.290277777777773
2020-12-03 01:00:00,14.015277777777778
2020-12-03 13:00:00,13.391666666666664
2020-12-04 01:00:00,18.51805555555556
2020-12-04 13:00:00,19.356944444444448
2020-12-05 01:00:00,41.871428571428574
2020-12-05 13:00:00,34.58055555555557
2020-12-06 01:00:00,52.537499999999994
2020-12-06 13:00:00,34.244444444444454
2020-12-07 01:00:00,44.36527777777778
2020-12-07 13:00:00,42.95972222222224
2020-12-08 01:00:00,17.0625
2020-12-08 13:00:00,20.538888888888888
2020-12-09 01:00:00,12.145833333333336
2020-12-09 13:00:00,13.238888888888889
2020-12-10 01:00:00,34.888888888888886
2020-12-10 13:00:00,19.408333333333342
2020-12-11 01:00:00,10.201388888888888
2020-12-11 13:00:00,7.362500000000001
2020-12-12 01:00:00,10.47777777777778
2020-12-12 13:00:00,8.088732394366195
2020-12-13 01:00:00,70.64705882352942
2020-12-13 13:00:00,26.442857142857143
2020-12-14 01:00:00,
2020-12-14 13:00:00,
2020-12-15 01:00:00,
2020-12-15 13:00:00,
2020-12-16 01:00:00,154.5
2020-12-16 13:00:00,51.39583333333334
2020-12-17 01:00:00,30.529166666666665
2020-12-17 13:00:00,23.687500000000014
2020-12-18 01:00:00,15.636111111111111
2020-12-18 13:00:00,15.057627118644069
2020-12-19 01:00:00,89.72857142857143
2020-12-19 13:00:00,
2020-12-20 01:00:00,
2020-12-20 13:00:00,
2020-12-21 01:00:00,
2020-12-21 13:00:00,
2020-12-22 01:00:00,
2020-12-22 13:00:00,26.14242424242426
2020-12-23 01:00:00,58.17777777777778
2020-12-23 13:00:00,60.39583333333321
2020-12-24 01:00:00,29.57638888888889
2020-12-24 13:00:00,18.63333333333337
2020-12-25 01:00:00,7.8263888888888875
2020-12-25 13:00:00,8.079166666666664
2020-12-26 01:00:00,17.268055555555556
2020-12-26 13:00:00,27.097222222222225
2020-12-27 01:00:00,27.57777777777778
2020-12-27 13:00:00,20.936111111111117
2020-12-28 01:00:00,19.00833333333334
2020-12-28 13:00:00,14.301388888888892
2020-12-29 01:00:00,119.49534883720929
2020-12-29 13:00:00,65.27222222222215
2020-12-30 01:00:00,23.644444444444446
2020-12-30 13:00:00,16.02238805970151

