"Time","Air temperature.mean"
2018-12-31 13:00:00,
2019-01-01 01:00:00,0.7736111111111112
2019-01-01 13:00:00,1.5486111111111116
2019-01-02 01:00:00,1.8083333333333331
2019-01-02 13:00:00,3.2499999999999987
2019-01-03 01:00:00,-0.20555555555555538
2019-01-03 13:00:00,-0.7152777777777777
2019-01-04 01:00:00,-3.2625000000000006
2019-01-04 13:00:00,-2.197222222222221
2019-01-05 01:00:00,-2.831944444444444
2019-01-05 13:00:00,0.8291666666666667
2019-01-06 01:00:00,1.905555555555556
2019-01-06 13:00:00,1.533333333333334
2019-01-07 01:00:00,-3.0041666666666664
2019-01-07 13:00:00,-3.494444444444443
2019-01-08 01:00:00,-2.665277777777777
2019-01-08 13:00:00,1.2902777777777776
2019-01-09 01:00:00,1.1069444444444443
2019-01-09 13:00:00,2.836111111111111
2019-01-10 01:00:00,-1.0249999999999995
2019-01-10 13:00:00,-0.2416666666666667
2019-01-11 01:00:00,0.12777777777777782
2019-01-11 13:00:00,-1.4027777777777777
2019-01-12 01:00:00,-2.2347222222222216
2019-01-12 13:00:00,1.0958333333333332
2019-01-13 01:00:00,1.9361111111111111
2019-01-13 13:00:00,4.341666666666665
2019-01-14 01:00:00,6.231944444444444
2019-01-14 13:00:00,4.94861111111111
2019-01-15 01:00:00,0.35277777777777786
2019-01-15 13:00:00,3.14861111111111
2019-01-16 01:00:00,4.331944444444444
2019-01-16 13:00:00,5.395833333333336
2019-01-17 01:00:00,2.9347222222222222
2019-01-17 13:00:00,9.258333333333335
2019-01-18 01:00:00,4.418055555555554
2019-01-18 13:00:00,1.8569444444444443
2019-01-19 01:00:00,0.5458333333333334
2019-01-19 13:00:00,1.0763888888888868
2019-01-20 01:00:00,0.3069444444444444
2019-01-20 13:00:00,1.2777777777777777
2019-01-21 01:00:00,0.008333333333333364
2019-01-21 13:00:00,0.1555555555555552
2019-01-22 01:00:00,-1.034722222222222
2019-01-22 13:00:00,-1.8166666666666673
2019-01-23 01:00:00,-2.236111111111111
2019-01-23 13:00:00,-1.4958333333333336
2019-01-24 01:00:00,-1.1805555555555556
2019-01-24 13:00:00,-0.851388888888889
2019-01-25 01:00:00,-2.3250000000000006
2019-01-25 13:00:00,-1.7666666666666666
2019-01-26 01:00:00,-2.044444444444444
2019-01-26 13:00:00,-0.8708333333333331
2019-01-27 01:00:00,-3.787499999999999
2019-01-27 13:00:00,0.5000000000000002
2019-01-28 01:00:00,1.7666666666666666
2019-01-28 13:00:00,1.2041666666666664
2019-01-29 01:00:00,1.4069444444444446
2019-01-29 13:00:00,1.526388888888888
2019-01-30 01:00:00,0.44444444444444436
2019-01-30 13:00:00,-0.19027777777777766
2019-01-31 01:00:00,-0.5041666666666668
2019-01-31 13:00:00,0.6138888888888889
2019-02-01 01:00:00,1.3944444444444442
2019-02-01 13:00:00,5.444444444444445
2019-02-02 01:00:00,8.347222222222221
2019-02-02 13:00:00,11.449999999999998
2019-02-03 01:00:00,8.416666666666664
2019-02-03 13:00:00,6.229166666666668
2019-02-04 01:00:00,3.8625000000000003
2019-02-04 13:00:00,4.3805555555555555
2019-02-05 01:00:00,2.366666666666666
2019-02-05 13:00:00,2.7361111111111103
2019-02-06 01:00:00,2.291666666666667
2019-02-06 13:00:00,2.452777777777778
2019-02-07 01:00:00,-1.6958333333333335
2019-02-07 13:00:00,2.184722222222222
2019-02-08 01:00:00,-1.7333333333333334
2019-02-08 13:00:00,0.45555555555555544
2019-02-09 01:00:00,-1.4347222222222222
2019-02-09 13:00:00,1.3708333333333336
2019-02-10 01:00:00,-0.1777777777777778
2019-02-10 13:00:00,7.208333333333332
2019-02-11 01:00:00,6.066666666666667
2019-02-11 13:00:00,4.886111111111112
2019-02-12 01:00:00,4.281944444444444
2019-02-12 13:00:00,3.3652777777777785
2019-02-13 01:00:00,1.2499999999999998
2019-02-13 13:00:00,4.181944444444445
2019-02-14 01:00:00,3.823611111111111
2019-02-14 13:00:00,6.7625
2019-02-15 01:00:00,3.093055555555556
2019-02-15 13:00:00,4.637499999999999
2019-02-16 01:00:00,1.9791666666666667
2019-02-16 13:00:00,5.958333333333333
2019-02-17 01:00:00,0.8027777777777781
2019-02-17 13:00:00,6.71111111111111
2019-02-18 01:00:00,1.2986111111111103
2019-02-18 13:00:00,8.148611111111105
2019-02-19 01:00:00,1.961111111111111
2019-02-19 13:00:00,10.041666666666664
2019-02-20 01:00:00,3.870833333333333
2019-02-20 13:00:00,8.6
2019-02-21 01:00:00,2.8708333333333327
2019-02-21 13:00:00,9.479166666666666
2019-02-22 01:00:00,6.534722222222224
2019-02-22 13:00:00,4.997222222222222
2019-02-23 01:00:00,-2.3527777777777774
2019-02-23 13:00:00,-1.4708333333333332
2019-02-24 01:00:00,-4.430555555555554
2019-02-24 13:00:00,0.49444444444444446
2019-02-25 01:00:00,0.36805555555555564
2019-02-25 13:00:00,3.294444444444445
2019-02-26 01:00:00,4.343055555555556
2019-02-26 13:00:00,11.713888888888892
2019-02-27 01:00:00,4.470833333333333
2019-02-27 13:00:00,7.594444444444444
2019-02-28 01:00:00,5.694444444444445
2019-02-28 13:00:00,15.24027777777778
2019-03-01 01:00:00,7.922222222222223
2019-03-01 13:00:00,11.177777777777774
2019-03-02 01:00:00,6.98888888888889
2019-03-02 13:00:00,7.640277777777779
2019-03-03 01:00:00,5.381944444444445
2019-03-03 13:00:00,11.10277777777778
2019-03-04 01:00:00,7.341666666666667
2019-03-04 13:00:00,16.03333333333333
2019-03-05 01:00:00,8.120833333333335
2019-03-05 13:00:00,10.424999999999995
2019-03-06 01:00:00,6.294444444444444
2019-03-06 13:00:00,11.727777777777781
2019-03-07 01:00:00,8.998611111111114
2019-03-07 13:00:00,17.18472222222222
2019-03-08 01:00:00,12.94027777777778
2019-03-08 13:00:00,13.684722222222224
2019-03-09 01:00:00,7.879166666666667
2019-03-09 13:00:00,13.788888888888886
2019-03-10 01:00:00,14.123611111111106
2019-03-10 13:00:00,15.899999999999999
2019-03-11 01:00:00,9.513888888888891
2019-03-11 13:00:00,4.315277777777777
2019-03-12 01:00:00,3.8486111111111123
2019-03-12 13:00:00,5.3194444444444455
2019-03-13 01:00:00,2.0250000000000004
2019-03-13 13:00:00,8.074999999999998
2019-03-14 01:00:00,5.609722222222222
2019-03-14 13:00:00,9.119444444444445
2019-03-15 01:00:00,7.631944444444445
2019-03-15 13:00:00,12.399999999999999
2019-03-16 01:00:00,12.459722222222224
2019-03-16 13:00:00,10.879166666666665
2019-03-17 01:00:00,10.137500000000003
2019-03-17 13:00:00,18.263888888888893
2019-03-18 01:00:00,10.299999999999999
2019-03-18 13:00:00,8.384722222222223
2019-03-19 01:00:00,5.631944444444446
2019-03-19 13:00:00,8.255555555555553
2019-03-20 01:00:00,4.894444444444444
2019-03-20 13:00:00,8.23731343283582
2019-03-21 01:00:00,4.952777777777777
2019-03-21 13:00:00,9.038888888888886
2019-03-22 01:00:00,3.9500000000000006
2019-03-22 13:00:00,11.630555555555555
2019-03-23 01:00:00,5.770833333333332
2019-03-23 13:00:00,13.331944444444442
2019-03-24 01:00:00,8.227777777777778
2019-03-24 13:00:00,14.83194444444445
2019-03-25 01:00:00,8.348611111111111
2019-03-25 13:00:00,11.365277777777774
2019-03-26 01:00:00,6.751388888888887
2019-03-26 13:00:00,7.422222222222225
2019-03-27 01:00:00,3.2736111111111112
2019-03-27 13:00:00,7.593055555555559
2019-03-28 01:00:00,3.75
2019-03-28 13:00:00,9.845833333333331
2019-03-29 01:00:00,5.2569444444444455
2019-03-29 13:00:00,10.36805555555555
2019-03-30 01:00:00,6.0263888888888895
2019-03-30 13:00:00,12.776388888888883
2019-03-31 01:00:00,5.82121212121212
2019-03-31 14:00:00,16.325000000000003
2019-04-01 02:00:00,7.970833333333331
2019-04-01 14:00:00,16.740277777777774
2019-04-02 02:00:00,6.091666666666666
2019-04-02 14:00:00,15.512500000000008
2019-04-03 02:00:00,8.830555555555556
2019-04-03 14:00:00,16.725000000000005
2019-04-04 02:00:00,9.584722222222224
2019-04-04 14:00:00,17.08194444444445
2019-04-05 02:00:00,10.651388888888889
2019-04-05 14:00:00,9.22777777777777
2019-04-06 02:00:00,4.444444444444444
2019-04-06 14:00:00,13.230555555555556
2019-04-07 02:00:00,7.080555555555555
2019-04-07 14:00:00,17.441666666666666
2019-04-08 02:00:00,11.622222222222222
2019-04-08 14:00:00,14.506944444444441
2019-04-09 02:00:00,11.193055555555555
2019-04-09 14:00:00,17.575000000000006
2019-04-10 02:00:00,11.68055555555556
2019-04-10 14:00:00,16.481944444444448
2019-04-11 02:00:00,11.011111111111113
2019-04-11 14:00:00,8.398611111111105
2019-04-12 02:00:00,5.22222222222222
2019-04-12 14:00:00,5.1097222222222225
2019-04-13 02:00:00,5.698611111111114
2019-04-13 14:00:00,6.152777777777779
2019-04-14 02:00:00,6.3138888888888935
2019-04-14 14:00:00,9.227777777777781
2019-04-15 02:00:00,9.123611111111112
2019-04-15 14:00:00,11.636111111111115
2019-04-16 02:00:00,4.665277777777778
2019-04-16 14:00:00,12.602777777777778
2019-04-17 02:00:00,5.554166666666667
2019-04-17 14:00:00,14.770833333333336
2019-04-18 02:00:00,9.423611111111114
2019-04-18 14:00:00,13.64861111111111
2019-04-19 02:00:00,8.980555555555554
2019-04-19 14:00:00,17.486111111111104
2019-04-20 02:00:00,9.133333333333333
2019-04-20 14:00:00,15.24305555555555
2019-04-21 02:00:00,8.168055555555558
2019-04-21 14:00:00,16.95138888888888
2019-04-22 02:00:00,9.193055555555556
2019-04-22 14:00:00,19.373611111111096
2019-04-23 02:00:00,11.433333333333335
2019-04-23 14:00:00,14.995833333333325
2019-04-24 02:00:00,12.861111111111112
2019-04-24 14:00:00,20.695833333333322
2019-04-25 02:00:00,14.297222222222217
2019-04-25 14:00:00,22.45
2019-04-26 02:00:00,15.579166666666671
2019-04-26 14:00:00,24.24444444444445
2019-04-27 02:00:00,14.395833333333334
2019-04-27 14:00:00,12.318055555555553
2019-04-28 02:00:00,11.084722222222224
2019-04-28 14:00:00,14.65138888888889
2019-04-29 02:00:00,9.011111111111113
2019-04-29 14:00:00,10.61805555555556
2019-04-30 02:00:00,9.004166666666668
2019-04-30 14:00:00,11.220833333333335
2019-05-01 02:00:00,12.230555555555554
2019-05-01 14:00:00,15.35555555555555
2019-05-02 02:00:00,12.115277777777775
2019-05-02 14:00:00,19.58472222222223
2019-05-03 02:00:00,13.833333333333336
2019-05-03 14:00:00,17.033333333333328
2019-05-04 02:00:00,11.654166666666667
2019-05-04 14:00:00,15.745833333333328
2019-05-05 02:00:00,10.981944444444448
2019-05-05 14:00:00,6.404166666666663
2019-05-06 02:00:00,5.4208333333333325
2019-05-06 14:00:00,6.545833333333333
2019-05-07 02:00:00,7.808333333333334
2019-05-07 14:00:00,10.506944444444441
2019-05-08 02:00:00,7.181944444444444
2019-05-08 14:00:00,15.462499999999999
2019-05-09 02:00:00,10.697222222222225
2019-05-09 14:00:00,11.497222222222224
2019-05-10 02:00:00,9.698611111111113
2019-05-10 14:00:00,17.79861111111111
2019-05-11 02:00:00,13.011111111111111
2019-05-11 14:00:00,20.738888888888898
2019-05-12 02:00:00,14.53472222222222
2019-05-12 14:00:00,18.694444444444446
2019-05-13 02:00:00,11.522222222222219
2019-05-13 14:00:00,10.791666666666668
2019-05-14 02:00:00,7.127777777777784
2019-05-14 14:00:00,7.162499999999998
2019-05-15 02:00:00,6.731944444444444
2019-05-15 14:00:00,9.241666666666664
2019-05-16 02:00:00,8.387500000000003
2019-05-16 14:00:00,11.299999999999997
2019-05-17 02:00:00,10.598611111111113
2019-05-17 14:00:00,13.736111111111107
2019-05-18 02:00:00,10.206944444444444
2019-05-18 14:00:00,19.309722222222224
2019-05-19 02:00:00,13.929166666666667
2019-05-19 14:00:00,17.961111111111116
2019-05-20 02:00:00,15.64583333333333
2019-05-20 14:00:00,19.172222222222224
2019-05-21 02:00:00,13.116666666666667
2019-05-21 14:00:00,16.54166666666667
2019-05-22 02:00:00,15.193055555555553
2019-05-22 14:00:00,18.251388888888894
2019-05-23 02:00:00,14.69166666666667
2019-05-23 14:00:00,17.09583333333334
2019-05-24 02:00:00,14.069444444444445
2019-05-24 14:00:00,18.86666666666667
2019-05-25 02:00:00,14.481944444444448
2019-05-25 14:00:00,21.476388888888884
2019-05-26 02:00:00,15.608333333333333
2019-05-26 14:00:00,23.31111111111111
2019-05-27 02:00:00,17.231944444444444
2019-05-27 14:00:00,18.377777777777776
2019-05-28 02:00:00,17.868055555555557
2019-05-28 14:00:00,20.544444444444448
2019-05-29 02:00:00,16.53611111111111
2019-05-29 14:00:00,17.69305555555555
2019-05-30 02:00:00,13.097222222222221
2019-05-30 14:00:00,13.341666666666663
2019-05-31 02:00:00,12.462500000000002
2019-05-31 14:00:00,16.709722222222222
2019-06-01 02:00:00,15.884722222222216
2019-06-01 14:00:00,18.201388888888886
2019-06-02 02:00:00,16.14027777777777
2019-06-02 14:00:00,20.327777777777772
2019-06-03 02:00:00,17.131944444444446
2019-06-03 14:00:00,21.606944444444448
2019-06-04 02:00:00,18.705555555555556
2019-06-04 14:00:00,22.219444444444438
2019-06-05 02:00:00,18.46388888888889
2019-06-05 14:00:00,20.187499999999993
2019-06-06 02:00:00,16.351388888888895
2019-06-06 14:00:00,25.172222222222228
2019-06-07 02:00:00,20.441666666666663
2019-06-07 14:00:00,25.831944444444442
2019-06-08 02:00:00,20.56666666666667
2019-06-08 14:00:00,25.83611111111111
2019-06-09 02:00:00,19.46805555555555
2019-06-09 14:00:00,26.00694444444445
2019-06-10 02:00:00,20.805555555555557
2019-06-10 14:00:00,27.61249999999999
2019-06-11 02:00:00,21.741666666666667
2019-06-11 14:00:00,27.355555555555558
2019-06-12 02:00:00,21.458333333333332
2019-06-12 14:00:00,27.56111111111111
2019-06-13 02:00:00,22.666666666666668
2019-06-13 14:00:00,29.936111111111117
2019-06-14 02:00:00,21.861111111111107
2019-06-14 14:00:00,28.123611111111114
2019-06-15 02:00:00,21.83888888888889
2019-06-15 14:00:00,28.947222222222212
2019-06-16 02:00:00,23.01527777777778
2019-06-16 14:00:00,26.558333333333326
2019-06-17 02:00:00,20.043055555555565
2019-06-17 14:00:00,23.625000000000014
2019-06-18 02:00:00,20.518055555555556
2019-06-18 14:00:00,25.975
2019-06-19 02:00:00,20.66388888888889
2019-06-19 14:00:00,26.52361111111112
2019-06-20 02:00:00,21.391666666666666
2019-06-20 14:00:00,26.263888888888875
2019-06-21 02:00:00,21.462500000000006
2019-06-21 14:00:00,24.402777777777782
2019-06-22 02:00:00,21.798611111111097
2019-06-22 14:00:00,24.909722222222207
2019-06-23 02:00:00,17.89305555555556
2019-06-23 14:00:00,22.309722222222213
2019-06-24 02:00:00,19.563888888888894
2019-06-24 14:00:00,22.788888888888884
2019-06-25 02:00:00,20.526388888888896
2019-06-25 14:00:00,27.301388888888887
2019-06-26 02:00:00,23.102777777777774
2019-06-26 14:00:00,29.100000000000005
2019-06-27 02:00:00,23.69027777777778
2019-06-27 14:00:00,29.897222222222226
2019-06-28 02:00:00,23.048611111111114
2019-06-28 14:00:00,24.21388888888889
2019-06-29 02:00:00,17.88611111111111
2019-06-29 14:00:00,24.34583333333334
2019-06-30 02:00:00,19.325000000000003
2019-06-30 14:00:00,26.509722222222216
2019-07-01 02:00:00,21.46527777777778
2019-07-01 14:00:00,30.15000000000001
2019-07-02 02:00:00,23.0625
2019-07-02 14:00:00,29.911111111111115
2019-07-03 02:00:00,22.290277777777774
2019-07-03 14:00:00,26.954166666666673
2019-07-04 02:00:00,20.398611111111112
2019-07-04 14:00:00,19.30694444444444
2019-07-05 02:00:00,18.134722222222226
2019-07-05 14:00:00,26.6888888888889
2019-07-06 02:00:00,21.322222222222226
2019-07-06 14:00:00,28.887499999999996
2019-07-07 02:00:00,24.202777777777783
2019-07-07 14:00:00,22.6888888888889
2019-07-08 02:00:00,19.724999999999998
2019-07-08 14:00:00,23.748611111111114
2019-07-09 02:00:00,18.793055555555558
2019-07-09 14:00:00,21.125000000000004
2019-07-10 02:00:00,16.472222222222214
2019-07-10 14:00:00,18.88472222222222
2019-07-11 02:00:00,14.643055555555557
2019-07-11 14:00:00,21.40972222222223
2019-07-12 02:00:00,15.234722222222224
2019-07-12 14:00:00,21.415277777777774
2019-07-13 02:00:00,18.300000000000004
2019-07-13 14:00:00,18.058333333333334
2019-07-14 02:00:00,17.14444444444445
2019-07-14 14:00:00,20.836111111111116
2019-07-15 02:00:00,16.769444444444442
2019-07-15 14:00:00,21.576388888888893
2019-07-16 02:00:00,16.74722222222222
2019-07-16 14:00:00,23.226388888888888
2019-07-17 02:00:00,17.97222222222222
2019-07-17 14:00:00,24.54444444444445
2019-07-18 02:00:00,18.823611111111106
2019-07-18 14:00:00,24.53472222222222
2019-07-19 02:00:00,19.41944444444444
2019-07-19 14:00:00,24.50909090909091
2019-07-20 02:00:00,19.41944444444444
2019-07-20 14:00:00,25.508064516129032
2019-07-21 02:00:00,20.958333333333332
2019-07-21 14:00:00,28.68472222222223
2019-07-22 02:00:00,22.454166666666673
2019-07-22 14:00:00,26.5125
2019-07-23 02:00:00,20.798611111111118
2019-07-23 14:00:00,28.066666666666666
2019-07-24 02:00:00,20.591666666666672
2019-07-24 14:00:00,26.85277777777777
2019-07-25 02:00:00,21.988888888888894
2019-07-25 14:00:00,28.8611111111111
2019-07-26 02:00:00,19.862500000000004
2019-07-26 14:00:00,24.12083333333334
2019-07-27 02:00:00,20.920833333333334
2019-07-27 14:00:00,29.386111111111113
2019-07-28 02:00:00,20.579166666666666
2019-07-28 14:00:00,22.365277777777784
2019-07-29 02:00:00,18.986111111111114
2019-07-29 14:00:00,23.24999999999999
2019-07-30 02:00:00,20.84305555555556
2019-07-30 14:00:00,27.352777777777764
2019-07-31 02:00:00,23.173611111111114
2019-07-31 14:00:00,27.513888888888875
2019-08-01 02:00:00,21.93611111111111
2019-08-01 14:00:00,26.084722222222226
2019-08-02 02:00:00,21.00555555555555
2019-08-02 14:00:00,24.19861111111111
2019-08-03 02:00:00,19.326388888888886
2019-08-03 14:00:00,23.10555555555555
2019-08-04 02:00:00,18.44027777777778
2019-08-04 14:00:00,22.30694444444444
2019-08-05 02:00:00,17.82916666666667
2019-08-05 14:00:00,24.502777777777784
2019-08-06 02:00:00,18.945833333333333
2019-08-06 14:00:00,27.608333333333334
2019-08-07 02:00:00,22.605555555555558
2019-08-07 14:00:00,29.31944444444444
2019-08-08 02:00:00,22.219444444444434
2019-08-08 14:00:00,25.93472222222223
2019-08-09 02:00:00,21.269444444444442
2019-08-09 14:00:00,27.25694444444445
2019-08-10 02:00:00,22.13472222222222
2019-08-10 14:00:00,29.32916666666666
2019-08-11 02:00:00,22.82083333333334
2019-08-11 14:00:00,28.231944444444444
2019-08-12 02:00:00,23.12638888888889
2019-08-12 14:00:00,30.81666666666667
2019-08-13 02:00:00,22.8375
2019-08-13 14:00:00,25.444444444444443
2019-08-14 02:00:00,17.31805555555555
2019-08-14 14:00:00,18.926388888888887
2019-08-15 02:00:00,15.55833333333333
2019-08-15 14:00:00,20.975
2019-08-16 02:00:00,15.07638888888889
2019-08-16 14:00:00,20.96388888888889
2019-08-17 02:00:00,16.668055555555558
2019-08-17 14:00:00,22.977777777777778
2019-08-18 02:00:00,17.29166666666667
2019-08-18 14:00:00,25.82638888888889
2019-08-19 02:00:00,19.372222222222227
2019-08-19 14:00:00,27.870833333333337
2019-08-20 02:00:00,20.306944444444454
2019-08-20 14:00:00,28.756944444444443
2019-08-21 02:00:00,19.84444444444445
2019-08-21 14:00:00,26.515277777777772
2019-08-22 02:00:00,19.291666666666668
2019-08-22 14:00:00,25.465277777777786
2019-08-23 02:00:00,21.026388888888885
2019-08-23 14:00:00,26.736111111111104
2019-08-24 02:00:00,21.823611111111106
2019-08-24 14:00:00,27.198611111111113
2019-08-25 02:00:00,21.490277777777784
2019-08-25 14:00:00,26.754166666666674
2019-08-26 02:00:00,21.898611111111116
2019-08-26 14:00:00,25.78194444444445
2019-08-27 02:00:00,20.75694444444444
2019-08-27 14:00:00,26.74027777777778
2019-08-28 02:00:00,20.893055555555563
2019-08-28 14:00:00,27.613888888888894
2019-08-29 02:00:00,19.63333333333333
2019-08-29 14:00:00,26.359722222222224
2019-08-30 02:00:00,18.75555555555555
2019-08-30 14:00:00,27.68472222222222
2019-08-31 02:00:00,20.711111111111112
2019-08-31 14:00:00,26.88194444444445
2019-09-01 02:00:00,19.26805555555556
2019-09-01 14:00:00,27.013888888888893
2019-09-02 02:00:00,17.797222222222217
2019-09-02 14:00:00,27.204166666666676
2019-09-03 02:00:00,17.465277777777775
2019-09-03 14:00:00,16.479166666666668
2019-09-04 02:00:00,13.070833333333331
2019-09-04 14:00:00,19.11666666666667
2019-09-05 02:00:00,13.11944444444444
2019-09-05 14:00:00,21.615277777777766
2019-09-06 02:00:00,15.163888888888888
2019-09-06 14:00:00,22.337500000000002
2019-09-07 02:00:00,15.559722222222222
2019-09-07 14:00:00,19.191666666666677
2019-09-08 02:00:00,15.968055555555559
2019-09-08 14:00:00,19.954166666666666
2019-09-09 02:00:00,16.95416666666667
2019-09-09 14:00:00,16.50833333333333
2019-09-10 02:00:00,12.706944444444446
2019-09-10 14:00:00,18.61388888888889
2019-09-11 02:00:00,14.106944444444448
2019-09-11 14:00:00,22.68472222222222
2019-09-12 02:00:00,17.236111111111107
2019-09-12 14:00:00,22.361111111111104
2019-09-13 02:00:00,16.40972222222222
2019-09-13 14:00:00,21.672222222222228
2019-09-14 02:00:00,16.34722222222222
2019-09-14 14:00:00,22.25972222222222
2019-09-15 02:00:00,14.479166666666666
2019-09-15 14:00:00,20.997222222222227
2019-09-16 02:00:00,14.119444444444447
2019-09-16 14:00:00,22.901388888888906
2019-09-17 02:00:00,16.134722222222223
2019-09-17 14:00:00,23.615277777777777
2019-09-18 02:00:00,15.544444444444439
2019-09-18 14:00:00,13.92916666666666
2019-09-19 02:00:00,12.183333333333337
2019-09-19 14:00:00,14.372222222222218
2019-09-20 02:00:00,7.870833333333334
2019-09-20 14:00:00,12.761111111111111
2019-09-21 02:00:00,6.748611111111111
2019-09-21 14:00:00,14.03611111111111
2019-09-22 02:00:00,6.881944444444445
2019-09-22 14:00:00,18.836111111111116
2019-09-23 02:00:00,14.425000000000004
2019-09-23 14:00:00,16.690277777777773
2019-09-24 02:00:00,13.48194444444444
2019-09-24 14:00:00,15.063888888888888
2019-09-25 02:00:00,15.23055555555555
2019-09-25 14:00:00,18.516666666666666
2019-09-26 02:00:00,15.19722222222222
2019-09-26 14:00:00,17.329166666666666
2019-09-27 02:00:00,13.047222222222224
2019-09-27 14:00:00,18.540277777777774
2019-09-28 02:00:00,14.270833333333336
2019-09-28 14:00:00,20.331944444444446
2019-09-29 02:00:00,14.577777777777783
2019-09-29 14:00:00,20.052777777777774
2019-09-30 02:00:00,16.34027777777777
2019-09-30 14:00:00,21.288888888888895
2019-10-01 02:00:00,15.654166666666665
2019-10-01 14:00:00,19.461111111111116
2019-10-02 02:00:00,15.123611111111112
2019-10-02 14:00:00,20.24583333333333
2019-10-03 02:00:00,11.979166666666664
2019-10-03 14:00:00,12.876388888888892
2019-10-04 02:00:00,10.630555555555553
2019-10-04 14:00:00,11.723611111111113
2019-10-05 02:00:00,7.734722222222223
2019-10-05 14:00:00,13.933333333333334
2019-10-06 02:00:00,9.552777777777782
2019-10-06 14:00:00,11.143055555555554
2019-10-07 02:00:00,6.0875
2019-10-07 14:00:00,10.62361111111111
2019-10-08 02:00:00,7.220833333333333
2019-10-08 14:00:00,10.576388888888888
2019-10-09 02:00:00,7.5680555555555555
2019-10-09 14:00:00,16.351388888888884
2019-10-10 02:00:00,12.463888888888889
2019-10-10 14:00:00,11.758333333333335
2019-10-11 02:00:00,7.91111111111111
2019-10-11 14:00:00,13.529166666666665
2019-10-12 02:00:00,7.972222222222224
2019-10-12 14:00:00,15.706944444444446
2019-10-13 02:00:00,10.676388888888887
2019-10-13 14:00:00,16.434722222222227
2019-10-14 02:00:00,10.719444444444445
2019-10-14 14:00:00,17.31249999999999
2019-10-15 02:00:00,11.124999999999998
2019-10-15 14:00:00,16.452777777777783
2019-10-16 02:00:00,10.906944444444443
2019-10-16 14:00:00,18.218055555555548
2019-10-17 02:00:00,12.216666666666661
2019-10-17 14:00:00,16.520833333333332
2019-10-18 02:00:00,11.5125
2019-10-18 14:00:00,16.384722222222216
2019-10-19 02:00:00,10.713888888888887
2019-10-19 14:00:00,16.11666666666667
2019-10-20 02:00:00,10.336111111111114
2019-10-20 14:00:00,17.037499999999994
2019-10-21 02:00:00,11.3625
2019-10-21 14:00:00,18.911111111111115
2019-10-22 02:00:00,12.715277777777777
2019-10-22 14:00:00,18.230555555555554
2019-10-23 02:00:00,10.044444444444444
2019-10-23 14:00:00,16.4875
2019-10-24 02:00:00,8.96666666666667
2019-10-24 14:00:00,16.15694444444444
2019-10-25 02:00:00,9.079166666666667
2019-10-25 14:00:00,16.12638888888889
2019-10-26 02:00:00,8.927777777777779
2019-10-26 14:00:00,14.451388888888886
2019-10-27 02:00:00,8.244444444444447
2019-10-27 13:00:00,13.230555555555556
2019-10-28 01:00:00,8.865277777777777
2019-10-28 13:00:00,14.769444444444442
2019-10-29 01:00:00,10.762499999999996
2019-10-29 13:00:00,8.31388888888889
2019-10-30 01:00:00,8.04027777777778
2019-10-30 13:00:00,7.365277777777777
2019-10-31 01:00:00,5.8555555555555525
2019-10-31 13:00:00,6.9222222222222225
2019-11-01 01:00:00,2.9999999999999996
2019-11-01 13:00:00,7.522222222222224
2019-11-02 01:00:00,6.25277777777778
2019-11-02 13:00:00,11.727777777777781
2019-11-03 01:00:00,12.451388888888893
2019-11-03 13:00:00,15.90972222222222
2019-11-04 01:00:00,14.516666666666664
2019-11-04 13:00:00,10.879166666666666
2019-11-05 01:00:00,13.419444444444443
2019-11-05 13:00:00,17.751388888888886
2019-11-06 01:00:00,12.505555555555555
2019-11-06 13:00:00,12.940277777777778
2019-11-07 01:00:00,10.665277777777778
2019-11-07 13:00:00,10.143055555555552
2019-11-08 01:00:00,8.475000000000001
2019-11-08 13:00:00,12.361111111111109
2019-11-09 01:00:00,10.952777777777776
2019-11-09 13:00:00,11.161111111111113
2019-11-10 01:00:00,8.980555555555556
2019-11-10 13:00:00,7.605555555555551
2019-11-11 01:00:00,6.809722222222222
2019-11-11 13:00:00,7.831944444444444
2019-11-12 01:00:00,6.248611111111109
2019-11-12 13:00:00,11.409722222222221
2019-11-13 01:00:00,13.363888888888887
2019-11-13 13:00:00,13.302777777777779
2019-11-14 01:00:00,6.580555555555557
2019-11-14 13:00:00,9.95277777777778
2019-11-15 01:00:00,9.75138888888889
2019-11-15 13:00:00,10.655223880597015
2019-11-16 01:00:00,13.359090909090911
2019-11-16 13:00:00,11.140277777777774
2019-11-17 01:00:00,7.113888888888888
2019-11-17 13:00:00,13.258333333333331
2019-11-18 01:00:00,11.752777777777776
2019-11-18 13:00:00,9.469444444444441
2019-11-19 01:00:00,4.597222222222221
2019-11-19 13:00:00,8.347222222222221
2019-11-20 01:00:00,8.249999999999998
2019-11-20 13:00:00,10.83611111111111
2019-11-21 01:00:00,8.743055555555555
2019-11-21 13:00:00,9.525
2019-11-22 01:00:00,6.943055555555556
2019-11-22 13:00:00,7.938888888888891
2019-11-23 01:00:00,2.6527777777777777
2019-11-23 13:00:00,7.17638888888889
2019-11-24 01:00:00,3.104166666666667
2019-11-24 13:00:00,5.426388888888885
2019-11-25 01:00:00,0.9930555555555554
2019-11-25 13:00:00,3.923611111111109
2019-11-26 01:00:00,5.294444444444443
2019-11-26 13:00:00,6.940277777777777
2019-11-27 01:00:00,6.125000000000001
2019-11-27 13:00:00,9.116666666666667
2019-11-28 01:00:00,8.98333333333333
2019-11-28 13:00:00,11.054166666666667
2019-11-29 01:00:00,8.390277777777778
2019-11-29 13:00:00,9.59861111111111
2019-11-30 01:00:00,6.754166666666666
2019-11-30 13:00:00,2.383333333333332
2019-12-01 01:00:00,-0.9041666666666663
2019-12-01 13:00:00,4.155555555555557
2019-12-02 01:00:00,3.2
2019-12-02 13:00:00,2.4138888888888896
2019-12-03 01:00:00,1.4819444444444447
2019-12-03 13:00:00,1.4569444444444442
2019-12-04 01:00:00,-2.5333333333333328
2019-12-04 13:00:00,-0.7999999999999999
2019-12-05 01:00:00,-0.45833333333333365
2019-12-05 13:00:00,-0.0236111111111111
2019-12-06 01:00:00,-1.5416666666666667
2019-12-06 13:00:00,0.28333333333333327
2019-12-07 01:00:00,0.972222222222222
2019-12-07 13:00:00,2.1083333333333334
2019-12-08 01:00:00,1.2222222222222214
2019-12-08 13:00:00,2.7416666666666663
2019-12-09 01:00:00,1.0930555555555557
2019-12-09 13:00:00,6.752777777777777
2019-12-10 01:00:00,5.915277777777776
2019-12-10 13:00:00,5.408333333333332
2019-12-11 01:00:00,1.7805555555555561
2019-12-11 13:00:00,1.3569444444444438
2019-12-12 01:00:00,0.7541666666666667
2019-12-12 13:00:00,1.8944444444444448
2019-12-13 01:00:00,0.4680555555555556
2019-12-13 13:00:00,2.8013888888888885
2019-12-14 01:00:00,4.905555555555556
2019-12-14 13:00:00,3.4180555555555565
2019-12-15 01:00:00,2.0055555555555555
2019-12-15 13:00:00,8.518055555555557
2019-12-16 01:00:00,9.579166666666666
2019-12-16 13:00:00,9.483333333333333
2019-12-17 01:00:00,5.579166666666665
2019-12-17 13:00:00,7.9375
2019-12-18 01:00:00,6.427777777777777
2019-12-18 13:00:00,10.279166666666665
2019-12-19 01:00:00,7.095833333333331
2019-12-19 13:00:00,7.783333333333338
2019-12-20 01:00:00,5.248611111111111
2019-12-20 13:00:00,10.523611111111105
2019-12-21 01:00:00,8.930555555555554
2019-12-21 13:00:00,9.851388888888888
2019-12-22 01:00:00,6.311111111111109
2019-12-22 13:00:00,8.234722222222224
2019-12-23 01:00:00,7.287499999999998
2019-12-23 13:00:00,8.718055555555559
2019-12-24 01:00:00,7.865277777777774
2019-12-24 13:00:00,5.441666666666666
2019-12-25 01:00:00,2.9638888888888895
2019-12-25 13:00:00,6.462499999999998
2019-12-26 01:00:00,5.508333333333335
2019-12-26 13:00:00,3.466666666666669
2019-12-27 01:00:00,2.4458333333333337
2019-12-27 13:00:00,4.2430555555555545
2019-12-28 01:00:00,1.9902777777777783
2019-12-28 13:00:00,1.7125
2019-12-29 01:00:00,0.7555555555555558
2019-12-29 13:00:00,0.5472222222222224
2019-12-30 01:00:00,-2.3361111111111104
2019-12-30 13:00:00,-1.7500000000000002
2019-12-31 01:00:00,-2.8750000000000004
2019-12-31 13:00:00,0.17361111111111133
2020-01-01 01:00:00,0.5305555555555554
2020-01-01 13:00:00,1.0888888888888872
2020-01-02 01:00:00,-1.34861111111111
2020-01-02 13:00:00,1.343055555555556
2020-01-03 01:00:00,-2.6999999999999993
2020-01-03 13:00:00,-2.4583333333333353
2020-01-04 01:00:00,-2.718055555555557
2020-01-04 13:00:00,0.9944444444444444
2020-01-05 01:00:00,2.9402777777777778
2020-01-05 13:00:00,1.1541666666666668
2020-01-06 01:00:00,-2.333333333333334
2020-01-06 13:00:00,-1.1388888888888893
2020-01-07 01:00:00,-4.134722222222223
2020-01-07 13:00:00,-1.106944444444444
2020-01-08 01:00:00,-0.13333333333333344
2020-01-08 13:00:00,1.102777777777778
2020-01-09 01:00:00,-2.5736111111111115
2020-01-09 13:00:00,1.2708333333333335
2020-01-10 01:00:00,-0.8652777777777779
2020-01-10 13:00:00,3.562500000000002
2020-01-11 01:00:00,-0.8055555555555556
2020-01-11 13:00:00,3.2111111111111104
2020-01-12 01:00:00,-1.4402777777777778
2020-01-12 13:00:00,-1.4249999999999998
2020-01-13 01:00:00,-2.230555555555556
2020-01-13 13:00:00,-1.7083333333333333
2020-01-14 01:00:00,-2.2902777777777765
2020-01-14 13:00:00,-1.3555555555555554
2020-01-15 01:00:00,-2.4916666666666676
2020-01-15 13:00:00,-1.333333333333333
2020-01-16 01:00:00,-2.4652777777777772
2020-01-16 13:00:00,-0.5777777777777774
2020-01-17 01:00:00,-1.4375000000000002
2020-01-17 13:00:00,-1.5847222222222221
2020-01-18 01:00:00,-1.965277777777777
2020-01-18 13:00:00,-1.5625000000000007
2020-01-19 01:00:00,-0.8833333333333334
2020-01-19 13:00:00,-0.19861111111111085
2020-01-20 01:00:00,-0.21111111111111108
2020-01-20 13:00:00,0.5375000000000006
2020-01-21 01:00:00,0.873611111111111
2020-01-21 13:00:00,-0.34027777777777773
2020-01-22 01:00:00,-4.305555555555555
2020-01-22 13:00:00,0.19583333333333283
2020-01-23 01:00:00,-2.0694444444444446
2020-01-23 13:00:00,-0.8069444444444444
2020-01-24 01:00:00,-5.1194444444444445
2020-01-24 13:00:00,-2.4000000000000012
2020-01-25 01:00:00,-3.8513888888888883
2020-01-25 13:00:00,1.0652777777777775
2020-01-26 01:00:00,-0.5930555555555557
2020-01-26 13:00:00,3.1333333333333337
2020-01-27 01:00:00,1.025
2020-01-27 13:00:00,3.1833333333333327
2020-01-28 01:00:00,2.4500000000000006
2020-01-28 13:00:00,9.347222222222227
2020-01-29 01:00:00,1.7597222222222224
2020-01-29 13:00:00,1.5874999999999995
2020-01-30 01:00:00,2.1722222222222225
2020-01-30 13:00:00,4.698611111111112
2020-01-31 01:00:00,3.7777777777777777
2020-01-31 13:00:00,13.080555555555554
2020-02-01 01:00:00,10.309722222222218
2020-02-01 13:00:00,13.719444444444445
2020-02-02 01:00:00,11.018055555555557
2020-02-02 13:00:00,13.915277777777778
2020-02-03 01:00:00,12.062499999999995
2020-02-03 13:00:00,11.166666666666664
2020-02-04 01:00:00,8.72777777777778
2020-02-04 13:00:00,6.233333333333333
2020-02-05 01:00:00,4.624999999999998
2020-02-05 13:00:00,4.276388888888888
2020-02-06 01:00:00,0.7277777777777777
2020-02-06 13:00:00,3.6916666666666678
2020-02-07 01:00:00,2.5069444444444446
2020-02-07 13:00:00,6.251388888888888
2020-02-08 01:00:00,1.2555555555555562
2020-02-08 13:00:00,1.5458333333333343
2020-02-09 01:00:00,-0.8347222222222244
2020-02-09 13:00:00,7.123611111111113
2020-02-10 01:00:00,6.477777777777777
2020-02-10 13:00:00,13.077777777777774
2020-02-11 01:00:00,7.362500000000003
2020-02-11 13:00:00,6.505555555555556
2020-02-12 01:00:00,5.509722222222222
2020-02-12 13:00:00,5.029166666666667
2020-02-13 01:00:00,1.4277777777777778
2020-02-13 13:00:00,7.479166666666668
2020-02-14 01:00:00,5.676388888888886
2020-02-14 13:00:00,7.479166666666668
2020-02-15 01:00:00,4.497222222222223
2020-02-15 13:00:00,6.269444444444444
2020-02-16 01:00:00,1.315277777777778
2020-02-16 13:00:00,6.969444444444447
2020-02-17 01:00:00,4.872222222222223
2020-02-17 13:00:00,11.88333333333333
2020-02-18 01:00:00,9.146268656716416
2020-02-18 13:00:00,8.468055555555551
2020-02-19 01:00:00,5.7041666666666675
2020-02-19 13:00:00,8.822222222222225
2020-02-20 01:00:00,4.6916666666666655
2020-02-20 13:00:00,5.072222222222222
2020-02-21 01:00:00,2.0444444444444443
2020-02-21 13:00:00,6.169444444444443
2020-02-22 01:00:00,2.1875
2020-02-22 13:00:00,6.705555555555555
2020-02-23 01:00:00,6.056944444444444
2020-02-23 13:00:00,12.641666666666664
2020-02-24 01:00:00,11.445833333333333
2020-02-24 13:00:00,6.358333333333331
2020-02-25 01:00:00,3.241666666666667
2020-02-25 13:00:00,11.144444444444444
2020-02-26 01:00:00,10.29861111111111
2020-02-26 13:00:00,3.5708333333333346
2020-02-27 01:00:00,3.4513888888888897
2020-02-27 13:00:00,5.922222222222222
2020-02-28 01:00:00,6.031944444444443
2020-02-28 13:00:00,5.184722222222223
2020-02-29 01:00:00,1.3333333333333335
2020-02-29 13:00:00,8.793055555555558
2020-03-01 01:00:00,7.406944444444444
2020-03-01 13:00:00,10.474999999999998
2020-03-02 01:00:00,11.073611111111113
2020-03-02 13:00:00,14.68888888888889
2020-03-03 01:00:00,11.038888888888888
2020-03-03 13:00:00,10.616666666666667
2020-03-04 01:00:00,6.115277777777778
2020-03-04 13:00:00,6.098611111111109
2020-03-05 01:00:00,2.775
2020-03-05 13:00:00,7.701388888888889
2020-03-06 01:00:00,5.154166666666668
2020-03-06 13:00:00,9.013888888888884
2020-03-07 01:00:00,7.815277777777778
2020-03-07 13:00:00,7.5277777777777795
2020-03-08 01:00:00,3.556944444444444
2020-03-08 13:00:00,6.625000000000001
2020-03-09 01:00:00,2.55
2020-03-09 13:00:00,7.6569444444444485
2020-03-10 01:00:00,3.4333333333333336
2020-03-10 13:00:00,9.497222222222227
2020-03-11 01:00:00,8.572222222222223
2020-03-11 13:00:00,14.980555555555554
2020-03-12 01:00:00,11.162500000000003
2020-03-12 13:00:00,16.512500000000006
2020-03-13 01:00:00,8.719444444444445
2020-03-13 13:00:00,9.269444444444439
2020-03-14 01:00:00,7.438888888888891
2020-03-14 13:00:00,10.313888888888888
2020-03-15 01:00:00,4.57361111111111
2020-03-15 13:00:00,5.020833333333332
2020-03-16 01:00:00,0.8236111111111111
2020-03-16 13:00:00,8.394444444444439
2020-03-17 01:00:00,4.008333333333334
2020-03-17 13:00:00,12.181944444444445
2020-03-18 01:00:00,9.65
2020-03-18 13:00:00,12.663888888888886
2020-03-19 01:00:00,6.668055555555554
2020-03-19 13:00:00,13.279166666666663
2020-03-20 01:00:00,7.093055555555556
2020-03-20 13:00:00,14.334722222222227
2020-03-21 01:00:00,9.47361111111111
2020-03-21 13:00:00,12.284722222222221
2020-03-22 01:00:00,4.6930555555555555
2020-03-22 13:00:00,2.793939393939394
2020-03-23 01:00:00,-0.31944444444444464
2020-03-23 13:00:00,-0.21249999999999997
2020-03-24 01:00:00,-0.14861111111111072
2020-03-24 13:00:00,-0.01805555555555561
2020-03-25 01:00:00,0.06666666666666668
2020-03-25 13:00:00,1.1541666666666666
2020-03-26 01:00:00,3.5208333333333326
2020-03-26 13:00:00,7.408333333333335
2020-03-27 01:00:00,8.165277777777776
2020-03-27 13:00:00,9.838888888888894
2020-03-28 01:00:00,5.505555555555556
2020-03-28 13:00:00,12.695833333333331
2020-03-29 01:00:00,3.95925925925926
2020-03-29 14:00:00,
2020-03-30 02:00:00,5.800000000000001
2020-03-30 14:00:00,4.8486111111111105
2020-03-31 02:00:00,2.9757575757575756
2020-03-31 14:00:00,4.33611111111111
2020-04-01 02:00:00,-1.1597222222222232
2020-04-01 14:00:00,5.084722222222222
2020-04-02 02:00:00,-0.579166666666667
2020-04-02 14:00:00,7.894444444444444
2020-04-03 02:00:00,1.8930555555555553
2020-04-03 14:00:00,11.726388888888884
2020-04-04 02:00:00,4.815277777777777
2020-04-04 14:00:00,12.930555555555555
2020-04-05 02:00:00,5.818055555555554
2020-04-05 14:00:00,14.045833333333334
2020-04-06 02:00:00,6.008333333333332
2020-04-06 14:00:00,13.461111111111114
2020-04-07 02:00:00,4.685964912280702
2020-04-07 14:00:00,
2020-04-08 02:00:00,4.6000000000000005
2020-04-08 14:00:00,14.562499999999993
2020-04-09 02:00:00,6.029166666666666
2020-04-09 14:00:00,17.16666666666666
2020-04-10 02:00:00,9.705555555555556
2020-04-10 14:00:00,17.774999999999995
2020-04-11 02:00:00,8.729166666666666
2020-04-11 14:00:00,16.873611111111117
2020-04-12 02:00:00,8.247222222222227
2020-04-12 14:00:00,18.84444444444445
2020-04-13 02:00:00,14.97222222222222
2020-04-13 14:00:00,20.88749999999999
2020-04-14 02:00:00,8.788888888888886
2020-04-14 14:00:00,6.270833333333335
2020-04-15 02:00:00,3.3999999999999995
2020-04-15 14:00:00,10.162500000000003
2020-04-16 02:00:00,5.548611111111111
2020-04-16 14:00:00,15.495833333333334
2020-04-17 02:00:00,11.273611111111114
2020-04-17 14:00:00,20.106944444444444
2020-04-18 02:00:00,12.097222222222225
2020-04-18 14:00:00,21.233333333333327
2020-04-19 02:00:00,13.672222222222222
2020-04-19 14:00:00,20.855555555555558
2020-04-20 02:00:00,10.775
2020-04-20 14:00:00,15.25694444444445
2020-04-21 02:00:00,8.48611111111111
2020-04-21 14:00:00,13.699999999999996
2020-04-22 02:00:00,6.645833333333333
2020-04-22 14:00:00,14.243055555555555
2020-04-23 02:00:00,7.102777777777778
2020-04-23 14:00:00,15.280555555555553
2020-04-24 02:00:00,8.541666666666664
2020-04-24 14:00:00,17.38472222222222
2020-04-25 02:00:00,12.534722222222221
2020-04-25 14:00:00,21.299999999999994
2020-04-26 02:00:00,9.929166666666667
2020-04-26 14:00:00,12.833333333333332
2020-04-27 02:00:00,8.402777777777779
2020-04-27 14:00:00,19.141666666666673
2020-04-28 02:00:00,14.561111111111115
2020-04-28 14:00:00,22.438888888888883
2020-04-29 02:00:00,12.762499999999996
2020-04-29 14:00:00,16.71388888888889
2020-04-30 02:00:00,13.669444444444444
2020-04-30 14:00:00,17.980555555555558
2020-05-01 02:00:00,13.147222222222219
2020-05-01 14:00:00,15.01388888888889
2020-05-02 02:00:00,12.17361111111111
2020-05-02 14:00:00,16.727777777777778
2020-05-03 02:00:00,10.67638888888889
2020-05-03 14:00:00,13.922222222222224
2020-05-04 02:00:00,10.309722222222224
2020-05-04 14:00:00,15.59027777777778
2020-05-05 02:00:00,10.99861111111111
2020-05-05 14:00:00,16.884722222222234
2020-05-06 02:00:00,10.25138888888889
2020-05-06 14:00:00,12.262499999999998
2020-05-07 02:00:00,11.140277777777778
2020-05-07 14:00:00,16.687499999999996
2020-05-08 02:00:00,10.602777777777773
2020-05-08 14:00:00,19.295833333333334
2020-05-09 02:00:00,13.629166666666666
2020-05-09 14:00:00,22.854166666666664
2020-05-10 02:00:00,15.383333333333333
2020-05-10 14:00:00,22.79722222222223
2020-05-11 02:00:00,15.708333333333334
2020-05-11 14:00:00,21.288888888888877
2020-05-12 02:00:00,13.147222222222224
2020-05-12 14:00:00,10.569444444444441
2020-05-13 02:00:00,9.886111111111111
2020-05-13 14:00:00,21.40694444444444
2020-05-14 02:00:00,15.056944444444444
2020-05-14 14:00:00,18.463888888888892
2020-05-15 02:00:00,12.934722222222224
2020-05-15 14:00:00,19.323611111111113
2020-05-16 02:00:00,12.565277777777778
2020-05-16 14:00:00,16.33749999999999
2020-05-17 02:00:00,14.474999999999998
2020-05-17 14:00:00,18.865277777777777
2020-05-18 02:00:00,15.031944444444447
2020-05-18 14:00:00,21.676388888888884
2020-05-19 02:00:00,15.62361111111111
2020-05-19 14:00:00,18.86527777777779
2020-05-20 02:00:00,15.070833333333338
2020-05-20 14:00:00,14.752777777777782
2020-05-21 02:00:00,13.252777777777778
2020-05-21 14:00:00,16.801388888888894
2020-05-22 02:00:00,11.208333333333336
2020-05-22 14:00:00,18.451388888888893
2020-05-23 02:00:00,14.218055555555559
2020-05-23 14:00:00,20.541666666666664
2020-05-24 02:00:00,14.136111111111111
2020-05-24 14:00:00,17.020833333333332
2020-05-25 02:00:00,13.383333333333335
2020-05-25 14:00:00,15.362500000000002
2020-05-26 02:00:00,11.563888888888888
2020-05-26 14:00:00,15.431944444444444
2020-05-27 02:00:00,11.961111111111112
2020-05-27 14:00:00,14.341666666666672
2020-05-28 02:00:00,13.116666666666667
2020-05-28 14:00:00,17.425
2020-05-29 02:00:00,13.643055555555556
2020-05-29 14:00:00,16.937500000000007
2020-05-30 02:00:00,13.45416666666667
2020-05-30 14:00:00,16.36527777777778
2020-05-31 02:00:00,12.14861111111111
2020-05-31 14:00:00,13.701388888888886
2020-06-01 02:00:00,12.240277777777775
2020-06-01 14:00:00,19.27916666666666
2020-06-02 02:00:00,14.61111111111111
2020-06-02 14:00:00,16.698611111111113
2020-06-03 02:00:00,13.349999999999994
2020-06-03 14:00:00,18.87222222222222
2020-06-04 02:00:00,15.648611111111116
2020-06-04 14:00:00,22.644444444444446
2020-06-05 02:00:00,17.96944444444445
2020-06-05 14:00:00,19.40277777777778
2020-06-06 02:00:00,18.862499999999994
2020-06-06 14:00:00,22.374999999999996
2020-06-07 02:00:00,18.08749999999999
2020-06-07 14:00:00,25.529166666666658
2020-06-08 02:00:00,17.537499999999994
2020-06-08 14:00:00,20.543055555555558
2020-06-09 02:00:00,17.677777777777777
2020-06-09 14:00:00,21.558333333333326
2020-06-10 02:00:00,17.68333333333333
2020-06-10 14:00:00,20.07083333333334
2020-06-11 02:00:00,16.2625
2020-06-11 14:00:00,21.436111111111117
2020-06-12 02:00:00,16.208333333333332
2020-06-12 14:00:00,23.672222222222214
2020-06-13 02:00:00,18.448611111111106
2020-06-13 14:00:00,25.359722222222217
2020-06-14 02:00:00,20.43611111111111
2020-06-14 14:00:00,26.07083333333333
2020-06-15 02:00:00,18.462499999999995
2020-06-15 14:00:00,22.025
2020-06-16 02:00:00,17.881944444444446
2020-06-16 14:00:00,19.525000000000002
2020-06-17 02:00:00,17.320833333333336
2020-06-17 14:00:00,20.62638888888889
2020-06-18 02:00:00,19.61527777777778
2020-06-18 14:00:00,21.180555555555554
2020-06-19 02:00:00,19.756944444444443
2020-06-19 14:00:00,128.89999999999984
2020-06-20 02:00:00,128.89999999999984
2020-06-20 14:00:00,128.89999999999984
2020-06-21 02:00:00,128.89999999999984
2020-06-21 14:00:00,128.89999999999984
2020-06-22 02:00:00,128.89999999999984
2020-06-22 14:00:00,128.89999999999984
2020-06-23 02:00:00,128.89999999999984
2020-06-23 14:00:00,128.89999999999984
2020-06-24 02:00:00,128.89999999999984
2020-06-24 14:00:00,128.89999999999984
2020-06-25 02:00:00,128.89999999999984
2020-06-25 14:00:00,128.89999999999984
2020-06-26 02:00:00,128.89999999999984
2020-06-26 14:00:00,128.89999999999984
2020-06-27 02:00:00,128.89999999999984
2020-06-27 14:00:00,128.89999999999984
2020-06-28 02:00:00,128.89999999999984
2020-06-28 14:00:00,128.89999999999984
2020-06-29 02:00:00,128.89999999999984
2020-06-29 14:00:00,128.89999999999984
2020-06-30 02:00:00,128.89999999999984
2020-06-30 14:00:00,128.89999999999984
2020-07-01 02:00:00,128.89999999999984
2020-07-01 14:00:00,128.89999999999984
2020-07-02 02:00:00,128.89999999999984
2020-07-02 14:00:00,128.89999999999984
2020-07-03 02:00:00,128.89999999999984
2020-07-03 14:00:00,128.89999999999984
2020-07-04 02:00:00,128.89999999999984
2020-07-04 14:00:00,128.89999999999984
2020-07-05 02:00:00,128.89999999999984
2020-07-05 14:00:00,128.89999999999984
2020-07-06 02:00:00,128.89999999999984
2020-07-06 14:00:00,128.89999999999984
2020-07-07 02:00:00,128.89999999999984
2020-07-07 14:00:00,128.89999999999984
2020-07-08 02:00:00,128.89999999999984
2020-07-08 14:00:00,128.89999999999984
2020-07-09 02:00:00,128.89999999999984
2020-07-09 14:00:00,128.89999999999984
2020-07-10 02:00:00,128.89999999999984
2020-07-10 14:00:00,128.89999999999984
2020-07-11 02:00:00,128.89999999999984
2020-07-11 14:00:00,128.89999999999984
2020-07-12 02:00:00,128.89999999999984
2020-07-12 14:00:00,128.89999999999984
2020-07-13 02:00:00,128.89999999999984
2020-07-13 14:00:00,128.89999999999984
2020-07-14 02:00:00,128.89999999999984
2020-07-14 14:00:00,128.89999999999984
2020-07-15 02:00:00,128.89999999999984
2020-07-15 14:00:00,128.89999999999984
2020-07-16 02:00:00,128.89999999999984
2020-07-16 14:00:00,128.89999999999984
2020-07-17 02:00:00,128.89999999999984
2020-07-17 14:00:00,128.89999999999984
2020-07-18 02:00:00,128.89999999999984
2020-07-18 14:00:00,128.89999999999984
2020-07-19 02:00:00,128.89999999999984
2020-07-19 14:00:00,128.89999999999984
2020-07-20 02:00:00,128.89999999999984
2020-07-20 14:00:00,128.89999999999984
2020-07-21 02:00:00,128.89999999999984
2020-07-21 14:00:00,128.89999999999984
2020-07-22 02:00:00,128.89999999999984
2020-07-22 14:00:00,128.89999999999984
2020-07-23 02:00:00,128.89999999999984
2020-07-23 14:00:00,128.89999999999984
2020-07-24 02:00:00,128.89999999999984
2020-07-24 14:00:00,128.89999999999984
2020-07-25 02:00:00,128.89999999999984
2020-07-25 14:00:00,128.89999999999984
2020-07-26 02:00:00,128.89999999999984
2020-07-26 14:00:00,128.89999999999984
2020-07-27 02:00:00,128.89999999999984
2020-07-27 14:00:00,128.89999999999984
2020-07-28 02:00:00,128.89999999999984
2020-07-28 14:00:00,128.89999999999984
2020-07-29 02:00:00,128.89999999999984
2020-07-29 14:00:00,128.89999999999984
2020-07-30 02:00:00,128.89999999999984
2020-07-30 14:00:00,128.89999999999984
2020-07-31 02:00:00,128.89999999999984
2020-07-31 14:00:00,128.89999999999984
2020-08-01 02:00:00,128.89999999999984
2020-08-01 14:00:00,128.89999999999984
2020-08-02 02:00:00,128.89999999999984
2020-08-02 14:00:00,128.89999999999984
2020-08-03 02:00:00,128.89999999999984
2020-08-03 14:00:00,128.89999999999984
2020-08-04 02:00:00,128.89999999999984
2020-08-04 14:00:00,128.89999999999984
2020-08-05 02:00:00,128.89999999999984
2020-08-05 14:00:00,128.89999999999984
2020-08-06 02:00:00,128.89999999999984
2020-08-06 14:00:00,128.89999999999984
2020-08-07 02:00:00,128.89999999999984
2020-08-07 14:00:00,128.89999999999984
2020-08-08 02:00:00,128.89999999999984
2020-08-08 14:00:00,128.89999999999984
2020-08-09 02:00:00,128.89999999999984
2020-08-09 14:00:00,128.89999999999984
2020-08-10 02:00:00,128.89999999999984
2020-08-10 14:00:00,128.89999999999984
2020-08-11 02:00:00,128.89999999999984
2020-08-11 14:00:00,128.89999999999984
2020-08-12 02:00:00,128.89999999999984
2020-08-12 14:00:00,128.89999999999984
2020-08-13 02:00:00,128.89999999999984
2020-08-13 14:00:00,128.89999999999984
2020-08-14 02:00:00,128.89999999999984
2020-08-14 14:00:00,128.89999999999984
2020-08-15 02:00:00,128.89999999999984
2020-08-15 14:00:00,128.89999999999984
2020-08-16 02:00:00,128.89999999999984
2020-08-16 14:00:00,128.89999999999984
2020-08-17 02:00:00,128.89999999999984
2020-08-17 14:00:00,128.89999999999984
2020-08-18 02:00:00,128.89999999999984
2020-08-18 14:00:00,128.89999999999984
2020-08-19 02:00:00,128.89999999999984
2020-08-19 14:00:00,128.89999999999984
2020-08-20 02:00:00,128.89999999999984
2020-08-20 14:00:00,128.89999999999984
2020-08-21 02:00:00,128.89999999999984
2020-08-21 14:00:00,128.89999999999984
2020-08-22 02:00:00,128.89999999999984
2020-08-22 14:00:00,128.89999999999984
2020-08-23 02:00:00,128.89999999999984
2020-08-23 14:00:00,128.89999999999984
2020-08-24 02:00:00,128.1194444444443
2020-08-24 14:00:00,23.727777777777785
2020-08-25 02:00:00,18.629166666666666
2020-08-25 14:00:00,21.766666666666666
2020-08-26 02:00:00,16.806944444444447
2020-08-26 14:00:00,23.65972222222222
2020-08-27 02:00:00,18.73472222222222
2020-08-27 14:00:00,23.572222222222226
2020-08-28 02:00:00,17.06527777777778
2020-08-28 14:00:00,25.5875
2020-08-29 02:00:00,20.849999999999998
2020-08-29 14:00:00,28.78888888888889
2020-08-30 02:00:00,20.519444444444446
2020-08-30 14:00:00,30.140277777777776
2020-08-31 02:00:00,20.993055555555557
2020-08-31 14:00:00,19.076388888888886
2020-09-01 02:00:00,16.13055555555556
2020-09-01 14:00:00,18.474999999999998
2020-09-02 02:00:00,13.2375
2020-09-02 14:00:00,18.356944444444448
2020-09-03 02:00:00,12.398611111111116
2020-09-03 14:00:00,19.662499999999998
2020-09-04 02:00:00,13.997222222222218
2020-09-04 14:00:00,20.92916666666667
2020-09-05 02:00:00,15.636111111111113
2020-09-05 14:00:00,22.14722222222223
2020-09-06 02:00:00,14.663888888888888
2020-09-06 14:00:00,23.716666666666665
2020-09-07 02:00:00,17.226388888888888
2020-09-07 14:00:00,21.48055555555555
2020-09-08 02:00:00,16.86388888888889
2020-09-08 14:00:00,20.23055555555555
2020-09-09 02:00:00,14.280555555555557
2020-09-09 14:00:00,22.313888888888883
2020-09-10 02:00:00,15.493055555555562
2020-09-10 14:00:00,23.309722222222224
2020-09-11 02:00:00,16.11666666666667
2020-09-11 14:00:00,22.700000000000003
2020-09-12 02:00:00,16.123611111111114
2020-09-12 14:00:00,23.983333333333334
2020-09-13 02:00:00,17.572222222222216
2020-09-13 14:00:00,24.894444444444442
2020-09-14 02:00:00,18.394444444444446
2020-09-14 14:00:00,24.01527777777778
2020-09-15 02:00:00,16.994444444444447
2020-09-15 14:00:00,24.386111111111106
2020-09-16 02:00:00,16.81527777777778
2020-09-16 14:00:00,23.434722222222224
2020-09-17 02:00:00,16.55694444444444
2020-09-17 14:00:00,24.35277777777777
2020-09-18 02:00:00,16.988888888888894
2020-09-18 14:00:00,17.026388888888885
2020-09-19 02:00:00,10.30972222222222
2020-09-19 14:00:00,15.926388888888889
2020-09-20 02:00:00,11.315277777777776
2020-09-20 14:00:00,19.545833333333338
2020-09-21 02:00:00,12.286111111111111
2020-09-21 14:00:00,20.275000000000006
2020-09-22 02:00:00,12.163888888888893
2020-09-22 14:00:00,21.462500000000002
2020-09-23 02:00:00,15.548611111111114
2020-09-23 14:00:00,22.091666666666665
2020-09-24 02:00:00,15.98472222222223
2020-09-24 14:00:00,21.650000000000002
2020-09-25 02:00:00,14.94305555555556
2020-09-25 14:00:00,19.072222222222226
2020-09-26 02:00:00,13.025
2020-09-26 14:00:00,12.912499999999998
2020-09-27 02:00:00,11.844444444444447
2020-09-27 14:00:00,16.133333333333333
2020-09-28 02:00:00,14.824999999999998
2020-09-28 14:00:00,14.336111111111112
2020-09-29 02:00:00,11.743055555555554
2020-09-29 14:00:00,14.09722222222223
2020-09-30 02:00:00,13.405555555555559
2020-09-30 14:00:00,17.202777777777772
2020-10-01 02:00:00,15.295833333333333
2020-10-01 14:00:00,16.402777777777782
2020-10-02 02:00:00,13.283333333333331
2020-10-02 14:00:00,20.265277777777786
2020-10-03 02:00:00,15.526388888888887
2020-10-03 14:00:00,24.99305555555555
2020-10-04 02:00:00,18.231944444444437
2020-10-04 14:00:00,18.450000000000003
2020-10-05 02:00:00,11.25694444444445
2020-10-05 14:00:00,19.89861111111111
2020-10-06 02:00:00,14.481944444444443
2020-10-06 14:00:00,16.712500000000002
2020-10-07 02:00:00,12.205555555555552
2020-10-07 14:00:00,12.266666666666673
2020-10-08 02:00:00,12.368055555555552
2020-10-08 14:00:00,13.436111111111105
2020-10-09 02:00:00,9.043055555555556
2020-10-09 14:00:00,14.837499999999997
2020-10-10 02:00:00,9.82222222222222
2020-10-10 14:00:00,15.523611111111117
2020-10-11 02:00:00,12.143055555555552
2020-10-11 14:00:00,13.680555555555554
2020-10-12 02:00:00,7.67638888888889
2020-10-12 14:00:00,7.293055555555558
2020-10-13 02:00:00,6.823611111111115
2020-10-13 14:00:00,7.745833333333335
2020-10-14 02:00:00,8.323611111111113
2020-10-14 14:00:00,11.962499999999999
2020-10-15 02:00:00,7.537499999999999
2020-10-15 14:00:00,11.181944444444442
2020-10-16 02:00:00,9.6625
2020-10-16 14:00:00,9.92638888888889
2020-10-17 02:00:00,8.438888888888894
2020-10-17 14:00:00,10.355555555555554
2020-10-18 02:00:00,7.505555555555556
2020-10-18 14:00:00,9.087500000000004
2020-10-19 02:00:00,4.245833333333333
2020-10-19 14:00:00,9.369444444444445
2020-10-20 02:00:00,3.506944444444445
2020-10-20 14:00:00,9.470833333333335
2020-10-21 02:00:00,5.676388888888889
2020-10-21 14:00:00,12.31388888888889
2020-10-22 02:00:00,8.422222222222224
2020-10-22 14:00:00,13.780555555555559
2020-10-23 02:00:00,9.14861111111111
2020-10-23 14:00:00,16.96388888888889
2020-10-24 02:00:00,13.847222222222221
2020-10-24 14:00:00,13.43472222222221
2020-10-25 02:00:00,12.60416666666666
2020-10-25 13:00:00,11.793055555555554
2020-10-26 01:00:00,10.073611111111113
2020-10-26 13:00:00,13.777777777777779
2020-10-27 01:00:00,10.520833333333332
2020-10-27 13:00:00,15.716666666666665
2020-10-28 01:00:00,10.791666666666664
2020-10-28 13:00:00,11.99166666666667
2020-10-29 01:00:00,10.090277777777777
2020-10-29 13:00:00,11.8
2020-10-30 01:00:00,10.151388888888885
2020-10-30 13:00:00,12.594444444444441
2020-10-31 01:00:00,12.2375
2020-10-31 13:00:00,14.336111111111105
2020-11-01 01:00:00,11.030555555555557
2020-11-01 13:00:00,11.236111111111116
2020-11-02 01:00:00,10.002777777777778
2020-11-02 13:00:00,15.084722222222224
2020-11-03 01:00:00,12.727777777777774
2020-11-03 13:00:00,14.826388888888882
2020-11-04 01:00:00,11.926388888888884
2020-11-04 13:00:00,12.37361111111111
2020-11-05 01:00:00,10.154166666666661
2020-11-05 13:00:00,9.79583333333333
2020-11-06 01:00:00,9.222222222222223
2020-11-06 13:00:00,7.0777777777777775
2020-11-07 01:00:00,3.9347222222222222
2020-11-07 13:00:00,7.104166666666666
2020-11-08 01:00:00,4.047222222222222
2020-11-08 13:00:00,6.319444444444442
2020-11-09 01:00:00,5.837500000000001
2020-11-09 13:00:00,7.581944444444442
2020-11-10 01:00:00,7.419444444444443
2020-11-10 13:00:00,6.576388888888888
2020-11-11 01:00:00,6.248611111111109
2020-11-11 13:00:00,6.795833333333334
2020-11-12 01:00:00,6.648611111111112
2020-11-12 13:00:00,7.179166666666666
2020-11-13 01:00:00,6.55
2020-11-13 13:00:00,8.440277777777787
2020-11-14 01:00:00,8.201754385964916
2020-11-14 13:00:00,8.682089552238798
2020-11-15 01:00:00,9.596000000000002
2020-11-15 13:00:00,11.200000000000001
2020-11-16 01:00:00,8.308333333333332
2020-11-16 13:00:00,9.441791044776123
2020-11-17 01:00:00,
2020-11-17 13:00:00,
2020-11-18 01:00:00,
2020-11-18 13:00:00,
2020-11-19 01:00:00,
2020-11-19 13:00:00,
2020-11-20 01:00:00,
2020-11-20 13:00:00,
2020-11-21 01:00:00,
2020-11-21 13:00:00,
2020-11-22 01:00:00,
2020-11-22 13:00:00,
2020-11-23 01:00:00,
2020-11-23 13:00:00,
2020-11-24 01:00:00,
2020-11-24 13:00:00,
2020-11-25 01:00:00,
2020-11-25 13:00:00,
2020-11-26 01:00:00,
2020-11-26 13:00:00,
2020-11-27 01:00:00,
2020-11-27 13:00:00,
2020-11-28 01:00:00,
2020-11-28 13:00:00,
2020-11-29 01:00:00,
2020-11-29 13:00:00,
2020-11-30 01:00:00,
2020-11-30 13:00:00,
2020-12-01 01:00:00,
2020-12-01 13:00:00,
2020-12-02 01:00:00,
2020-12-02 13:00:00,
2020-12-03 01:00:00,
2020-12-03 13:00:00,
2020-12-04 01:00:00,
2020-12-04 13:00:00,
2020-12-05 01:00:00,
2020-12-05 13:00:00,
2020-12-06 01:00:00,
2020-12-06 13:00:00,
2020-12-07 01:00:00,
2020-12-07 13:00:00,
2020-12-08 01:00:00,
2020-12-08 13:00:00,
2020-12-09 01:00:00,
2020-12-09 13:00:00,
2020-12-10 01:00:00,
2020-12-10 13:00:00,
2020-12-11 01:00:00,
2020-12-11 13:00:00,
2020-12-12 01:00:00,
2020-12-12 13:00:00,
2020-12-13 01:00:00,
2020-12-13 13:00:00,
2020-12-14 01:00:00,
2020-12-14 13:00:00,
2020-12-15 01:00:00,
2020-12-15 13:00:00,
2020-12-16 01:00:00,
2020-12-16 13:00:00,
2020-12-17 01:00:00,
2020-12-17 13:00:00,
2020-12-18 01:00:00,
2020-12-18 13:00:00,
2020-12-19 01:00:00,
2020-12-19 13:00:00,
2020-12-20 01:00:00,
2020-12-20 13:00:00,
2020-12-21 01:00:00,
2020-12-21 13:00:00,
2020-12-22 01:00:00,
2020-12-22 13:00:00,
2020-12-23 01:00:00,
2020-12-23 13:00:00,
2020-12-24 01:00:00,
2020-12-24 13:00:00,
2020-12-25 01:00:00,
2020-12-25 13:00:00,
2020-12-26 01:00:00,
2020-12-26 13:00:00,
2020-12-27 01:00:00,
2020-12-27 13:00:00,
2020-12-28 01:00:00,
2020-12-28 13:00:00,
2020-12-29 01:00:00,
2020-12-29 13:00:00,
2020-12-30 01:00:00,
2020-12-30 13:00:00,

