"Time","Ground temperature.mean"
2018-12-31 13:00:00,
2019-01-01 01:00:00,22.791666666666615
2019-01-01 13:00:00,4.518055555555556
2019-01-02 01:00:00,4.372222222222229
2019-01-02 13:00:00,13.350000000000003
2019-01-03 01:00:00,4.155555555555556
2019-01-03 13:00:00,3.884722222222228
2019-01-04 01:00:00,3.6347222222222206
2019-01-04 13:00:00,3.363888888888895
2019-01-05 01:00:00,30.473611111111097
2019-01-05 13:00:00,12.136111111111115
2019-01-06 01:00:00,2.9083333333333368
2019-01-06 13:00:00,21.15138888888889
2019-01-07 01:00:00,12.0875
2019-01-07 13:00:00,2.931944444444448
2019-01-08 01:00:00,2.7972222222222243
2019-01-08 13:00:00,2.651388888888887
2019-01-09 01:00:00,2.5999999999999965
2019-01-09 13:00:00,2.643055555555552
2019-01-10 01:00:00,2.800000000000003
2019-01-10 13:00:00,11.898611111111101
2019-01-11 01:00:00,2.7972222222222247
2019-01-11 13:00:00,2.762500000000004
2019-01-12 01:00:00,2.6972222222222206
2019-01-12 13:00:00,2.5777777777777757
2019-01-13 01:00:00,2.486111111111112
2019-01-13 13:00:00,2.5333333333333306
2019-01-14 01:00:00,2.6597222222222214
2019-01-14 13:00:00,2.934722222222222
2019-01-15 01:00:00,3.099999999999996
2019-01-15 13:00:00,3.0027777777777778
2019-01-16 01:00:00,2.9152777777777814
2019-01-16 13:00:00,2.9833333333333325
2019-01-17 01:00:00,12.193055555555574
2019-01-17 13:00:00,3.1194444444444436
2019-01-18 01:00:00,3.3777777777777818
2019-01-18 13:00:00,3.458333333333334
2019-01-19 01:00:00,3.4805555555555565
2019-01-19 13:00:00,3.443055555555557
2019-01-20 01:00:00,3.526388888888889
2019-01-20 13:00:00,3.4458333333333346
2019-01-21 01:00:00,3.462500000000002
2019-01-21 13:00:00,3.400000000000004
2019-01-22 01:00:00,3.3972222222222257
2019-01-22 13:00:00,12.462499999999999
2019-01-23 01:00:00,12.397222222222215
2019-01-23 13:00:00,3.2694444444444417
2019-01-24 01:00:00,3.1847222222222187
2019-01-24 13:00:00,3.099999999999996
2019-01-25 01:00:00,3.088888888888886
2019-01-25 13:00:00,3.0013888888888887
2019-01-26 01:00:00,2.9291666666666702
2019-01-26 13:00:00,2.9000000000000035
2019-01-27 01:00:00,2.9000000000000035
2019-01-27 13:00:00,2.8263888888888915
2019-01-28 01:00:00,2.800000000000003
2019-01-28 13:00:00,2.7194444444444414
2019-01-29 01:00:00,2.695833333333331
2019-01-29 13:00:00,2.6111111111111076
2019-01-30 01:00:00,2.5999999999999965
2019-01-30 13:00:00,2.5999999999999965
2019-01-31 01:00:00,2.5999999999999965
2019-01-31 13:00:00,2.5916666666666632
2019-02-01 01:00:00,2.5999999999999965
2019-02-01 13:00:00,2.6652777777777783
2019-02-02 01:00:00,2.9000000000000017
2019-02-02 13:00:00,3.341666666666666
2019-02-03 01:00:00,3.863888888888891
2019-02-03 13:00:00,4.231944444444443
2019-02-04 01:00:00,4.399999999999999
2019-02-04 13:00:00,4.393055555555554
2019-02-05 01:00:00,4.399999999999999
2019-02-05 13:00:00,4.399999999999999
2019-02-06 01:00:00,4.313888888888894
2019-02-06 13:00:00,4.3027777777777825
2019-02-07 01:00:00,4.197222222222219
2019-02-07 13:00:00,3.9013888888888903
2019-02-08 01:00:00,3.7930555555555565
2019-02-08 13:00:00,3.599999999999996
2019-02-09 01:00:00,3.4986111111111127
2019-02-09 13:00:00,3.4069444444444477
2019-02-10 01:00:00,3.3875000000000046
2019-02-10 13:00:00,3.330555555555558
2019-02-11 01:00:00,3.5777777777777726
2019-02-11 13:00:00,3.827777777777779
2019-02-12 01:00:00,3.9000000000000017
2019-02-12 13:00:00,3.9000000000000017
2019-02-13 01:00:00,3.7875000000000014
2019-02-13 13:00:00,3.622222222222217
2019-02-14 01:00:00,3.699999999999995
2019-02-14 13:00:00,3.8333333333333357
2019-02-15 01:00:00,4.088888888888886
2019-02-15 13:00:00,4.065277777777775
2019-02-16 01:00:00,4.083333333333329
2019-02-16 13:00:00,4.0041666666666655
2019-02-17 01:00:00,4.127777777777776
2019-02-17 13:00:00,4.024999999999997
2019-02-18 01:00:00,4.181944444444444
2019-02-18 13:00:00,4.127777777777778
2019-02-19 01:00:00,4.318055555555559
2019-02-19 13:00:00,4.272222222222224
2019-02-20 01:00:00,4.469444444444441
2019-02-20 13:00:00,4.472222222222223
2019-02-21 01:00:00,4.688888888888891
2019-02-21 13:00:00,4.697222222222219
2019-02-22 01:00:00,4.9458333333333355
2019-02-22 13:00:00,5.108333333333327
2019-02-23 01:00:00,4.988888888888889
2019-02-23 13:00:00,4.41944444444445
2019-02-24 01:00:00,4.034722222222223
2019-02-24 13:00:00,3.6513888888888864
2019-02-25 01:00:00,3.4680555555555586
2019-02-25 13:00:00,3.4819444444444434
2019-02-26 01:00:00,3.599999999999996
2019-02-26 13:00:00,3.7875000000000036
2019-02-27 01:00:00,4.1611111111111105
2019-02-27 13:00:00,4.290277777777781
2019-02-28 01:00:00,4.493055555555551
2019-02-28 13:00:00,4.570833333333332
2019-03-01 01:00:00,4.976388888888889
2019-03-01 13:00:00,5.154166666666665
2019-03-02 01:00:00,5.399999999999995
2019-03-02 13:00:00,14.570833333333335
2019-03-03 01:00:00,14.686111111111106
2019-03-03 13:00:00,5.712499999999994
2019-03-04 01:00:00,14.966666666666647
2019-03-04 13:00:00,24.15000000000001
2019-03-05 01:00:00,24.487499999999994
2019-03-05 13:00:00,33.752777777777716
2019-03-06 01:00:00,6.6263888888888935
2019-03-06 13:00:00,15.687499999999996
2019-03-07 01:00:00,6.841666666666674
2019-03-07 13:00:00,15.999999999999975
2019-03-08 01:00:00,16.330555555555563
2019-03-08 13:00:00,43.754166666666656
2019-03-09 01:00:00,71.2319444444444
2019-03-09 13:00:00,25.737499999999972
2019-03-10 01:00:00,53.245833333333366
2019-03-10 13:00:00,44.3097222222222
2019-03-11 01:00:00,16.370833333333312
2019-03-11 13:00:00,17.072222222222248
2019-03-12 01:00:00,43.98194444444445
2019-03-12 13:00:00,7.327777777777785
2019-03-13 01:00:00,25.222222222222232
2019-03-13 13:00:00,24.973611111111094
2019-03-14 01:00:00,24.955555555555563
2019-03-14 13:00:00,6.783333333333328
2019-03-15 01:00:00,34.206944444444474
2019-03-15 13:00:00,43.35416666666663
2019-03-16 01:00:00,16.39166666666667
2019-03-16 13:00:00,34.824999999999996
2019-03-17 01:00:00,35.00972222222221
2019-03-17 13:00:00,7.879166666666663
2019-03-18 01:00:00,8.293055555555561
2019-03-18 13:00:00,26.508333333333365
2019-03-19 01:00:00,8.268055555555563
2019-03-19 13:00:00,26.28055555555552
2019-03-20 01:00:00,7.951388888888875
2019-03-20 13:00:00,37.11044776119406
2019-03-21 01:00:00,25.931944444444426
2019-03-21 13:00:00,25.886111111111113
2019-03-22 01:00:00,44.14861111111108
2019-03-22 13:00:00,25.875000000000014
2019-03-23 01:00:00,26.066666666666666
2019-03-23 13:00:00,17.038888888888877
2019-03-24 01:00:00,26.4208333333333
2019-03-24 13:00:00,26.54722222222222
2019-03-25 01:00:00,8.70833333333334
2019-03-25 13:00:00,26.884722222222244
2019-03-26 01:00:00,8.83472222222223
2019-03-26 13:00:00,17.799999999999983
2019-03-27 01:00:00,8.5361111111111
2019-03-27 13:00:00,8.152777777777786
2019-03-28 01:00:00,8.023611111111101
2019-03-28 13:00:00,17.02916666666663
2019-03-29 01:00:00,8.069444444444443
2019-03-29 13:00:00,35.33472222222222
2019-03-30 01:00:00,8.190277777777785
2019-03-30 13:00:00,17.33055555555556
2019-03-31 01:00:00,18.459090909090932
2019-03-31 14:00:00,8.576388888888891
2019-04-01 02:00:00,8.9486111111111
2019-04-01 14:00:00,9.002777777777773
2019-04-02 02:00:00,9.359722222222214
2019-04-02 14:00:00,9.298611111111109
2019-04-03 02:00:00,9.5888888888889
2019-04-03 14:00:00,9.65833333333333
2019-04-04 02:00:00,9.955555555555549
2019-04-04 14:00:00,10.034722222222223
2019-04-05 02:00:00,10.279166666666676
2019-04-05 14:00:00,10.129166666666682
2019-04-06 02:00:00,9.968055555555543
2019-04-06 14:00:00,9.777777777777773
2019-04-07 02:00:00,10.02083333333333
2019-04-07 14:00:00,19.13194444444444
2019-04-08 02:00:00,10.537500000000014
2019-04-08 14:00:00,10.68749999999999
2019-04-09 02:00:00,10.884722222222205
2019-04-09 14:00:00,10.987499999999997
2019-04-10 02:00:00,11.37777777777776
2019-04-10 14:00:00,20.5375
2019-04-11 02:00:00,11.779166666666665
2019-04-11 14:00:00,11.636111111111124
2019-04-12 02:00:00,11.18333333333333
2019-04-12 14:00:00,10.445833333333322
2019-04-13 02:00:00,19.016666666666666
2019-04-13 14:00:00,18.713888888888878
2019-04-14 02:00:00,27.644444444444485
2019-04-14 14:00:00,18.449999999999996
2019-04-15 02:00:00,18.50277777777781
2019-04-15 14:00:00,36.861111111111114
2019-04-16 02:00:00,37.09722222222223
2019-04-16 14:00:00,18.8388888888889
2019-04-17 02:00:00,28.181944444444476
2019-04-17 14:00:00,19.020833333333314
2019-04-18 02:00:00,10.295833333333325
2019-04-18 14:00:00,19.551388888888873
2019-04-19 02:00:00,19.81111111111109
2019-04-19 14:00:00,19.831944444444453
2019-04-20 02:00:00,20.158333333333335
2019-04-20 14:00:00,11.036111111111117
2019-04-21 02:00:00,11.202777777777786
2019-04-21 14:00:00,29.280555555555548
2019-04-22 02:00:00,20.45277777777776
2019-04-22 14:00:00,11.368055555555559
2019-04-23 02:00:00,11.786111111111103
2019-04-23 14:00:00,20.8625
2019-04-24 02:00:00,11.879166666666647
2019-04-24 14:00:00,12.043055555555549
2019-04-25 02:00:00,12.584722222222236
2019-04-25 14:00:00,12.761111111111106
2019-04-26 02:00:00,13.187500000000016
2019-04-26 14:00:00,22.443055555555556
2019-04-27 02:00:00,40.20972222222224
2019-04-27 14:00:00,31.95972222222219
2019-04-28 02:00:00,22.59583333333335
2019-04-28 14:00:00,13.323611111111099
2019-04-29 02:00:00,22.356944444444412
2019-04-29 14:00:00,12.937499999999986
2019-04-30 02:00:00,12.716666666666681
2019-04-30 14:00:00,12.327777777777762
2019-05-01 02:00:00,12.188888888888897
2019-05-01 14:00:00,12.211111111111096
2019-05-02 02:00:00,12.365277777777756
2019-05-02 14:00:00,12.441666666666672
2019-05-03 02:00:00,12.822222222222198
2019-05-03 14:00:00,12.85694444444444
2019-05-04 02:00:00,13.037500000000003
2019-05-04 14:00:00,13.047222222222224
2019-05-05 02:00:00,13.26666666666668
2019-05-05 14:00:00,12.968055555555543
2019-05-06 02:00:00,12.355555555555553
2019-05-06 14:00:00,11.723611111111119
2019-05-07 02:00:00,11.270833333333348
2019-05-07 14:00:00,11.040277777777785
2019-05-08 02:00:00,11.008333333333333
2019-05-08 14:00:00,11.026388888888889
2019-05-09 02:00:00,11.388888888888875
2019-05-09 14:00:00,11.525000000000013
2019-05-10 02:00:00,11.618055555555564
2019-05-10 14:00:00,11.688888888888881
2019-05-11 02:00:00,12.115277777777791
2019-05-11 14:00:00,12.381944444444443
2019-05-12 02:00:00,13.03611111111112
2019-05-12 14:00:00,13.265277777777769
2019-05-13 02:00:00,13.590277777777793
2019-05-13 14:00:00,13.398611111111089
2019-05-14 02:00:00,13.00833333333333
2019-05-14 14:00:00,21.43055555555554
2019-05-15 02:00:00,39.079166666666644
2019-05-15 14:00:00,11.420833333333318
2019-05-16 02:00:00,11.37499999999998
2019-05-16 14:00:00,20.42500000000003
2019-05-17 02:00:00,20.569444444444443
2019-05-17 14:00:00,20.731944444444437
2019-05-18 02:00:00,30.068055555555596
2019-05-18 14:00:00,12.07083333333333
2019-05-19 02:00:00,12.64444444444446
2019-05-19 14:00:00,12.988888888888889
2019-05-20 02:00:00,13.368055555555541
2019-05-20 14:00:00,22.747222222222245
2019-05-21 02:00:00,32.15000000000003
2019-05-21 14:00:00,32.104166666666664
2019-05-22 02:00:00,23.11527777777773
2019-05-22 14:00:00,14.127777777777773
2019-05-23 02:00:00,14.302777777777765
2019-05-23 14:00:00,14.44722222222222
2019-05-24 02:00:00,14.506944444444441
2019-05-24 14:00:00,14.405555555555553
2019-05-25 02:00:00,14.53333333333334
2019-05-25 14:00:00,14.570833333333333
2019-05-26 02:00:00,14.877777777777759
2019-05-26 14:00:00,14.913888888888884
2019-05-27 02:00:00,15.418055555555554
2019-05-27 14:00:00,15.579166666666683
2019-05-28 02:00:00,15.715277777777771
2019-05-28 14:00:00,15.729166666666654
2019-05-29 02:00:00,15.872222222222227
2019-05-29 14:00:00,15.991666666666665
2019-05-30 02:00:00,16.005555555555567
2019-05-30 14:00:00,15.662500000000003
2019-05-31 02:00:00,15.343055555555544
2019-05-31 14:00:00,15.077777777777792
2019-06-01 02:00:00,15.15000000000001
2019-06-01 14:00:00,15.19305555555554
2019-06-02 02:00:00,15.368055555555559
2019-06-02 14:00:00,15.573611111111113
2019-06-03 02:00:00,15.877777777777773
2019-06-03 14:00:00,16.09722222222223
2019-06-04 02:00:00,16.333333333333332
2019-06-04 14:00:00,16.679166666666674
2019-06-05 02:00:00,17.081944444444453
2019-06-05 14:00:00,17.19305555555557
2019-06-06 02:00:00,17.340277777777757
2019-06-06 14:00:00,17.275000000000002
2019-06-07 02:00:00,17.59166666666666
2019-06-07 14:00:00,17.774999999999977
2019-06-08 02:00:00,18.156944444444438
2019-06-08 14:00:00,18.24027777777778
2019-06-09 02:00:00,18.569444444444464
2019-06-09 14:00:00,18.50416666666667
2019-06-10 02:00:00,18.751388888888872
2019-06-10 14:00:00,18.836111111111098
2019-06-11 02:00:00,19.26388888888887
2019-06-11 14:00:00,19.30416666666664
2019-06-12 02:00:00,19.620833333333323
2019-06-12 14:00:00,19.573611111111127
2019-06-13 02:00:00,19.780555555555555
2019-06-13 14:00:00,19.929166666666664
2019-06-14 02:00:00,20.272222222222204
2019-06-14 14:00:00,20.188888888888897
2019-06-15 02:00:00,20.336111111111094
2019-06-15 14:00:00,20.340277777777747
2019-06-16 02:00:00,20.612499999999994
2019-06-16 14:00:00,20.6916666666667
2019-06-17 02:00:00,20.766666666666634
2019-06-17 14:00:00,20.45277777777775
2019-06-18 02:00:00,20.34166666666669
2019-06-18 14:00:00,20.366666666666646
2019-06-19 02:00:00,20.673611111111093
2019-06-19 14:00:00,20.702777777777797
2019-06-20 02:00:00,20.85555555555554
2019-06-20 14:00:00,20.74166666666667
2019-06-21 02:00:00,21.01111111111114
2019-06-21 14:00:00,20.952777777777754
2019-06-22 02:00:00,20.99722222222224
2019-06-22 14:00:00,20.980555555555547
2019-06-23 02:00:00,21.03194444444446
2019-06-23 14:00:00,20.50833333333334
2019-06-24 02:00:00,20.28472222222222
2019-06-24 14:00:00,20.06388888888888
2019-06-25 02:00:00,20.005555555555542
2019-06-25 14:00:00,20.248611111111085
2019-06-26 02:00:00,20.67916666666666
2019-06-26 14:00:00,20.958333333333318
2019-06-27 02:00:00,21.34999999999998
2019-06-27 14:00:00,21.495833333333323
2019-06-28 02:00:00,21.793055555555558
2019-06-28 14:00:00,21.72083333333336
2019-06-29 02:00:00,21.305555555555543
2019-06-29 14:00:00,20.91944444444445
2019-06-30 02:00:00,20.811111111111078
2019-06-30 14:00:00,20.67916666666668
2019-07-01 02:00:00,20.788888888888874
2019-07-01 14:00:00,20.92777777777776
2019-07-02 02:00:00,21.356944444444437
2019-07-02 14:00:00,21.50694444444443
2019-07-03 02:00:00,21.736111111111082
2019-07-03 14:00:00,21.67222222222222
2019-07-04 02:00:00,21.629166666666645
2019-07-04 14:00:00,21.352777777777753
2019-07-05 02:00:00,20.954166666666655
2019-07-05 14:00:00,20.71388888888891
2019-07-06 02:00:00,20.941666666666674
2019-07-06 14:00:00,21.02638888888889
2019-07-07 02:00:00,21.38055555555557
2019-07-07 14:00:00,21.48749999999997
2019-07-08 02:00:00,21.318055555555524
2019-07-08 14:00:00,21.10000000000001
2019-07-09 02:00:00,21.12361111111114
2019-07-09 14:00:00,20.923611111111107
2019-07-10 02:00:00,20.80555555555553
2019-07-10 14:00:00,20.268055555555527
2019-07-11 02:00:00,19.749999999999986
2019-07-11 14:00:00,19.470833333333307
2019-07-12 02:00:00,19.46666666666666
2019-07-12 14:00:00,19.273611111111123
2019-07-13 02:00:00,19.3722222222222
2019-07-13 14:00:00,19.33333333333335
2019-07-14 02:00:00,19.205555555555538
2019-07-14 14:00:00,19.131944444444446
2019-07-15 02:00:00,19.173611111111104
2019-07-15 14:00:00,19.06666666666667
2019-07-16 02:00:00,19.199999999999996
2019-07-16 14:00:00,19.102777777777774
2019-07-17 02:00:00,19.229166666666643
2019-07-17 14:00:00,19.24027777777779
2019-07-18 02:00:00,19.451388888888893
2019-07-18 14:00:00,19.393055555555552
2019-07-19 02:00:00,19.618055555555536
2019-07-19 14:00:00,19.58
2019-07-20 02:00:00,19.618055555555536
2019-07-20 14:00:00,20.029032258064525
2019-07-21 02:00:00,20.402777777777757
2019-07-21 14:00:00,20.466666666666654
2019-07-22 02:00:00,20.847222222222197
2019-07-22 14:00:00,20.904166666666637
2019-07-23 02:00:00,20.995833333333348
2019-07-23 14:00:00,20.816666666666677
2019-07-24 02:00:00,20.930555555555554
2019-07-24 14:00:00,20.881944444444432
2019-07-25 02:00:00,21.043055555555586
2019-07-25 14:00:00,21.084722222222222
2019-07-26 02:00:00,21.315277777777762
2019-07-26 14:00:00,21.09999999999998
2019-07-27 02:00:00,21.06388888888891
2019-07-27 14:00:00,21.062499999999996
2019-07-28 02:00:00,21.372222222222224
2019-07-28 14:00:00,21.299999999999972
2019-07-29 02:00:00,21.15972222222224
2019-07-29 14:00:00,20.94166666666665
2019-07-30 02:00:00,20.995833333333355
2019-07-30 14:00:00,20.95694444444443
2019-07-31 02:00:00,21.298611111111086
2019-07-31 14:00:00,21.356944444444434
2019-08-01 02:00:00,21.50694444444447
2019-08-01 14:00:00,21.46111111111108
2019-08-02 02:00:00,21.48611111111112
2019-08-02 14:00:00,21.369444444444433
2019-08-03 02:00:00,21.362499999999983
2019-08-03 14:00:00,21.069444444444418
2019-08-04 02:00:00,20.911111111111094
2019-08-04 14:00:00,20.586111111111094
2019-08-05 02:00:00,20.430555555555546
2019-08-05 14:00:00,20.216666666666693
2019-08-06 02:00:00,20.368055555555546
2019-08-06 14:00:00,20.393055555555534
2019-08-07 02:00:00,20.770833333333307
2019-08-07 14:00:00,21.02083333333333
2019-08-08 02:00:00,21.391666666666683
2019-08-08 14:00:00,21.45416666666663
2019-08-09 02:00:00,21.509722222222255
2019-08-09 14:00:00,21.51388888888887
2019-08-10 02:00:00,21.57499999999999
2019-08-10 14:00:00,21.598611111111126
2019-08-11 02:00:00,21.820833333333347
2019-08-11 14:00:00,21.829166666666648
2019-08-12 02:00:00,22.115277777777784
2019-08-12 14:00:00,22.0763888888889
2019-08-13 02:00:00,22.58888888888887
2019-08-13 14:00:00,22.5972222222222
2019-08-14 02:00:00,22.1847222222222
2019-08-14 14:00:00,21.10555555555558
2019-08-15 02:00:00,20.58333333333334
2019-08-15 14:00:00,20.122222222222213
2019-08-16 02:00:00,19.868055555555543
2019-08-16 14:00:00,19.43611111111111
2019-08-17 02:00:00,19.562500000000004
2019-08-17 14:00:00,19.487499999999997
2019-08-18 02:00:00,19.625000000000014
2019-08-18 14:00:00,19.573611111111095
2019-08-19 02:00:00,19.888888888888868
2019-08-19 14:00:00,19.91666666666668
2019-08-20 02:00:00,20.41666666666666
2019-08-20 14:00:00,20.583333333333346
2019-08-21 02:00:00,20.849999999999977
2019-08-21 14:00:00,20.788888888888895
2019-08-22 02:00:00,20.620833333333344
2019-08-22 14:00:00,20.4861111111111
2019-08-23 02:00:00,20.663888888888884
2019-08-23 14:00:00,20.799999999999986
2019-08-24 02:00:00,21.045833333333363
2019-08-24 14:00:00,21.161111111111133
2019-08-25 02:00:00,21.402777777777768
2019-08-25 14:00:00,21.426388888888866
2019-08-26 02:00:00,21.570833333333354
2019-08-26 14:00:00,21.534722222222214
2019-08-27 02:00:00,21.634722222222248
2019-08-27 14:00:00,21.518055555555552
2019-08-28 02:00:00,21.56527777777779
2019-08-28 14:00:00,21.561111111111117
2019-08-29 02:00:00,21.491666666666685
2019-08-29 14:00:00,21.4861111111111
2019-08-30 02:00:00,21.42361111111111
2019-08-30 14:00:00,21.137500000000017
2019-08-31 02:00:00,21.333333333333304
2019-08-31 14:00:00,21.319444444444414
2019-09-01 02:00:00,21.3111111111111
2019-09-01 14:00:00,21.18472222222225
2019-09-02 02:00:00,21.134722222222223
2019-09-02 14:00:00,20.895833333333297
2019-09-03 02:00:00,20.84999999999999
2019-09-03 14:00:00,20.15833333333334
2019-09-04 02:00:00,19.36527777777777
2019-09-04 14:00:00,18.98611111111111
2019-09-05 02:00:00,18.72777777777778
2019-09-05 14:00:00,18.50416666666666
2019-09-06 02:00:00,18.538888888888895
2019-09-06 14:00:00,18.51111111111111
2019-09-07 02:00:00,18.648611111111105
2019-09-07 14:00:00,18.534722222222225
2019-09-08 02:00:00,18.58472222222224
2019-09-08 14:00:00,18.483333333333334
2019-09-09 02:00:00,18.572222222222244
2019-09-09 14:00:00,18.34583333333333
2019-09-10 02:00:00,18.002777777777773
2019-09-10 14:00:00,17.74027777777779
2019-09-11 02:00:00,17.634722222222237
2019-09-11 14:00:00,17.597222222222232
2019-09-12 02:00:00,17.95277777777778
2019-09-12 14:00:00,18.07777777777779
2019-09-13 02:00:00,18.190277777777798
2019-09-13 14:00:00,18.077777777777772
2019-09-14 02:00:00,18.05138888888888
2019-09-14 14:00:00,18.04444444444444
2019-09-15 02:00:00,18.113888888888898
2019-09-15 14:00:00,17.9097222222222
2019-09-16 02:00:00,17.825
2019-09-16 14:00:00,17.720833333333317
2019-09-17 02:00:00,17.894444444444424
2019-09-17 14:00:00,17.987499999999997
2019-09-18 02:00:00,18.274999999999974
2019-09-18 14:00:00,17.815277777777748
2019-09-19 02:00:00,17.227777777777792
2019-09-19 14:00:00,16.877777777777773
2019-09-20 02:00:00,16.29583333333333
2019-09-20 14:00:00,15.65694444444447
2019-09-21 02:00:00,15.201388888888886
2019-09-21 14:00:00,14.772222222222211
2019-09-22 02:00:00,14.572222222222223
2019-09-22 14:00:00,14.363888888888887
2019-09-23 02:00:00,15.009722222222226
2019-09-23 14:00:00,15.276388888888878
2019-09-24 02:00:00,15.456944444444458
2019-09-24 14:00:00,15.37916666666666
2019-09-25 02:00:00,15.295833333333327
2019-09-25 14:00:00,15.67361111111111
2019-09-26 02:00:00,15.936111111111115
2019-09-26 14:00:00,16.133333333333344
2019-09-27 02:00:00,16.049999999999994
2019-09-27 14:00:00,15.874999999999988
2019-09-28 02:00:00,15.9736111111111
2019-09-28 14:00:00,16.008333333333336
2019-09-29 02:00:00,16.25972222222221
2019-09-29 14:00:00,16.248611111111114
2019-09-30 02:00:00,16.419444444444427
2019-09-30 14:00:00,16.48750000000001
2019-10-01 02:00:00,16.658333333333346
2019-10-01 14:00:00,16.540277777777792
2019-10-02 02:00:00,16.49999999999999
2019-10-02 14:00:00,16.426388888888884
2019-10-03 02:00:00,16.45972222222222
2019-10-03 14:00:00,15.798611111111102
2019-10-04 02:00:00,15.244444444444449
2019-10-04 14:00:00,14.816666666666656
2019-10-05 02:00:00,14.423611111111107
2019-10-05 14:00:00,14.015277777777786
2019-10-06 02:00:00,14.097222222222223
2019-10-06 14:00:00,13.755555555555539
2019-10-07 02:00:00,13.50833333333333
2019-10-07 14:00:00,13.133333333333354
2019-10-08 02:00:00,12.980555555555545
2019-10-08 14:00:00,12.720833333333324
2019-10-09 02:00:00,12.491666666666658
2019-10-09 14:00:00,12.351388888888891
2019-10-10 02:00:00,12.73749999999998
2019-10-10 14:00:00,12.943055555555553
2019-10-11 02:00:00,12.980555555555545
2019-10-11 14:00:00,12.783333333333317
2019-10-12 02:00:00,12.736111111111116
2019-10-12 14:00:00,12.588888888888885
2019-10-13 02:00:00,12.82083333333333
2019-10-13 14:00:00,12.862500000000004
2019-10-14 02:00:00,13.141666666666671
2019-10-14 14:00:00,13.144444444444439
2019-10-15 02:00:00,13.415277777777762
2019-10-15 14:00:00,13.415277777777783
2019-10-16 02:00:00,13.444444444444436
2019-10-16 14:00:00,13.37916666666667
2019-10-17 02:00:00,13.718055555555566
2019-10-17 14:00:00,13.715277777777764
2019-10-18 02:00:00,13.837499999999991
2019-10-18 14:00:00,13.726388888888874
2019-10-19 02:00:00,13.733333333333341
2019-10-19 14:00:00,13.57777777777778
2019-10-20 02:00:00,13.576388888888888
2019-10-20 14:00:00,13.443055555555564
2019-10-21 02:00:00,13.548611111111109
2019-10-21 14:00:00,13.483333333333327
2019-10-22 02:00:00,13.797222222222215
2019-10-22 14:00:00,13.822222222222221
2019-10-23 02:00:00,13.979166666666659
2019-10-23 14:00:00,13.702777777777763
2019-10-24 02:00:00,13.734722222222228
2019-10-24 14:00:00,13.47916666666667
2019-10-25 02:00:00,13.473611111111104
2019-10-25 14:00:00,13.22083333333332
2019-10-26 02:00:00,13.287499999999996
2019-10-26 14:00:00,13.127777777777782
2019-10-27 02:00:00,13.024999999999995
2019-10-27 13:00:00,12.749999999999986
2019-10-28 01:00:00,12.670833333333336
2019-10-28 13:00:00,12.54861111111112
2019-10-29 01:00:00,12.779166666666669
2019-10-29 13:00:00,12.638888888888893
2019-10-30 01:00:00,12.22777777777779
2019-10-30 13:00:00,11.951388888888879
2019-10-31 01:00:00,11.608333333333334
2019-10-31 13:00:00,11.315277777777766
2019-11-01 01:00:00,10.98194444444444
2019-11-01 13:00:00,10.602777777777792
2019-11-02 01:00:00,10.515277777777772
2019-11-02 13:00:00,10.502777777777787
2019-11-03 01:00:00,10.855555555555547
2019-11-03 13:00:00,11.388888888888893
2019-11-04 01:00:00,11.888888888888879
2019-11-04 13:00:00,12.21111111111109
2019-11-05 01:00:00,12.147222222222231
2019-11-05 13:00:00,12.231944444444439
2019-11-06 01:00:00,12.663888888888907
2019-11-06 13:00:00,12.770833333333316
2019-11-07 01:00:00,12.77777777777778
2019-11-07 13:00:00,12.666666666666682
2019-11-08 01:00:00,12.41666666666665
2019-11-08 13:00:00,12.197222222222221
2019-11-09 01:00:00,12.298611111111097
2019-11-09 13:00:00,12.288888888888874
2019-11-10 01:00:00,12.155555555555571
2019-11-10 13:00:00,11.873611111111094
2019-11-11 01:00:00,11.476388888888875
2019-11-11 13:00:00,11.294444444444432
2019-11-12 01:00:00,11.034722222222218
2019-11-12 13:00:00,10.769444444444433
2019-11-13 01:00:00,10.922222222222215
2019-11-13 13:00:00,11.233333333333325
2019-11-14 01:00:00,11.379166666666652
2019-11-14 13:00:00,11.111111111111125
2019-11-15 01:00:00,11.100000000000014
2019-11-15 13:00:00,11.183582089552226
2019-11-16 01:00:00,11.099999999999996
2019-11-16 13:00:00,11.222222222222207
2019-11-17 01:00:00,11.176388888888894
2019-11-17 13:00:00,11.009722222222232
2019-11-18 01:00:00,11.200000000000012
2019-11-18 13:00:00,11.265277777777765
2019-11-19 01:00:00,10.968055555555551
2019-11-19 13:00:00,10.569444444444457
2019-11-20 01:00:00,10.395833333333318
2019-11-20 13:00:00,10.40833333333333
2019-11-21 01:00:00,10.562500000000012
2019-11-21 13:00:00,10.559722222222236
2019-11-22 01:00:00,10.513888888888888
2019-11-22 13:00:00,10.363888888888878
2019-11-23 01:00:00,10.070833333333328
2019-11-23 13:00:00,9.536111111111111
2019-11-24 01:00:00,9.24444444444445
2019-11-24 13:00:00,8.897222222222211
2019-11-25 01:00:00,8.708333333333337
2019-11-25 13:00:00,8.318055555555555
2019-11-26 01:00:00,8.183333333333332
2019-11-26 13:00:00,8.274999999999997
2019-11-27 01:00:00,8.355555555555547
2019-11-27 13:00:00,8.4638888888889
2019-11-28 01:00:00,8.763888888888884
2019-11-28 13:00:00,8.920833333333343
2019-11-29 01:00:00,9.252777777777773
2019-11-29 13:00:00,9.323611111111108
2019-11-30 01:00:00,9.30694444444444
2019-11-30 13:00:00,9.019444444444439
2019-12-01 01:00:00,8.429166666666667
2019-12-01 13:00:00,7.780555555555562
2019-12-02 01:00:00,7.530555555555555
2019-12-02 13:00:00,7.2125000000000075
2019-12-03 01:00:00,6.876388888888888
2019-12-03 13:00:00,6.7152777777777715
2019-12-04 01:00:00,6.443055555555553
2019-12-04 13:00:00,6.037499999999991
2019-12-05 01:00:00,5.773611111111112
2019-12-05 13:00:00,5.587500000000003
2019-12-06 01:00:00,5.431944444444441
2019-12-06 13:00:00,5.300000000000007
2019-12-07 01:00:00,5.2249999999999925
2019-12-07 13:00:00,5.265277777777785
2019-12-08 01:00:00,5.300000000000007
2019-12-08 13:00:00,5.419444444444449
2019-12-09 01:00:00,5.520833333333325
2019-12-09 13:00:00,5.500000000000006
2019-12-10 01:00:00,5.819444444444439
2019-12-10 13:00:00,6.073611111111119
2019-12-11 01:00:00,6.0472222222222145
2019-12-11 13:00:00,5.804166666666673
2019-12-12 01:00:00,5.633333333333336
2019-12-12 13:00:00,5.498611111111111
2019-12-13 01:00:00,5.4249999999999945
2019-12-13 13:00:00,5.330555555555555
2019-12-14 01:00:00,5.300000000000007
2019-12-14 13:00:00,5.5055555555555635
2019-12-15 01:00:00,5.469444444444442
2019-12-15 13:00:00,5.370833333333334
2019-12-16 01:00:00,5.584722222222228
2019-12-16 13:00:00,5.78055555555555
2019-12-17 01:00:00,5.9624999999999915
2019-12-17 13:00:00,6.018055555555559
2019-12-18 01:00:00,6.1152777777777825
2019-12-18 13:00:00,6.140277777777779
2019-12-19 01:00:00,6.383333333333325
2019-12-19 13:00:00,6.4888888888889005
2019-12-20 01:00:00,6.575000000000003
2019-12-20 13:00:00,6.55277777777778
2019-12-21 01:00:00,6.800000000000006
2019-12-21 13:00:00,6.95694444444445
2019-12-22 01:00:00,7.138888888888892
2019-12-22 13:00:00,7.095833333333343
2019-12-23 01:00:00,7.1305555555555635
2019-12-23 13:00:00,7.151388888888882
2019-12-24 01:00:00,7.137500000000009
2019-12-24 13:00:00,7.015277777777779
2019-12-25 01:00:00,6.770833333333342
2019-12-25 13:00:00,6.53750000000001
2019-12-26 01:00:00,6.547222222222222
2019-12-26 13:00:00,6.3999999999999915
2019-12-27 01:00:00,6.152777777777779
2019-12-27 13:00:00,5.929166666666665
2019-12-28 01:00:00,5.795833333333339
2019-12-28 13:00:00,5.486111111111104
2019-12-29 01:00:00,5.13055555555555
2019-12-29 13:00:00,4.847222222222229
2019-12-30 01:00:00,4.620833333333329
2019-12-30 13:00:00,4.293055555555557
2019-12-31 01:00:00,3.9694444444444468
2019-12-31 13:00:00,3.6736111111111094
2020-01-01 01:00:00,3.469444444444447
2020-01-01 13:00:00,3.3500000000000023
2020-01-02 01:00:00,3.2555555555555515
2020-01-02 13:00:00,3.099999999999996
2020-01-03 01:00:00,2.998611111111113
2020-01-03 13:00:00,2.8527777777777827
2020-01-04 01:00:00,2.7972222222222247
2020-01-04 13:00:00,2.701388888888886
2020-01-05 01:00:00,2.6999999999999975
2020-01-05 13:00:00,2.777777777777781
2020-01-06 01:00:00,2.751388888888884
2020-01-06 13:00:00,2.598611111111108
2020-01-07 01:00:00,2.4472222222222255
2020-01-07 13:00:00,2.3388888888888903
2020-01-08 01:00:00,2.300000000000001
2020-01-08 13:00:00,2.2083333333333326
2020-01-09 01:00:00,2.180555555555556
2020-01-09 13:00:00,2.099999999999997
2020-01-10 01:00:00,2.099999999999997
2020-01-10 13:00:00,2.099999999999997
2020-01-11 01:00:00,2.0888888888888864
2020-01-11 13:00:00,2.073611111111108
2020-01-12 01:00:00,2.0986111111111083
2020-01-12 13:00:00,2.0444444444444425
2020-01-13 01:00:00,2.0833333333333313
2020-01-13 13:00:00,2.0805555555555526
2020-01-14 01:00:00,2.0986111111111083
2020-01-14 13:00:00,2.0819444444444413
2020-01-15 01:00:00,2.099999999999997
2020-01-15 13:00:00,2.099999999999997
2020-01-16 01:00:00,2.099999999999997
2020-01-16 13:00:00,2.099999999999997
2020-01-17 01:00:00,2.1736111111111107
2020-01-17 13:00:00,2.1999999999999993
2020-01-18 01:00:00,2.1999999999999993
2020-01-18 13:00:00,2.1999999999999993
2020-01-19 01:00:00,2.1861111111111104
2020-01-19 13:00:00,2.179166666666666
2020-01-20 01:00:00,2.222222222222223
2020-01-20 13:00:00,2.322222222222222
2020-01-21 01:00:00,2.4000000000000035
2020-01-21 13:00:00,2.583333333333328
2020-01-22 01:00:00,2.563888888888888
2020-01-22 13:00:00,2.3180555555555564
2020-01-23 01:00:00,2.1666666666666656
2020-01-23 13:00:00,2.070833333333332
2020-01-24 01:00:00,1.9569444444444468
2020-01-24 13:00:00,1.9000000000000026
2020-01-25 01:00:00,1.8402777777777761
2020-01-25 13:00:00,1.799999999999998
2020-01-26 01:00:00,1.799999999999998
2020-01-26 13:00:00,1.845833333333335
2020-01-27 01:00:00,2.037499999999998
2020-01-27 13:00:00,2.2708333333333344
2020-01-28 01:00:00,2.6027777777777743
2020-01-28 13:00:00,2.925
2020-01-29 01:00:00,3.315277777777779
2020-01-29 13:00:00,3.1930555555555586
2020-01-30 01:00:00,3.077777777777777
2020-01-30 13:00:00,3.076388888888889
2020-01-31 01:00:00,3.147222222222221
2020-01-31 13:00:00,3.268055555555554
2020-02-01 01:00:00,3.94027777777778
2020-02-01 13:00:00,4.451388888888888
2020-02-02 01:00:00,4.980555555555555
2020-02-02 13:00:00,5.3333333333333375
2020-02-03 01:00:00,5.827777777777771
2020-02-03 13:00:00,6.086111111111111
2020-02-04 01:00:00,6.308333333333341
2020-02-04 13:00:00,6.322222222222226
2020-02-05 01:00:00,5.880555555555561
2020-02-05 13:00:00,5.431944444444439
2020-02-06 01:00:00,4.966666666666671
2020-02-06 13:00:00,4.4194444444444425
2020-02-07 01:00:00,4.272222222222227
2020-02-07 13:00:00,4.215277777777775
2020-02-08 01:00:00,4.39861111111111
2020-02-08 13:00:00,4.358333333333331
2020-02-09 01:00:00,4.17916666666666
2020-02-09 13:00:00,3.9708333333333314
2020-02-10 01:00:00,4.102777777777776
2020-02-10 13:00:00,4.294444444444446
2020-02-11 01:00:00,5.184722222222226
2020-02-11 13:00:00,5.444444444444446
2020-02-12 01:00:00,5.420833333333331
2020-02-12 13:00:00,5.425000000000008
2020-02-13 01:00:00,5.341666666666673
2020-02-13 13:00:00,5.072222222222219
2020-02-14 01:00:00,5.204166666666663
2020-02-14 13:00:00,5.534722222222225
2020-02-15 01:00:00,5.624999999999994
2020-02-15 13:00:00,5.525
2020-02-16 01:00:00,5.509722222222219
2020-02-16 13:00:00,5.324999999999999
2020-02-17 01:00:00,5.358333333333337
2020-02-17 13:00:00,5.450000000000004
2020-02-18 01:00:00,5.826865671641798
2020-02-18 13:00:00,6.006944444444449
2020-02-19 01:00:00,6.1277777777777835
2020-02-19 13:00:00,6.236111111111104
2020-02-20 01:00:00,6.3305555555555575
2020-02-20 13:00:00,6.193055555555556
2020-02-21 01:00:00,5.963888888888889
2020-02-21 13:00:00,5.6458333333333295
2020-02-22 01:00:00,5.459722222222222
2020-02-22 13:00:00,5.2611111111111075
2020-02-23 01:00:00,5.390277777777784
2020-02-23 13:00:00,5.565277777777777
2020-02-24 01:00:00,6.027777777777787
2020-02-24 13:00:00,6.411111111111116
2020-02-25 01:00:00,6.309722222222229
2020-02-25 13:00:00,6.113888888888891
2020-02-26 01:00:00,6.334722222222229
2020-02-26 13:00:00,6.443055555555558
2020-02-27 01:00:00,6.229166666666674
2020-02-27 13:00:00,6.063888888888889
2020-02-28 01:00:00,6.051388888888882
2020-02-28 13:00:00,5.963888888888888
2020-02-29 01:00:00,5.651388888888887
2020-02-29 13:00:00,5.445833333333338
2020-03-01 01:00:00,5.655555555555562
2020-03-01 13:00:00,5.740277777777773
2020-03-02 01:00:00,6.104166666666666
2020-03-02 13:00:00,6.652777777777777
2020-03-03 01:00:00,7.16527777777777
2020-03-03 13:00:00,7.355555555555558
2020-03-04 01:00:00,7.545833333333331
2020-03-04 13:00:00,7.394444444444435
2020-03-05 01:00:00,7.1
2020-03-05 13:00:00,6.873611111111116
2020-03-06 01:00:00,6.9736111111111025
2020-03-06 13:00:00,6.911111111111112
2020-03-07 01:00:00,7.12222222222223
2020-03-07 13:00:00,7.33333333333333
2020-03-08 01:00:00,7.248611111111117
2020-03-08 13:00:00,6.843055555555548
2020-03-09 01:00:00,6.740277777777784
2020-03-09 13:00:00,6.718055555555556
2020-03-10 01:00:00,6.9097222222222205
2020-03-10 13:00:00,6.822222222222223
2020-03-11 01:00:00,6.945833333333325
2020-03-11 13:00:00,7.265277777777778
2020-03-12 01:00:00,7.791666666666667
2020-03-12 13:00:00,8.208333333333334
2020-03-13 01:00:00,8.68611111111112
2020-03-13 13:00:00,8.661111111111115
2020-03-14 01:00:00,8.5125
2020-03-14 13:00:00,8.551388888888889
2020-03-15 01:00:00,8.566666666666663
2020-03-15 13:00:00,8.290277777777769
2020-03-16 01:00:00,7.90833333333333
2020-03-16 13:00:00,7.61111111111111
2020-03-17 01:00:00,7.650000000000002
2020-03-17 13:00:00,7.647222222222221
2020-03-18 01:00:00,7.9861111111111045
2020-03-18 13:00:00,8.397222222222217
2020-03-19 01:00:00,8.687500000000007
2020-03-19 13:00:00,8.763888888888896
2020-03-20 01:00:00,9.018055555555547
2020-03-20 13:00:00,9.080555555555556
2020-03-21 01:00:00,9.331944444444451
2020-03-21 13:00:00,9.356944444444446
2020-03-22 01:00:00,9.443055555555539
2020-03-22 13:00:00,8.94848484848484
2020-03-23 01:00:00,8.27222222222222
2020-03-23 13:00:00,7.647222222222229
2020-03-24 01:00:00,7.194444444444449
2020-03-24 13:00:00,6.587499999999995
2020-03-25 01:00:00,6.076388888888882
2020-03-25 13:00:00,5.659722222222223
2020-03-26 01:00:00,5.313888888888894
2020-03-26 13:00:00,5.338888888888895
2020-03-27 01:00:00,5.691666666666662
2020-03-27 13:00:00,6.215277777777779
2020-03-28 01:00:00,6.668055555555561
2020-03-28 13:00:00,7.030555555555557
2020-03-29 01:00:00,7.599999999999996
2020-03-29 14:00:00,
2020-03-30 02:00:00,8.055555555555555
2020-03-30 14:00:00,7.863888888888886
2020-03-31 02:00:00,7.600000000000002
2020-03-31 14:00:00,7.37222222222222
2020-04-01 02:00:00,7.194444444444447
2020-04-01 14:00:00,6.8249999999999975
2020-04-02 02:00:00,6.7500000000000036
2020-04-02 14:00:00,6.6375
2020-04-03 02:00:00,6.961111111111106
2020-04-03 14:00:00,7.052777777777781
2020-04-04 02:00:00,7.515277777777772
2020-04-04 14:00:00,7.618055555555557
2020-04-05 02:00:00,7.995833333333323
2020-04-05 14:00:00,8.118055555555559
2020-04-06 02:00:00,8.516666666666659
2020-04-06 14:00:00,8.54861111111111
2020-04-07 02:00:00,8.791228070175446
2020-04-07 14:00:00,
2020-04-08 02:00:00,8.898333333333333
2020-04-08 14:00:00,8.898611111111103
2020-04-09 02:00:00,9.240277777777782
2020-04-09 14:00:00,9.318055555555551
2020-04-10 02:00:00,9.8013888888889
2020-04-10 14:00:00,9.96666666666666
2020-04-11 02:00:00,10.429166666666653
2020-04-11 14:00:00,10.51527777777777
2020-04-12 02:00:00,10.823611111111113
2020-04-12 14:00:00,10.906944444444438
2020-04-13 02:00:00,11.384722222222202
2020-04-13 14:00:00,11.55555555555555
2020-04-14 02:00:00,11.813888888888888
2020-04-14 14:00:00,11.362499999999992
2020-04-15 02:00:00,10.738888888888882
2020-04-15 14:00:00,10.344444444444447
2020-04-16 02:00:00,10.408333333333333
2020-04-16 14:00:00,10.39027777777777
2020-04-17 02:00:00,10.840277777777775
2020-04-17 14:00:00,11.161111111111111
2020-04-18 02:00:00,11.734722222222237
2020-04-18 14:00:00,12.002777777777775
2020-04-19 02:00:00,12.516666666666662
2020-04-19 14:00:00,12.78888888888889
2020-04-20 02:00:00,13.213888888888906
2020-04-20 14:00:00,13.124999999999993
2020-04-21 02:00:00,12.984722222222224
2020-04-21 14:00:00,12.616666666666665
2020-04-22 02:00:00,12.470833333333333
2020-04-22 14:00:00,12.283333333333333
2020-04-23 02:00:00,12.30972222222222
2020-04-23 14:00:00,12.145833333333327
2020-04-24 02:00:00,12.270833333333329
2020-04-24 14:00:00,12.281944444444456
2020-04-25 02:00:00,12.620833333333332
2020-04-25 14:00:00,12.715277777777782
2020-04-26 02:00:00,13.116666666666665
2020-04-26 14:00:00,12.968055555555557
2020-04-27 02:00:00,12.811111111111108
2020-04-27 14:00:00,12.709722222222224
2020-04-28 02:00:00,13.102777777777781
2020-04-28 14:00:00,13.319444444444446
2020-04-29 02:00:00,13.731944444444444
2020-04-29 14:00:00,13.708333333333321
2020-04-30 02:00:00,13.756944444444448
2020-04-30 14:00:00,13.866666666666669
2020-05-01 02:00:00,14.04027777777778
2020-05-01 14:00:00,13.995833333333337
2020-05-02 02:00:00,13.962499999999984
2020-05-02 14:00:00,13.8625
2020-05-03 02:00:00,14.027777777777771
2020-05-03 14:00:00,13.523611111111125
2020-05-04 02:00:00,13.352777777777778
2020-05-04 14:00:00,13.12083333333333
2020-05-05 02:00:00,13.215277777777786
2020-05-05 14:00:00,13.168055555555549
2020-05-06 02:00:00,13.433333333333316
2020-05-06 14:00:00,13.243055555555534
2020-05-07 02:00:00,12.916666666666664
2020-05-07 14:00:00,12.773611111111103
2020-05-08 02:00:00,12.866666666666662
2020-05-08 14:00:00,12.994444444444435
2020-05-09 02:00:00,13.340277777777771
2020-05-09 14:00:00,13.648611111111116
2020-05-10 02:00:00,14.245833333333346
2020-05-10 14:00:00,14.419444444444439
2020-05-11 02:00:00,14.73472222222221
2020-05-11 14:00:00,14.94583333333333
2020-05-12 02:00:00,15.087500000000015
2020-05-12 14:00:00,14.590277777777775
2020-05-13 02:00:00,13.977777777777778
2020-05-13 14:00:00,13.958333333333329
2020-05-14 02:00:00,14.495833333333344
2020-05-14 14:00:00,14.6986111111111
2020-05-15 02:00:00,14.765277777777763
2020-05-15 14:00:00,14.706944444444439
2020-05-16 02:00:00,14.729166666666666
2020-05-16 14:00:00,14.49166666666667
2020-05-17 02:00:00,14.690277777777794
2020-05-17 14:00:00,14.854166666666673
2020-05-18 02:00:00,15.095833333333344
2020-05-18 14:00:00,15.243055555555559
2020-05-19 02:00:00,15.690277777777782
2020-05-19 14:00:00,15.615277777777777
2020-05-20 02:00:00,15.629166666666666
2020-05-20 14:00:00,15.316666666666679
2020-05-21 02:00:00,15.168055555555567
2020-05-21 14:00:00,14.901388888888906
2020-05-22 02:00:00,14.811111111111112
2020-05-22 14:00:00,14.415277777777773
2020-05-23 02:00:00,14.743055555555555
2020-05-23 14:00:00,14.91111111111111
2020-05-24 02:00:00,15.23194444444443
2020-05-24 14:00:00,15.115277777777802
2020-05-25 02:00:00,14.886111111111104
2020-05-25 14:00:00,14.648611111111105
2020-05-26 02:00:00,14.543055555555563
2020-05-26 14:00:00,14.266666666666659
2020-05-27 02:00:00,14.197222222222225
2020-05-27 14:00:00,14.205555555555543
2020-05-28 02:00:00,14.133333333333344
2020-05-28 14:00:00,14.194444444444434
2020-05-29 02:00:00,14.238888888888873
2020-05-29 14:00:00,14.397222222222227
2020-05-30 02:00:00,14.52638888888889
2020-05-30 14:00:00,14.390277777777786
2020-05-31 02:00:00,14.27083333333333
2020-05-31 14:00:00,14.087500000000023
2020-06-01 02:00:00,14.005555555555551
2020-06-01 14:00:00,14.120833333333326
2020-06-02 02:00:00,14.427777777777758
2020-06-02 14:00:00,14.488888888888884
2020-06-03 02:00:00,14.565277777777773
2020-06-03 14:00:00,14.734722222222217
2020-06-04 02:00:00,14.83888888888887
2020-06-04 14:00:00,15.19305555555556
2020-06-05 02:00:00,15.70833333333334
2020-06-05 14:00:00,15.781944444444425
2020-06-06 02:00:00,16.013888888888893
2020-06-06 14:00:00,16.47361111111112
2020-06-07 02:00:00,16.80138888888887
2020-06-07 14:00:00,17.058333333333344
2020-06-08 02:00:00,17.37777777777777
2020-06-08 14:00:00,17.334722222222215
2020-06-09 02:00:00,17.226388888888877
2020-06-09 14:00:00,17.436111111111117
2020-06-10 02:00:00,17.541666666666686
2020-06-10 14:00:00,16.77916666666668
2020-06-11 02:00:00,17.513888888888882
2020-06-11 14:00:00,17.49861111111111
2020-06-12 02:00:00,17.43333333333333
2020-06-12 14:00:00,17.379166666666663
2020-06-13 02:00:00,17.636111111111134
2020-06-13 14:00:00,17.802777777777774
2020-06-14 02:00:00,18.16944444444446
2020-06-14 14:00:00,18.294444444444437
2020-06-15 02:00:00,18.56250000000003
2020-06-15 14:00:00,18.427777777777756
2020-06-16 02:00:00,18.45555555555554
2020-06-16 14:00:00,18.170833333333352
2020-06-17 02:00:00,18.052777777777802
2020-06-17 14:00:00,17.984722222222228
2020-06-18 02:00:00,18.11388888888888
2020-06-18 14:00:00,18.14166666666668
2020-06-19 02:00:00,18.019444444444463
2020-06-19 14:00:00,18.240277777777788
2020-06-20 02:00:00,18.023611111111094
2020-06-20 14:00:00,17.87222222222223
2020-06-21 02:00:00,17.758333333333315
2020-06-21 14:00:00,17.352777777777774
2020-06-22 02:00:00,17.081944444444446
2020-06-22 14:00:00,17.184722222222224
2020-06-23 02:00:00,17.122222222222195
2020-06-23 14:00:00,17.423611111111097
2020-06-24 02:00:00,17.45277777777777
2020-06-24 14:00:00,17.49305555555556
2020-06-25 02:00:00,17.51666666666666
2020-06-25 14:00:00,17.579166666666662
2020-06-26 02:00:00,18.037500000000026
2020-06-26 14:00:00,18.366666666666664
2020-06-27 02:00:00,18.863888888888866
2020-06-27 14:00:00,19.240277777777763
2020-06-28 02:00:00,19.612500000000026
2020-06-28 14:00:00,19.86944444444443
2020-06-29 02:00:00,20.224999999999977
2020-06-29 14:00:00,20.466666666666672
2020-06-30 02:00:00,20.205555555555563
2020-06-30 14:00:00,20.015277777777772
2020-07-01 02:00:00,20.029166666666654
2020-07-01 14:00:00,20.15277777777778
2020-07-02 02:00:00,20.47083333333334
2020-07-02 14:00:00,20.616666666666678
2020-07-03 02:00:00,20.693055555555553
2020-07-03 14:00:00,20.386111111111127
2020-07-04 02:00:00,20.094444444444452
2020-07-04 14:00:00,19.95138888888889
2020-07-05 02:00:00,20.048611111111125
2020-07-05 14:00:00,20.08472222222223
2020-07-06 02:00:00,20.1402777777778
2020-07-06 14:00:00,20.251388888888872
2020-07-07 02:00:00,20.426388888888887
2020-07-07 14:00:00,19.704166666666673
2020-07-08 02:00:00,19.034722222222207
2020-07-08 14:00:00,18.744444444444422
2020-07-09 02:00:00,18.78611111111111
2020-07-09 14:00:00,18.820833333333344
2020-07-10 02:00:00,19.251388888888872
2020-07-10 14:00:00,19.516666666666666
2020-07-11 02:00:00,19.845833333333307
2020-07-11 14:00:00,20.055555555555568
2020-07-12 02:00:00,19.970833333333328
2020-07-12 14:00:00,19.309722222222195
2020-07-13 02:00:00,18.812500000000004
2020-07-13 14:00:00,18.39305555555556
2020-07-14 02:00:00,18.249999999999986
2020-07-14 14:00:00,18.05277777777776
2020-07-15 02:00:00,18.148611111111098
2020-07-15 14:00:00,18.061111111111106
2020-07-16 02:00:00,18.24861111111109
2020-07-16 14:00:00,18.337500000000006
2020-07-17 02:00:00,18.73333333333332
2020-07-17 14:00:00,18.163888888888895
2020-07-18 02:00:00,17.738888888888894
2020-07-18 14:00:00,17.60000000000001
2020-07-19 02:00:00,17.880555555555535
2020-07-19 14:00:00,17.908333333333317
2020-07-20 02:00:00,17.99444444444447
2020-07-20 14:00:00,18.188888888888883
2020-07-21 02:00:00,18.65972222222222
2020-07-21 14:00:00,18.97361111111112
2020-07-22 02:00:00,19.463888888888885
2020-07-22 14:00:00,19.668055555555544
2020-07-23 02:00:00,20.025000000000034
2020-07-23 14:00:00,20.112500000000026
2020-07-24 02:00:00,19.88194444444444
2020-07-24 14:00:00,19.93194444444444
2020-07-25 02:00:00,20.305555555555536
2020-07-25 14:00:00,20.19027777777778
2020-07-26 02:00:00,20.12500000000001
2020-07-26 14:00:00,20.119444444444436
2020-07-27 02:00:00,20.42222222222221
2020-07-27 14:00:00,20.3583333333333
2020-07-28 02:00:00,20.344444444444424
2020-07-28 14:00:00,20.372222222222213
2020-07-29 02:00:00,20.51944444444445
2020-07-29 14:00:00,20.56666666666668
2020-07-30 02:00:00,20.880555555555546
2020-07-30 14:00:00,21.04722222222223
2020-07-31 02:00:00,21.47916666666669
2020-07-31 14:00:00,21.505555555555564
2020-08-01 02:00:00,21.50833333333331
2020-08-01 14:00:00,21.572222222222226
2020-08-02 02:00:00,21.42222222222221
2020-08-02 14:00:00,21.084722222222222
2020-08-03 02:00:00,21.011111111111116
2020-08-03 14:00:00,20.880555555555528
2020-08-04 02:00:00,21.129166666666663
2020-08-04 14:00:00,21.090277777777757
2020-08-05 02:00:00,20.768055555555552
2020-08-05 14:00:00,20.07500000000001
2020-08-06 02:00:00,19.763888888888864
2020-08-06 14:00:00,19.763888888888893
2020-08-07 02:00:00,20.051388888888912
2020-08-07 14:00:00,20.269444444444446
2020-08-08 02:00:00,20.57083333333334
2020-08-08 14:00:00,20.802777777777763
2020-08-09 02:00:00,21.180555555555543
2020-08-09 14:00:00,21.22638888888887
2020-08-10 02:00:00,21.491666666666678
2020-08-10 14:00:00,21.558333333333337
2020-08-11 02:00:00,21.741666666666635
2020-08-11 14:00:00,21.708333333333346
2020-08-12 02:00:00,21.827777777777754
2020-08-12 14:00:00,21.620833333333366
2020-08-13 02:00:00,21.755555555555524
2020-08-13 14:00:00,21.601388888888906
2020-08-14 02:00:00,21.863888888888876
2020-08-14 14:00:00,21.829166666666648
2020-08-15 02:00:00,21.90694444444445
2020-08-15 14:00:00,21.80555555555556
2020-08-16 02:00:00,21.655555555555534
2020-08-16 14:00:00,21.505555555555564
2020-08-17 02:00:00,21.674999999999997
2020-08-17 14:00:00,21.54583333333334
2020-08-18 02:00:00,21.68194444444442
2020-08-18 14:00:00,21.5722222222222
2020-08-19 02:00:00,21.259722222222205
2020-08-19 14:00:00,21.01111111111108
2020-08-20 02:00:00,20.837499999999977
2020-08-20 14:00:00,20.65694444444444
2020-08-21 02:00:00,20.615277777777795
2020-08-21 14:00:00,20.62361111111112
2020-08-22 02:00:00,20.72916666666665
2020-08-22 14:00:00,20.748611111111103
2020-08-23 02:00:00,20.98750000000001
2020-08-23 14:00:00,20.890277777777783
2020-08-24 02:00:00,20.872222222222202
2020-08-24 14:00:00,20.627777777777787
2020-08-25 02:00:00,20.584722222222247
2020-08-25 14:00:00,20.388888888888896
2020-08-26 02:00:00,20.127777777777784
2020-08-26 14:00:00,19.843055555555523
2020-08-27 02:00:00,19.96249999999999
2020-08-27 14:00:00,19.918055555555526
2020-08-28 02:00:00,19.852777777777757
2020-08-28 14:00:00,19.704166666666676
2020-08-29 02:00:00,19.933333333333323
2020-08-29 14:00:00,20.226388888888867
2020-08-30 02:00:00,20.494444444444454
2020-08-30 14:00:00,20.56527777777779
2020-08-31 02:00:00,20.895833333333314
2020-08-31 14:00:00,20.60555555555556
2020-09-01 02:00:00,19.966666666666647
2020-09-01 14:00:00,19.508333333333344
2020-09-02 02:00:00,18.869444444444444
2020-09-02 14:00:00,18.530555555555548
2020-09-03 02:00:00,18.315277777777776
2020-09-03 14:00:00,17.94444444444442
2020-09-04 02:00:00,17.947222222222216
2020-09-04 14:00:00,17.809722222222206
2020-09-05 02:00:00,17.893055555555545
2020-09-05 14:00:00,17.97083333333333
2020-09-06 02:00:00,18.038888888888906
2020-09-06 14:00:00,18.016666666666676
2020-09-07 02:00:00,18.20138888888887
2020-09-07 14:00:00,18.288888888888877
2020-09-08 02:00:00,18.31944444444442
2020-09-08 14:00:00,18.15694444444446
2020-09-09 02:00:00,18.03472222222222
2020-09-09 14:00:00,17.8388888888889
2020-09-10 02:00:00,18.029166666666654
2020-09-10 14:00:00,17.943055555555556
2020-09-11 02:00:00,18.10833333333334
2020-09-11 14:00:00,18.15416666666668
2020-09-12 02:00:00,18.24583333333331
2020-09-12 14:00:00,17.79166666666665
2020-09-13 02:00:00,18.45555555555555
2020-09-13 14:00:00,18.47638888888889
2020-09-14 02:00:00,18.763888888888868
2020-09-14 14:00:00,18.61666666666669
2020-09-15 02:00:00,18.565277777777794
2020-09-15 14:00:00,18.591666666666672
2020-09-16 02:00:00,18.568055555555567
2020-09-16 14:00:00,18.561111111111124
2020-09-17 02:00:00,18.75416666666665
2020-09-17 14:00:00,18.665277777777796
2020-09-18 02:00:00,18.783333333333314
2020-09-18 14:00:00,17.976388888888888
2020-09-19 02:00:00,17.87777777777778
2020-09-19 14:00:00,17.26388888888887
2020-09-20 02:00:00,16.94861111111109
2020-09-20 14:00:00,16.702777777777786
2020-09-21 02:00:00,16.75
2020-09-21 14:00:00,16.613888888888898
2020-09-22 02:00:00,16.658333333333346
2020-09-22 14:00:00,16.486111111111118
2020-09-23 02:00:00,16.86111111111109
2020-09-23 14:00:00,17.012499999999992
2020-09-24 02:00:00,17.223611111111097
2020-09-24 14:00:00,17.320833333333322
2020-09-25 02:00:00,17.530555555555555
2020-09-25 14:00:00,17.32083333333332
2020-09-26 02:00:00,17.248611111111096
2020-09-26 14:00:00,16.870833333333316
2020-09-27 02:00:00,16.33611111111109
2020-09-27 14:00:00,16.0625
2020-09-28 02:00:00,15.945833333333317
2020-09-28 14:00:00,15.902777777777764
2020-09-29 02:00:00,15.836111111111093
2020-09-29 14:00:00,15.584722222222227
2020-09-30 02:00:00,15.483333333333333
2020-09-30 14:00:00,15.368055555555552
2020-10-01 02:00:00,15.348611111111085
2020-10-01 14:00:00,15.411111111111106
2020-10-02 02:00:00,15.499999999999993
2020-10-02 14:00:00,15.523611111111109
2020-10-03 02:00:00,15.772222222222215
2020-10-03 14:00:00,16.009722222222226
2020-10-04 02:00:00,16.568055555555564
2020-10-04 14:00:00,16.57500000000001
2020-10-05 02:00:00,16.311111111111117
2020-10-05 14:00:00,15.936111111111103
2020-10-06 02:00:00,16.034722222222243
2020-10-06 14:00:00,16.013888888888886
2020-10-07 02:00:00,15.79999999999999
2020-10-07 14:00:00,15.306944444444433
2020-10-08 02:00:00,15.037499999999994
2020-10-08 14:00:00,14.638888888888907
2020-10-09 02:00:00,14.256944444444441
2020-10-09 14:00:00,13.926388888888894
2020-10-10 02:00:00,14.011111111111106
2020-10-10 14:00:00,13.891666666666673
2020-10-11 02:00:00,13.975000000000012
2020-10-11 14:00:00,14.041666666666684
2020-10-12 02:00:00,13.977777777777778
2020-10-12 14:00:00,13.10416666666666
2020-10-13 02:00:00,12.394444444444439
2020-10-13 14:00:00,11.931944444444424
2020-10-14 02:00:00,11.709722222222236
2020-10-14 14:00:00,11.705555555555543
2020-10-15 02:00:00,11.855555555555533
2020-10-15 14:00:00,11.819444444444441
2020-10-16 02:00:00,11.997222222222227
2020-10-16 14:00:00,12.047222222222237
2020-10-17 02:00:00,12.061111111111117
2020-10-17 14:00:00,11.94583333333333
2020-10-18 02:00:00,11.890277777777756
2020-10-18 14:00:00,11.755555555555537
2020-10-19 02:00:00,11.523611111111105
2020-10-19 14:00:00,11.127777777777798
2020-10-20 02:00:00,10.944444444444438
2020-10-20 14:00:00,10.575000000000012
2020-10-21 02:00:00,10.501388888888881
2020-10-21 14:00:00,10.42083333333334
2020-10-22 02:00:00,10.627777777777787
2020-10-22 14:00:00,10.674999999999994
2020-10-23 02:00:00,10.886111111111093
2020-10-23 14:00:00,10.95
2020-10-24 02:00:00,11.475000000000003
2020-10-24 14:00:00,11.772222222222219
2020-10-25 02:00:00,12.22777777777776
2020-10-25 13:00:00,12.434722222222216
2020-10-26 01:00:00,12.386111111111099
2020-10-26 13:00:00,12.297222222222215
2020-10-27 01:00:00,12.295833333333334
2020-10-27 13:00:00,12.2111111111111
2020-10-28 01:00:00,12.377777777777759
2020-10-28 13:00:00,12.323611111111104
2020-10-29 01:00:00,12.354166666666643
2020-10-29 13:00:00,12.349999999999993
2020-10-30 01:00:00,12.315277777777768
2020-10-30 13:00:00,12.286111111111097
2020-10-31 01:00:00,12.32361111111109
2020-10-31 13:00:00,12.495833333333344
2020-11-01 01:00:00,12.663888888888897
2020-11-01 13:00:00,12.58194444444446
2020-11-02 01:00:00,12.377777777777766
2020-11-02 13:00:00,12.28055555555555
2020-11-03 01:00:00,12.55555555555557
2020-11-03 13:00:00,12.744444444444433
2020-11-04 01:00:00,12.863888888888875
2020-11-04 13:00:00,12.918055555555542
2020-11-05 01:00:00,12.829166666666646
2020-11-05 13:00:00,12.638888888888896
2020-11-06 01:00:00,12.397222222222204
2020-11-06 13:00:00,12.190277777777787
2020-11-07 01:00:00,11.766666666666673
2020-11-07 13:00:00,11.309722222222211
2020-11-08 01:00:00,10.893055555555547
2020-11-08 13:00:00,10.743055555555557
2020-11-09 01:00:00,10.566666666666675
2020-11-09 13:00:00,10.48055555555556
2020-11-10 01:00:00,10.548611111111118
2020-11-10 13:00:00,10.493055555555554
2020-11-11 01:00:00,10.318055555555539
2020-11-11 13:00:00,10.290277777777767
2020-11-12 01:00:00,10.245833333333346
2020-11-12 13:00:00,10.234722222222205
2020-11-13 01:00:00,10.137500000000003
2020-11-13 13:00:00,10.13055555555557
2020-11-14 01:00:00,10.289473684210524
2020-11-14 13:00:00,10.274626865671637
2020-11-15 01:00:00,10.400000000000002
2020-11-15 13:00:00,10.400000000000002
2020-11-16 01:00:00,10.316666666666665
2020-11-16 13:00:00,10.299999999999994
2020-11-17 01:00:00,
2020-11-17 13:00:00,
2020-11-18 01:00:00,
2020-11-18 13:00:00,
2020-11-19 01:00:00,
2020-11-19 13:00:00,
2020-11-20 01:00:00,
2020-11-20 13:00:00,
2020-11-21 01:00:00,
2020-11-21 13:00:00,
2020-11-22 01:00:00,
2020-11-22 13:00:00,
2020-11-23 01:00:00,
2020-11-23 13:00:00,
2020-11-24 01:00:00,
2020-11-24 13:00:00,
2020-11-25 01:00:00,
2020-11-25 13:00:00,
2020-11-26 01:00:00,
2020-11-26 13:00:00,
2020-11-27 01:00:00,
2020-11-27 13:00:00,
2020-11-28 01:00:00,
2020-11-28 13:00:00,
2020-11-29 01:00:00,
2020-11-29 13:00:00,
2020-11-30 01:00:00,
2020-11-30 13:00:00,
2020-12-01 01:00:00,
2020-12-01 13:00:00,
2020-12-02 01:00:00,
2020-12-02 13:00:00,
2020-12-03 01:00:00,
2020-12-03 13:00:00,
2020-12-04 01:00:00,
2020-12-04 13:00:00,
2020-12-05 01:00:00,
2020-12-05 13:00:00,
2020-12-06 01:00:00,
2020-12-06 13:00:00,
2020-12-07 01:00:00,
2020-12-07 13:00:00,
2020-12-08 01:00:00,
2020-12-08 13:00:00,
2020-12-09 01:00:00,
2020-12-09 13:00:00,
2020-12-10 01:00:00,
2020-12-10 13:00:00,
2020-12-11 01:00:00,
2020-12-11 13:00:00,
2020-12-12 01:00:00,
2020-12-12 13:00:00,
2020-12-13 01:00:00,
2020-12-13 13:00:00,
2020-12-14 01:00:00,
2020-12-14 13:00:00,
2020-12-15 01:00:00,
2020-12-15 13:00:00,
2020-12-16 01:00:00,
2020-12-16 13:00:00,
2020-12-17 01:00:00,
2020-12-17 13:00:00,
2020-12-18 01:00:00,
2020-12-18 13:00:00,
2020-12-19 01:00:00,
2020-12-19 13:00:00,
2020-12-20 01:00:00,
2020-12-20 13:00:00,
2020-12-21 01:00:00,
2020-12-21 13:00:00,
2020-12-22 01:00:00,
2020-12-22 13:00:00,
2020-12-23 01:00:00,
2020-12-23 13:00:00,
2020-12-24 01:00:00,
2020-12-24 13:00:00,
2020-12-25 01:00:00,
2020-12-25 13:00:00,
2020-12-26 01:00:00,
2020-12-26 13:00:00,
2020-12-27 01:00:00,
2020-12-27 13:00:00,
2020-12-28 01:00:00,
2020-12-28 13:00:00,
2020-12-29 01:00:00,
2020-12-29 13:00:00,
2020-12-30 01:00:00,
2020-12-30 13:00:00,

