"Time","Air moisture.mean"
2018-12-31 13:00:00,
2019-01-01 01:00:00,88.77222222222224
2019-01-01 13:00:00,84.5027777777778
2019-01-02 01:00:00,90.61944444444444
2019-01-02 13:00:00,79.80833333333334
2019-01-03 01:00:00,66.22222222222223
2019-01-03 13:00:00,69.51111111111112
2019-01-04 01:00:00,79.03055555555555
2019-01-04 13:00:00,79.34366197183103
2019-01-05 01:00:00,91.13333333333333
2019-01-05 13:00:00,93.25
2019-01-06 01:00:00,80.99166666666667
2019-01-06 13:00:00,67.0277777777778
2019-01-07 01:00:00,78.17500000000003
2019-01-07 13:00:00,76.43749999999999
2019-01-08 01:00:00,89.82916666666668
2019-01-08 13:00:00,90.23888888888891
2019-01-09 01:00:00,97.76111111111109
2019-01-09 13:00:00,90.48194444444442
2019-01-10 01:00:00,90.25138888888885
2019-01-10 13:00:00,84.25833333333335
2019-01-11 01:00:00,79.5763888888889
2019-01-11 13:00:00,80.04861111111113
2019-01-12 01:00:00,89.72222222222223
2019-01-12 13:00:00,83.42222222222223
2019-01-13 01:00:00,92.0027777777778
2019-01-13 13:00:00,74.72638888888888
2019-01-14 01:00:00,72.04166666666666
2019-01-14 13:00:00,67.68055555555554
2019-01-15 01:00:00,67.14305555555553
2019-01-15 13:00:00,58.472222222222236
2019-01-16 01:00:00,61.3263888888889
2019-01-16 13:00:00,57.82499999999998
2019-01-17 01:00:00,68.09577464788732
2019-01-17 13:00:00,62.1583333333333
2019-01-18 01:00:00,91.74444444444447
2019-01-18 13:00:00,86.77361111111111
2019-01-19 01:00:00,89.2527777777778
2019-01-19 13:00:00,86.72777777777777
2019-01-20 01:00:00,96.07916666666665
2019-01-20 13:00:00,87.42222222222223
2019-01-21 01:00:00,88.78749999999997
2019-01-21 13:00:00,88.28194444444442
2019-01-22 01:00:00,95.65555555555551
2019-01-22 13:00:00,94.83749999999996
2019-01-23 01:00:00,94.85277777777775
2019-01-23 13:00:00,91.32361111111112
2019-01-24 01:00:00,95.41388888888893
2019-01-24 13:00:00,86.9458333333333
2019-01-25 01:00:00,82.02083333333331
2019-01-25 13:00:00,78.79027777777777
2019-01-26 01:00:00,68.35555555555555
2019-01-26 13:00:00,76.72222222222223
2019-01-27 01:00:00,86.90416666666665
2019-01-27 13:00:00,81.0986111111111
2019-01-28 01:00:00,95.26111111111112
2019-01-28 13:00:00,95.96527777777774
2019-01-29 01:00:00,95.86478873239435
2019-01-29 13:00:00,95.95972222222218
2019-01-30 01:00:00,97.94583333333333
2019-01-30 13:00:00,92.47222222222221
2019-01-31 01:00:00,98.14722222222218
2019-01-31 13:00:00,95.67222222222225
2019-02-01 01:00:00,95.95972222222218
2019-02-01 13:00:00,89.42777777777778
2019-02-02 01:00:00,92.62916666666665
2019-02-02 13:00:00,79.52222222222223
2019-02-03 01:00:00,91.01388888888887
2019-02-03 13:00:00,95.23055555555558
2019-02-04 01:00:00,79.77222222222223
2019-02-04 13:00:00,69.86944444444445
2019-02-05 01:00:00,86.03472222222223
2019-02-05 13:00:00,89.08194444444443
2019-02-06 01:00:00,85.6416666666667
2019-02-06 13:00:00,76.54305555555557
2019-02-07 01:00:00,89.82916666666667
2019-02-07 13:00:00,80.22500000000002
2019-02-08 01:00:00,96.5875
2019-02-08 13:00:00,93.1763888888889
2019-02-09 01:00:00,98.44583333333327
2019-02-09 13:00:00,91.26805555555556
2019-02-10 01:00:00,96.54027777777779
2019-02-10 13:00:00,71.85211267605632
2019-02-11 01:00:00,85.44444444444443
2019-02-11 13:00:00,82.47638888888889
2019-02-12 01:00:00,63.23888888888891
2019-02-12 13:00:00,59.388888888888886
2019-02-13 01:00:00,65.7472222222222
2019-02-13 13:00:00,75.73055555555555
2019-02-14 01:00:00,83.47083333333333
2019-02-14 13:00:00,70.94722222222221
2019-02-15 01:00:00,82.3916666666667
2019-02-15 13:00:00,77.52916666666665
2019-02-16 01:00:00,89.29027777777777
2019-02-16 13:00:00,71.3597222222222
2019-02-17 01:00:00,87.31944444444446
2019-02-17 13:00:00,67.94583333333334
2019-02-18 01:00:00,86.09722222222226
2019-02-18 13:00:00,62.71944444444445
2019-02-19 01:00:00,85.1486111111111
2019-02-19 13:00:00,56.056944444444454
2019-02-20 01:00:00,81.49305555555556
2019-02-20 13:00:00,65.95277777777778
2019-02-21 01:00:00,84.95000000000003
2019-02-21 13:00:00,66.3416666666667
2019-02-22 01:00:00,86.4277777777778
2019-02-22 13:00:00,71.40140845070424
2019-02-23 01:00:00,49.87916666666667
2019-02-23 13:00:00,57.46111111111112
2019-02-24 01:00:00,77.13194444444444
2019-02-24 13:00:00,53.65972222222222
2019-02-25 01:00:00,68.92638888888887
2019-02-25 13:00:00,63.333333333333336
2019-02-26 01:00:00,71.16388888888886
2019-02-26 13:00:00,46.51388888888889
2019-02-27 01:00:00,67.04027777777777
2019-02-27 13:00:00,64.74861111111112
2019-02-28 01:00:00,78.5013888888889
2019-02-28 13:00:00,37.54027777777778
2019-03-01 01:00:00,65.1736111111111
2019-03-01 13:00:00,55.93333333333334
2019-03-02 01:00:00,77.9972222222222
2019-03-02 13:00:00,79.83888888888886
2019-03-03 01:00:00,87.19166666666668
2019-03-03 13:00:00,60.56805555555555
2019-03-04 01:00:00,75.29444444444447
2019-03-04 13:00:00,40.32361111111112
2019-03-05 01:00:00,85.6222222222222
2019-03-05 13:00:00,64.33194444444445
2019-03-06 01:00:00,83.77042253521128
2019-03-06 13:00:00,61.78333333333334
2019-03-07 01:00:00,84.18055555555554
2019-03-07 13:00:00,41.46388888888888
2019-03-08 01:00:00,71.61805555555556
2019-03-08 13:00:00,76.12361111111109
2019-03-09 01:00:00,82.37638888888888
2019-03-09 13:00:00,52.54722222222223
2019-03-10 01:00:00,55.955555555555556
2019-03-10 13:00:00,49.830555555555556
2019-03-11 01:00:00,75.36527777777775
2019-03-11 13:00:00,93.30694444444447
2019-03-12 01:00:00,84.94861111111112
2019-03-12 13:00:00,67.38055555555553
2019-03-13 01:00:00,84.65416666666667
2019-03-13 13:00:00,52.15555555555554
2019-03-14 01:00:00,69.99444444444445
2019-03-14 13:00:00,66.08055555555558
2019-03-15 01:00:00,61.900000000000006
2019-03-15 13:00:00,53.91666666666666
2019-03-16 01:00:00,61.898611111111094
2019-03-16 13:00:00,72.12083333333334
2019-03-17 01:00:00,80.95416666666667
2019-03-17 13:00:00,47.93750000000001
2019-03-18 01:00:00,73.59444444444445
2019-03-18 13:00:00,76.3492957746479
2019-03-19 01:00:00,88.50972222222224
2019-03-19 13:00:00,73.64166666666668
2019-03-20 01:00:00,76.39583333333333
2019-03-20 13:00:00,61.77777777777779
2019-03-21 01:00:00,63.40833333333333
2019-03-21 13:00:00,54.49027777777778
2019-03-22 01:00:00,72.98333333333336
2019-03-22 13:00:00,51.6361111111111
2019-03-23 01:00:00,72.02083333333336
2019-03-23 13:00:00,58.048611111111114
2019-03-24 01:00:00,78.05277777777778
2019-03-24 13:00:00,48.70277777777778
2019-03-25 01:00:00,74.07083333333331
2019-03-25 13:00:00,63.727777777777774
2019-03-26 01:00:00,68.59722222222223
2019-03-26 13:00:00,62.422222222222246
2019-03-27 01:00:00,81.19166666666668
2019-03-27 13:00:00,52.83055555555555
2019-03-28 01:00:00,73.09027777777776
2019-03-28 13:00:00,51.84861111111112
2019-03-29 01:00:00,75.39305555555556
2019-03-29 13:00:00,52.623611111111096
2019-03-30 01:00:00,71.68333333333332
2019-03-30 13:00:00,48.557746478873234
2019-03-31 01:00:00,73.07424242424241
2019-03-31 14:00:00,44.00277777777777
2019-04-01 02:00:00,71.66111111111111
2019-04-01 14:00:00,45.184722222222234
2019-04-02 02:00:00,74.15555555555555
2019-04-02 14:00:00,50.86944444444445
2019-04-03 02:00:00,80.91249999999997
2019-04-03 14:00:00,51.65277777777777
2019-04-04 02:00:00,84.97222222222221
2019-04-04 14:00:00,49.718055555555544
2019-04-05 02:00:00,81.06527777777777
2019-04-05 14:00:00,87.85277777777777
2019-04-06 02:00:00,88.47500000000004
2019-04-06 14:00:00,62.63611111111113
2019-04-07 02:00:00,88.1972222222222
2019-04-07 14:00:00,70.72222222222223
2019-04-08 02:00:00,90.61666666666666
2019-04-08 14:00:00,78.85000000000001
2019-04-09 02:00:00,89.0263888888889
2019-04-09 14:00:00,85.13611111111112
2019-04-10 02:00:00,91.68611111111116
2019-04-10 14:00:00,82.64722222222221
2019-04-11 02:00:00,95.6958333333333
2019-04-11 14:00:00,89.68169014084508
2019-04-12 02:00:00,92.65555555555555
2019-04-12 14:00:00,93.72083333333332
2019-04-13 02:00:00,92.26249999999999
2019-04-13 14:00:00,88.19444444444446
2019-04-14 02:00:00,92.50000000000003
2019-04-14 14:00:00,87.33472222222221
2019-04-15 02:00:00,90.02500000000002
2019-04-15 14:00:00,61.87777777777779
2019-04-16 02:00:00,80.76805555555558
2019-04-16 14:00:00,52.568055555555546
2019-04-17 02:00:00,78.05277777777776
2019-04-17 14:00:00,49.74444444444444
2019-04-18 02:00:00,81.75694444444444
2019-04-18 14:00:00,63.27916666666666
2019-04-19 02:00:00,81.43888888888891
2019-04-19 14:00:00,52.297222222222224
2019-04-20 02:00:00,75.60694444444442
2019-04-20 14:00:00,47.62222222222223
2019-04-21 02:00:00,75.94444444444447
2019-04-21 14:00:00,45.97083333333333
2019-04-22 02:00:00,75.40277777777777
2019-04-22 14:00:00,48.49722222222223
2019-04-23 02:00:00,87.07323943661972
2019-04-23 14:00:00,78.63055555555553
2019-04-24 02:00:00,86.14999999999998
2019-04-24 14:00:00,64.98055555555555
2019-04-25 02:00:00,88.85833333333329
2019-04-25 14:00:00,59.41111111111112
2019-04-26 02:00:00,87.2861111111111
2019-04-26 14:00:00,58.784722222222236
2019-04-27 02:00:00,88.05972222222219
2019-04-27 14:00:00,87.52083333333331
2019-04-28 02:00:00,88.82500000000002
2019-04-28 14:00:00,68.2388888888889
2019-04-29 02:00:00,84.74305555555557
2019-04-29 14:00:00,89.74166666666666
2019-04-30 02:00:00,94.4111111111111
2019-04-30 14:00:00,82.0638888888889
2019-05-01 02:00:00,85.75694444444444
2019-05-01 14:00:00,65.5875
2019-05-02 02:00:00,83.6611111111111
2019-05-02 14:00:00,51.23472222222221
2019-05-03 02:00:00,73.5263888888889
2019-05-03 14:00:00,74.05555555555556
2019-05-04 02:00:00,92.23472222222219
2019-05-04 14:00:00,85.41250000000001
2019-05-05 02:00:00,94.52535211267606
2019-05-05 14:00:00,86.08611111111111
2019-05-06 02:00:00,91.47916666666664
2019-05-06 14:00:00,87.45555555555558
2019-05-07 02:00:00,77.85
2019-05-07 14:00:00,69.9402777777778
2019-05-08 02:00:00,85.03194444444445
2019-05-08 14:00:00,63.07499999999998
2019-05-09 02:00:00,95.72083333333336
2019-05-09 14:00:00,96.67499999999993
2019-05-10 02:00:00,89.91944444444442
2019-05-10 14:00:00,68.13333333333337
2019-05-11 02:00:00,87.59861111111115
2019-05-11 14:00:00,70.52083333333331
2019-05-12 02:00:00,90.24444444444447
2019-05-12 14:00:00,75.90138888888889
2019-05-13 02:00:00,90.89861111111112
2019-05-13 14:00:00,89.31388888888888
2019-05-14 02:00:00,90.53472222222223
2019-05-14 14:00:00,86.22361111111114
2019-05-15 02:00:00,95.67500000000001
2019-05-15 14:00:00,88.02638888888889
2019-05-16 02:00:00,91.16527777777777
2019-05-16 14:00:00,85.1763888888889
2019-05-17 02:00:00,92.0718309859155
2019-05-17 14:00:00,77.18055555555556
2019-05-18 02:00:00,90.78055555555554
2019-05-18 14:00:00,77.55
2019-05-19 02:00:00,92.29027777777776
2019-05-19 14:00:00,81.95833333333334
2019-05-20 02:00:00,92.54722222222217
2019-05-20 14:00:00,67.02361111111111
2019-05-21 02:00:00,83.28472222222224
2019-05-21 14:00:00,83.6611111111111
2019-05-22 02:00:00,86.25000000000004
2019-05-22 14:00:00,77.65
2019-05-23 02:00:00,92.93194444444444
2019-05-23 14:00:00,72.43472222222222
2019-05-24 02:00:00,75.43750000000001
2019-05-24 14:00:00,66.28055555555557
2019-05-25 02:00:00,81.54027777777775
2019-05-25 14:00:00,69.29305555555555
2019-05-26 02:00:00,85.5986111111111
2019-05-26 14:00:00,68.85416666666666
2019-05-27 02:00:00,94.33611111111114
2019-05-27 14:00:00,88.28611111111113
2019-05-28 02:00:00,90.06250000000001
2019-05-28 14:00:00,78.97638888888888
2019-05-29 02:00:00,92.94583333333331
2019-05-29 14:00:00,89.5774647887324
2019-05-30 02:00:00,87.72500000000001
2019-05-30 14:00:00,85.97361111111111
2019-05-31 02:00:00,83.78333333333332
2019-05-31 14:00:00,83.02916666666667
2019-06-01 02:00:00,91.59444444444443
2019-06-01 14:00:00,75.10833333333335
2019-06-02 02:00:00,90.28611111111113
2019-06-02 14:00:00,85.87916666666665
2019-06-03 02:00:00,89.72638888888888
2019-06-03 14:00:00,71.23194444444447
2019-06-04 02:00:00,94.46111111111111
2019-06-04 14:00:00,86.42638888888884
2019-06-05 02:00:00,90.96249999999999
2019-06-05 14:00:00,93.52222222222223
2019-06-06 02:00:00,94.71666666666664
2019-06-06 14:00:00,73.45416666666667
2019-06-07 02:00:00,86.70694444444445
2019-06-07 14:00:00,68.78055555555555
2019-06-08 02:00:00,85.52222222222224
2019-06-08 14:00:00,67.12638888888888
2019-06-09 02:00:00,87.11944444444444
2019-06-09 14:00:00,74.60694444444447
2019-06-10 02:00:00,86.45833333333333
2019-06-10 14:00:00,69.31549295774649
2019-06-11 02:00:00,87.64722222222221
2019-06-11 14:00:00,69.30694444444445
2019-06-12 02:00:00,85.70694444444445
2019-06-12 14:00:00,70.88472222222221
2019-06-13 02:00:00,85.9111111111111
2019-06-13 14:00:00,65.97083333333332
2019-06-14 02:00:00,79.63611111111112
2019-06-14 14:00:00,65.14305555555558
2019-06-15 02:00:00,85.46388888888889
2019-06-15 14:00:00,68.64166666666665
2019-06-16 02:00:00,86.82777777777781
2019-06-16 14:00:00,69.2027777777778
2019-06-17 02:00:00,88.56527777777777
2019-06-17 14:00:00,80.46805555555554
2019-06-18 02:00:00,89.73888888888887
2019-06-18 14:00:00,76.26805555555555
2019-06-19 02:00:00,89.01944444444445
2019-06-19 14:00:00,69.40416666666667
2019-06-20 02:00:00,87.1569444444444
2019-06-20 14:00:00,71.7736111111111
2019-06-21 02:00:00,89.98055555555557
2019-06-21 14:00:00,85.53194444444449
2019-06-22 02:00:00,88.46111111111114
2019-06-22 14:00:00,81.84027777777779
2019-06-23 02:00:00,97.01830985915498
2019-06-23 14:00:00,90.07777777777775
2019-06-24 02:00:00,93.45000000000003
2019-06-24 14:00:00,86.54444444444442
2019-06-25 02:00:00,89.49444444444445
2019-06-25 14:00:00,76.90416666666665
2019-06-26 02:00:00,88.15694444444445
2019-06-26 14:00:00,74.49583333333332
2019-06-27 02:00:00,87.83194444444443
2019-06-27 14:00:00,75.61388888888888
2019-06-28 02:00:00,82.75555555555556
2019-06-28 14:00:00,61.80555555555556
2019-06-29 02:00:00,83.91388888888886
2019-06-29 14:00:00,69.42916666666663
2019-06-30 02:00:00,84.41805555555555
2019-06-30 14:00:00,69.31388888888887
2019-07-01 02:00:00,86.83472222222221
2019-07-01 14:00:00,73.08055555555556
2019-07-02 02:00:00,83.15972222222224
2019-07-02 14:00:00,64.74027777777778
2019-07-03 02:00:00,86.72638888888886
2019-07-03 14:00:00,71.5597222222222
2019-07-04 02:00:00,87.92638888888894
2019-07-04 14:00:00,77.68591549295775
2019-07-05 02:00:00,86.21805555555554
2019-07-05 14:00:00,72.58472222222223
2019-07-06 02:00:00,87.34444444444446
2019-07-06 14:00:00,71.65277777777777
2019-07-07 02:00:00,81.84444444444439
2019-07-07 14:00:00,84.80000000000003
2019-07-08 02:00:00,91.94583333333334
2019-07-08 14:00:00,72.8375
2019-07-09 02:00:00,92.2416666666667
2019-07-09 14:00:00,83.78055555555555
2019-07-10 02:00:00,95.51666666666667
2019-07-10 14:00:00,72.86666666666667
2019-07-11 02:00:00,83.01527777777775
2019-07-11 14:00:00,66.64722222222221
2019-07-12 02:00:00,90.25972222222218
2019-07-12 14:00:00,73.26388888888887
2019-07-13 02:00:00,88.27500000000003
2019-07-13 14:00:00,87.60555555555555
2019-07-14 02:00:00,92.18750000000001
2019-07-14 14:00:00,81.36666666666665
2019-07-15 02:00:00,87.41388888888885
2019-07-15 14:00:00,78.80000000000003
2019-07-16 02:00:00,84.4694444444444
2019-07-16 14:00:00,63.008333333333326
2019-07-17 02:00:00,85.39577464788732
2019-07-17 14:00:00,73.96527777777779
2019-07-18 02:00:00,87.48194444444444
2019-07-18 14:00:00,79.60416666666667
2019-07-19 02:00:00,88.05555555555556
2019-07-19 14:00:00,79.88333333333334
2019-07-20 02:00:00,88.05555555555556
2019-07-20 14:00:00,75.6955882352941
2019-07-21 02:00:00,86.02361111111111
2019-07-21 14:00:00,72.0472222222222
2019-07-22 02:00:00,84.89861111111114
2019-07-22 14:00:00,69.39861111111114
2019-07-23 02:00:00,83.98055555555558
2019-07-23 14:00:00,65.54305555555557
2019-07-24 02:00:00,84.58333333333336
2019-07-24 14:00:00,69.74166666666666
2019-07-25 02:00:00,86.51111111111113
2019-07-25 14:00:00,67.52083333333334
2019-07-26 02:00:00,95.02777777777774
2019-07-26 14:00:00,87.24027777777773
2019-07-27 02:00:00,91.13194444444443
2019-07-27 14:00:00,75.46388888888889
2019-07-28 02:00:00,95.26805555555556
2019-07-28 14:00:00,90.47083333333332
2019-07-29 02:00:00,94.75352112676055
2019-07-29 14:00:00,80.14166666666665
2019-07-30 02:00:00,90.49583333333334
2019-07-30 14:00:00,76.1375
2019-07-31 02:00:00,89.67638888888888
2019-07-31 14:00:00,73.0138888888889
2019-08-01 02:00:00,84.93611111111109
2019-08-01 14:00:00,74.79722222222223
2019-08-02 02:00:00,88.7166666666667
2019-08-02 14:00:00,79.13888888888889
2019-08-03 02:00:00,92.24305555555557
2019-08-03 14:00:00,73.70833333333336
2019-08-04 02:00:00,84.83472222222224
2019-08-04 14:00:00,68.79861111111113
2019-08-05 02:00:00,87.09722222222223
2019-08-05 14:00:00,68.8
2019-08-06 02:00:00,86.63749999999995
2019-08-06 14:00:00,72.73194444444444
2019-08-07 02:00:00,87.81666666666665
2019-08-07 14:00:00,72.50277777777777
2019-08-08 02:00:00,89.34305555555557
2019-08-08 14:00:00,75.38611111111112
2019-08-09 02:00:00,88.20138888888887
2019-08-09 14:00:00,74.51944444444445
2019-08-10 02:00:00,89.65352112676055
2019-08-10 14:00:00,71.53472222222223
2019-08-11 02:00:00,88.36388888888888
2019-08-11 14:00:00,73.3013888888889
2019-08-12 02:00:00,87.89305555555552
2019-08-12 14:00:00,70.89722222222225
2019-08-13 02:00:00,88.31527777777777
2019-08-13 14:00:00,76.44722222222224
2019-08-14 02:00:00,95.88472222222221
2019-08-14 14:00:00,86.74027777777775
2019-08-15 02:00:00,87.65277777777781
2019-08-15 14:00:00,69.19861111111112
2019-08-16 02:00:00,87.475
2019-08-16 14:00:00,76.27361111111108
2019-08-17 02:00:00,88.94861111111112
2019-08-17 14:00:00,73.98333333333329
2019-08-18 02:00:00,89.88611111111112
2019-08-18 14:00:00,68.38055555555555
2019-08-19 02:00:00,86.60555555555555
2019-08-19 14:00:00,68.75833333333333
2019-08-20 02:00:00,87.14166666666667
2019-08-20 14:00:00,66.75138888888891
2019-08-21 02:00:00,86.725
2019-08-21 14:00:00,66.74583333333332
2019-08-22 02:00:00,85.79166666666666
2019-08-22 14:00:00,73.56478873239439
2019-08-23 02:00:00,89.62361111111113
2019-08-23 14:00:00,76.61666666666666
2019-08-24 02:00:00,94.4986111111111
2019-08-24 14:00:00,74.81111111111112
2019-08-25 02:00:00,91.21249999999998
2019-08-25 14:00:00,78.9986111111111
2019-08-26 02:00:00,92.33055555555558
2019-08-26 14:00:00,75.62361111111112
2019-08-27 02:00:00,90.1791666666667
2019-08-27 14:00:00,69.81944444444446
2019-08-28 02:00:00,88.53472222222223
2019-08-28 14:00:00,71.42500000000001
2019-08-29 02:00:00,88.6083333333333
2019-08-29 14:00:00,73.93888888888888
2019-08-30 02:00:00,88.02083333333333
2019-08-30 14:00:00,68.31250000000003
2019-08-31 02:00:00,86.3416666666667
2019-08-31 14:00:00,76.59305555555555
2019-09-01 02:00:00,87.40555555555558
2019-09-01 14:00:00,66.45
2019-09-02 02:00:00,87.28472222222223
2019-09-02 14:00:00,65.00416666666668
2019-09-03 02:00:00,85.68169014084508
2019-09-03 14:00:00,82.73472222222222
2019-09-04 02:00:00,88.1277777777778
2019-09-04 14:00:00,71.30416666666669
2019-09-05 02:00:00,88.61944444444441
2019-09-05 14:00:00,68.83472222222221
2019-09-06 02:00:00,88.45972222222221
2019-09-06 14:00:00,74.6916666666667
2019-09-07 02:00:00,98.73333333333333
2019-09-07 14:00:00,88.46111111111111
2019-09-08 02:00:00,94.91527777777779
2019-09-08 14:00:00,85.65833333333335
2019-09-09 02:00:00,97.2986111111111
2019-09-09 14:00:00,87.93888888888887
2019-09-10 02:00:00,91.47777777777775
2019-09-10 14:00:00,74.92916666666663
2019-09-11 02:00:00,91.57499999999996
2019-09-11 14:00:00,74.02499999999996
2019-09-12 02:00:00,91.70972222222223
2019-09-12 14:00:00,74.19999999999999
2019-09-13 02:00:00,87.84861111111114
2019-09-13 14:00:00,70.47222222222223
2019-09-14 02:00:00,87.26805555555555
2019-09-14 14:00:00,66.05416666666665
2019-09-15 02:00:00,87.54225352112677
2019-09-15 14:00:00,70.10555555555555
2019-09-16 02:00:00,89.03333333333336
2019-09-16 14:00:00,70.02083333333331
2019-09-17 02:00:00,91.20000000000002
2019-09-17 14:00:00,70.44027777777778
2019-09-18 02:00:00,95.34444444444445
2019-09-18 14:00:00,88.67083333333332
2019-09-19 02:00:00,92.00555555555559
2019-09-19 14:00:00,68.40416666666668
2019-09-20 02:00:00,87.0458333333333
2019-09-20 14:00:00,67.03333333333335
2019-09-21 02:00:00,87.91249999999998
2019-09-21 14:00:00,65.08055555555558
2019-09-22 02:00:00,87.62083333333337
2019-09-22 14:00:00,73.51805555555558
2019-09-23 02:00:00,94.49583333333334
2019-09-23 14:00:00,94.55277777777775
2019-09-24 02:00:00,98.42916666666659
2019-09-24 14:00:00,90.96944444444442
2019-09-25 02:00:00,93.33749999999999
2019-09-25 14:00:00,83.0777777777778
2019-09-26 02:00:00,98.36666666666666
2019-09-26 14:00:00,84.39305555555556
2019-09-27 02:00:00,93.78450704225354
2019-09-27 14:00:00,79.05833333333334
2019-09-28 02:00:00,96.14722222222225
2019-09-28 14:00:00,79.87777777777778
2019-09-29 02:00:00,93.4736111111111
2019-09-29 14:00:00,81.1097222222222
2019-09-30 02:00:00,91.36805555555559
2019-09-30 14:00:00,76.87222222222223
2019-10-01 02:00:00,87.10833333333333
2019-10-01 14:00:00,75.67222222222223
2019-10-02 02:00:00,97.28472222222223
2019-10-02 14:00:00,82.02777777777777
2019-10-03 02:00:00,87.84722222222223
2019-10-03 14:00:00,69.54583333333332
2019-10-04 02:00:00,85.9402777777778
2019-10-04 14:00:00,81.58749999999996
2019-10-05 02:00:00,96.94027777777775
2019-10-05 14:00:00,78.52083333333333
2019-10-06 02:00:00,83.20416666666667
2019-10-06 14:00:00,74.69305555555556
2019-10-07 02:00:00,94.53055555555557
2019-10-07 14:00:00,79.31944444444444
2019-10-08 02:00:00,90.03194444444446
2019-10-08 14:00:00,75.56388888888888
2019-10-09 02:00:00,92.2638888888889
2019-10-09 14:00:00,71.02957746478874
2019-10-10 02:00:00,96.60833333333335
2019-10-10 14:00:00,97.04166666666663
2019-10-11 02:00:00,95.48888888888888
2019-10-11 14:00:00,83.10694444444447
2019-10-12 02:00:00,94.30694444444445
2019-10-12 14:00:00,78.09861111111113
2019-10-13 02:00:00,95.57638888888887
2019-10-13 14:00:00,80.3625
2019-10-14 02:00:00,94.61944444444444
2019-10-14 14:00:00,83.0875
2019-10-15 02:00:00,94.59861111111114
2019-10-15 14:00:00,74.05833333333334
2019-10-16 02:00:00,92.36250000000001
2019-10-16 14:00:00,81.09583333333333
2019-10-17 02:00:00,95.11527777777778
2019-10-17 14:00:00,81.65972222222221
2019-10-18 02:00:00,94.1902777777778
2019-10-18 14:00:00,77.71249999999999
2019-10-19 02:00:00,93.78611111111113
2019-10-19 14:00:00,74.90555555555557
2019-10-20 02:00:00,93.16805555555553
2019-10-20 14:00:00,74.28888888888888
2019-10-21 02:00:00,94.02499999999999
2019-10-21 14:00:00,76.1450704225352
2019-10-22 02:00:00,94.18333333333334
2019-10-22 14:00:00,79.28055555555554
2019-10-23 02:00:00,94.82916666666668
2019-10-23 14:00:00,76.48611111111114
2019-10-24 02:00:00,93.66944444444447
2019-10-24 14:00:00,76.33194444444446
2019-10-25 02:00:00,93.70972222222221
2019-10-25 14:00:00,74.8722222222222
2019-10-26 02:00:00,95.39583333333331
2019-10-26 14:00:00,79.6652777777778
2019-10-27 02:00:00,92.4486111111111
2019-10-27 13:00:00,77.90833333333335
2019-10-28 01:00:00,91.53750000000001
2019-10-28 13:00:00,80.86250000000001
2019-10-29 01:00:00,94.8263888888889
2019-10-29 13:00:00,96.64999999999998
2019-10-30 01:00:00,98.55277777777778
2019-10-30 13:00:00,93.07638888888889
2019-10-31 01:00:00,93.6638888888889
2019-10-31 13:00:00,86.33611111111105
2019-11-01 01:00:00,96.36805555555556
2019-11-01 13:00:00,92.76527777777781
2019-11-02 01:00:00,96.36111111111113
2019-11-02 13:00:00,94.21971830985916
2019-11-03 01:00:00,99.97083333333335
2019-11-03 13:00:00,83.88888888888891
2019-11-04 01:00:00,98.7263888888889
2019-11-04 13:00:00,92.00694444444443
2019-11-05 01:00:00,94.02916666666667
2019-11-05 13:00:00,66.22638888888888
2019-11-06 01:00:00,86.18472222222222
2019-11-06 13:00:00,91.24166666666669
2019-11-07 01:00:00,95.3625
2019-11-07 13:00:00,83.2347222222222
2019-11-08 01:00:00,99.97361111111111
2019-11-08 13:00:00,96.62916666666668
2019-11-09 01:00:00,98.23750000000001
2019-11-09 13:00:00,97.44166666666666
2019-11-10 01:00:00,99.75138888888891
2019-11-10 13:00:00,95.17361111111114
2019-11-11 01:00:00,98.80000000000001
2019-11-11 13:00:00,95.08749999999999
2019-11-12 01:00:00,99.80972222222222
2019-11-12 13:00:00,99.87083333333334
2019-11-13 01:00:00,99.97222222222223
2019-11-13 13:00:00,99.38194444444444
2019-11-14 01:00:00,98.52222222222223
2019-11-14 13:00:00,92.99577464788734
2019-11-15 01:00:00,95.7361111111111
2019-11-15 13:00:00,96.36944444444443
2019-11-16 01:00:00,99.61111111111114
2019-11-16 13:00:00,97.3736111111111
2019-11-17 01:00:00,100
2019-11-17 13:00:00,98.44444444444444
2019-11-18 01:00:00,90.44583333333335
2019-11-18 13:00:00,80.4375
2019-11-19 01:00:00,94.91527777777779
2019-11-19 13:00:00,81.79722222222219
2019-11-20 01:00:00,99.36250000000001
2019-11-20 13:00:00,99.9986111111111
2019-11-21 01:00:00,99.79583333333333
2019-11-21 13:00:00,93.79722222222222
2019-11-22 01:00:00,97.44722222222222
2019-11-22 13:00:00,88.30694444444445
2019-11-23 01:00:00,99.2013888888889
2019-11-23 13:00:00,91.1638888888889
2019-11-24 01:00:00,98.19166666666665
2019-11-24 13:00:00,92.45138888888893
2019-11-25 01:00:00,99.98750000000001
2019-11-25 13:00:00,97.51666666666668
2019-11-26 01:00:00,99.22916666666669
2019-11-26 13:00:00,94.60555555555555
2019-11-27 01:00:00,93.15774647887325
2019-11-27 13:00:00,93.71111111111111
2019-11-28 01:00:00,100
2019-11-28 13:00:00,99.725
2019-11-29 01:00:00,95.7152777777778
2019-11-29 13:00:00,86.08194444444445
2019-11-30 01:00:00,73.71111111111115
2019-11-30 13:00:00,82.18611111111113
2019-12-01 01:00:00,93.20694444444442
2019-12-01 13:00:00,72.5652777777778
2019-12-02 01:00:00,93.20833333333333
2019-12-02 13:00:00,94.89027777777781
2019-12-03 01:00:00,94.71944444444443
2019-12-03 13:00:00,87.98472222222226
2019-12-04 01:00:00,99.00138888888885
2019-12-04 13:00:00,92.7666666666667
2019-12-05 01:00:00,92.86388888888888
2019-12-05 13:00:00,89.44583333333334
2019-12-06 01:00:00,93.55972222222225
2019-12-06 13:00:00,89.94027777777778
2019-12-07 01:00:00,98.77222222222223
2019-12-07 13:00:00,92.98888888888888
2019-12-08 01:00:00,100
2019-12-08 13:00:00,98.11408450704226
2019-12-09 01:00:00,98.95277777777778
2019-12-09 13:00:00,96.98888888888888
2019-12-10 01:00:00,94.9138888888889
2019-12-10 13:00:00,71.28472222222223
2019-12-11 01:00:00,89.31388888888893
2019-12-11 13:00:00,84.95138888888889
2019-12-12 01:00:00,98.13055555555556
2019-12-12 13:00:00,97.4597222222222
2019-12-13 01:00:00,100
2019-12-13 13:00:00,100
2019-12-14 01:00:00,96.18194444444443
2019-12-14 13:00:00,94.13472222222224
2019-12-15 01:00:00,97.56666666666666
2019-12-15 13:00:00,90.7375
2019-12-16 01:00:00,97.38333333333331
2019-12-16 13:00:00,93.23472222222223
2019-12-17 01:00:00,97.6638888888889
2019-12-17 13:00:00,89.97777777777777
2019-12-18 01:00:00,98.38611111111112
2019-12-18 13:00:00,89.59166666666664
2019-12-19 01:00:00,98.21944444444446
2019-12-19 13:00:00,89.08055555555555
2019-12-20 01:00:00,98.14444444444445
2019-12-20 13:00:00,87.33943661971831
2019-12-21 01:00:00,87.79444444444444
2019-12-21 13:00:00,99.34722222222221
2019-12-22 01:00:00,94.87916666666666
2019-12-22 13:00:00,98.01249999999999
2019-12-23 01:00:00,94.97777777777779
2019-12-23 13:00:00,72.57916666666665
2019-12-24 01:00:00,68.63333333333337
2019-12-24 13:00:00,82.14583333333331
2019-12-25 01:00:00,94.55555555555559
2019-12-25 13:00:00,80.43194444444443
2019-12-26 01:00:00,80.48194444444445
2019-12-26 13:00:00,85.37500000000001
2019-12-27 01:00:00,96.62916666666666
2019-12-27 13:00:00,71.19583333333334
2019-12-28 01:00:00,75.53055555555557
2019-12-28 13:00:00,70.22916666666666
2019-12-29 01:00:00,75.79305555555555
2019-12-29 13:00:00,75.09583333333335
2019-12-30 01:00:00,87.65138888888889
2019-12-30 13:00:00,84.40972222222223
2019-12-31 01:00:00,96.35555555555555
2019-12-31 13:00:00,90.8638888888889
2020-01-01 01:00:00,91.11267605633803
2020-01-01 13:00:00,83.09583333333335
2020-01-02 01:00:00,95.13194444444441
2020-01-02 13:00:00,87.01944444444445
2020-01-03 01:00:00,93.62916666666666
2020-01-03 13:00:00,85.27222222222225
2020-01-04 01:00:00,95.90694444444449
2020-01-04 13:00:00,83.80972222222223
2020-01-05 01:00:00,78.5597222222222
2020-01-05 13:00:00,63.16388888888888
2020-01-06 01:00:00,78.61388888888888
2020-01-06 13:00:00,76.62222222222225
2020-01-07 01:00:00,92.4722222222222
2020-01-07 13:00:00,79.02083333333336
2020-01-08 01:00:00,92.14027777777777
2020-01-08 13:00:00,92.07083333333335
2020-01-09 01:00:00,95.22222222222224
2020-01-09 13:00:00,87.6791666666667
2020-01-10 01:00:00,93.00833333333333
2020-01-10 13:00:00,75.76388888888887
2020-01-11 01:00:00,99.88194444444444
2020-01-11 13:00:00,91.60833333333329
2020-01-12 01:00:00,97.58749999999998
2020-01-12 13:00:00,89.74583333333334
2020-01-13 01:00:00,99.72222222222223
2020-01-13 13:00:00,100
2020-01-14 01:00:00,99.84999999999998
2020-01-14 13:00:00,96.82638888888889
2020-01-15 01:00:00,96.0402777777778
2020-01-15 13:00:00,88.63055555555555
2020-01-16 01:00:00,96.14861111111111
2020-01-16 13:00:00,87.33055555555555
2020-01-17 01:00:00,100
2020-01-17 13:00:00,100
2020-01-18 01:00:00,100
2020-01-18 13:00:00,100
2020-01-19 01:00:00,100
2020-01-19 13:00:00,99.9763888888889
2020-01-20 01:00:00,99.72500000000001
2020-01-20 13:00:00,95.60694444444444
2020-01-21 01:00:00,97.23888888888888
2020-01-21 13:00:00,89.04861111111111
2020-01-22 01:00:00,95.59583333333335
2020-01-22 13:00:00,89.8111111111111
2020-01-23 01:00:00,97.14444444444445
2020-01-23 13:00:00,90.00972222222222
2020-01-24 01:00:00,95.08333333333331
2020-01-24 13:00:00,92.23333333333332
2020-01-25 01:00:00,98.31805555555553
2020-01-25 13:00:00,86.71944444444445
2020-01-26 01:00:00,97.3887323943662
2020-01-26 13:00:00,87.58055555555553
2020-01-27 01:00:00,98.21527777777777
2020-01-27 13:00:00,95.02083333333334
2020-01-28 01:00:00,99.24999999999999
2020-01-28 13:00:00,72.67777777777779
2020-01-29 01:00:00,98.3097222222222
2020-01-29 13:00:00,93.9763888888889
2020-01-30 01:00:00,95.74166666666666
2020-01-30 13:00:00,77.31249999999999
2020-01-31 01:00:00,58.01111111111111
2020-01-31 13:00:00,67.96805555555557
2020-02-01 01:00:00,80.9013888888889
2020-02-01 13:00:00,69.75972222222222
2020-02-02 01:00:00,71.23472222222219
2020-02-02 13:00:00,65.19583333333333
2020-02-03 01:00:00,69.99861111111107
2020-02-03 13:00:00,82.91111111111113
2020-02-04 01:00:00,99.61805555555556
2020-02-04 13:00:00,75.41111111111113
2020-02-05 01:00:00,70.37638888888885
2020-02-05 13:00:00,65.03611111111111
2020-02-06 01:00:00,64.25694444444447
2020-02-06 13:00:00,54.591666666666676
2020-02-07 01:00:00,74.48333333333332
2020-02-07 13:00:00,74.6281690140845
2020-02-08 01:00:00,75.7847222222222
2020-02-08 13:00:00,76.78611111111111
2020-02-09 01:00:00,91.76666666666662
2020-02-09 13:00:00,62.83333333333332
2020-02-10 01:00:00,64.91527777777779
2020-02-10 13:00:00,71.87916666666666
2020-02-11 01:00:00,97.89583333333334
2020-02-11 13:00:00,94.22083333333332
2020-02-12 01:00:00,95.64999999999999
2020-02-12 13:00:00,79.5527777777778
2020-02-13 01:00:00,93.0152777777778
2020-02-13 13:00:00,73.29166666666663
2020-02-14 01:00:00,98.2
2020-02-14 13:00:00,90.27916666666667
2020-02-15 01:00:00,94.01111111111108
2020-02-15 13:00:00,81.40555555555555
2020-02-16 01:00:00,93.43750000000001
2020-02-16 13:00:00,79.73333333333333
2020-02-17 01:00:00,90.03055555555557
2020-02-17 13:00:00,67.84166666666667
2020-02-18 01:00:00,70.79027777777776
2020-02-18 13:00:00,78.56111111111112
2020-02-19 01:00:00,86.45774647887325
2020-02-19 13:00:00,59.03333333333335
2020-02-20 01:00:00,68.17638888888891
2020-02-20 13:00:00,66.63750000000002
2020-02-21 01:00:00,86.32638888888889
2020-02-21 13:00:00,50.70972222222223
2020-02-22 01:00:00,78.47083333333336
2020-02-22 13:00:00,63.97777777777779
2020-02-23 01:00:00,85.30555555555559
2020-02-23 13:00:00,52.99444444444446
2020-02-24 01:00:00,57.794444444444444
2020-02-24 13:00:00,62.57222222222221
2020-02-25 01:00:00,88.61111111111114
2020-02-25 13:00:00,60.11666666666666
2020-02-26 01:00:00,75.10694444444442
2020-02-26 13:00:00,86.85555555555555
2020-02-27 01:00:00,86.53749999999998
2020-02-27 13:00:00,58.1263888888889
2020-02-28 01:00:00,69.03194444444443
2020-02-28 13:00:00,63.062500000000014
2020-02-29 01:00:00,89.625
2020-02-29 13:00:00,53.28888888888889
2020-03-01 01:00:00,63.21388888888891
2020-03-01 13:00:00,80.92500000000001
2020-03-02 01:00:00,79.8112676056338
2020-03-02 13:00:00,49.972222222222214
2020-03-03 01:00:00,87.18750000000004
2020-03-03 13:00:00,76.89166666666667
2020-03-04 01:00:00,80.98472222222219
2020-03-04 13:00:00,70.26666666666668
2020-03-05 01:00:00,81.8236111111111
2020-03-05 13:00:00,63.079166666666666
2020-03-06 01:00:00,93.84444444444445
2020-03-06 13:00:00,94.84027777777777
2020-03-07 01:00:00,86.76666666666662
2020-03-07 13:00:00,66.48749999999998
2020-03-08 01:00:00,77.025
2020-03-08 13:00:00,74.46944444444442
2020-03-09 01:00:00,87.49027777777776
2020-03-09 13:00:00,70.87083333333334
2020-03-10 01:00:00,89.46527777777777
2020-03-10 13:00:00,69.32361111111112
2020-03-11 01:00:00,83.84861111111114
2020-03-11 13:00:00,57.23472222222222
2020-03-12 01:00:00,80.83611111111108
2020-03-12 13:00:00,52.548611111111114
2020-03-13 01:00:00,82.01527777777781
2020-03-13 13:00:00,83.15416666666665
2020-03-14 01:00:00,89.35833333333335
2020-03-14 13:00:00,50.702777777777776
2020-03-15 01:00:00,53.12916666666668
2020-03-15 13:00:00,52.28194444444446
2020-03-16 01:00:00,81.50555555555559
2020-03-16 13:00:00,64.86666666666666
2020-03-17 01:00:00,76.42083333333336
2020-03-17 13:00:00,49.73472222222222
2020-03-18 01:00:00,73.78750000000004
2020-03-18 13:00:00,67.9638888888889
2020-03-19 01:00:00,81.04861111111111
2020-03-19 13:00:00,51.2513888888889
2020-03-20 01:00:00,74.34027777777776
2020-03-20 13:00:00,51.1625
2020-03-21 01:00:00,76.95138888888886
2020-03-21 13:00:00,66.10138888888889
2020-03-22 01:00:00,84.09305555555558
2020-03-22 13:00:00,66.14305555555555
2020-03-23 01:00:00,65.9138888888889
2020-03-23 13:00:00,92.8138888888889
2020-03-24 01:00:00,99.77361111111112
2020-03-24 13:00:00,96.32499999999999
2020-03-25 01:00:00,97.8902777777778
2020-03-25 13:00:00,94.9347222222222
2020-03-26 01:00:00,85.11666666666663
2020-03-26 13:00:00,79.06805555555553
2020-03-27 01:00:00,78.27916666666664
2020-03-27 13:00:00,73.38333333333335
2020-03-28 01:00:00,84.87638888888891
2020-03-28 13:00:00,63.99027777777779
2020-03-29 01:00:00,94.32333333333332
2020-03-29 14:00:00,
2020-03-30 02:00:00,67.9235294117647
2020-03-30 14:00:00,57.82777777777778
2020-03-31 02:00:00,71.09374999999999
2020-03-31 14:00:00,51.84305555555558
2020-04-01 02:00:00,72.0888888888889
2020-04-01 14:00:00,47.71388888888888
2020-04-02 02:00:00,78.09027777777776
2020-04-02 14:00:00,59.21250000000001
2020-04-03 02:00:00,81.92361111111109
2020-04-03 14:00:00,47.99861111111112
2020-04-04 02:00:00,73.82499999999996
2020-04-04 14:00:00,42.42500000000001
2020-04-05 02:00:00,70.03055555555555
2020-04-05 14:00:00,51.47916666666667
2020-04-06 02:00:00,76.18749999999997
2020-04-06 14:00:00,32.85138888888888
2020-04-07 02:00:00,63.65555555555558
2020-04-07 14:00:00,32.25694444444444
2020-04-08 02:00:00,65.3722222222222
2020-04-08 14:00:00,39.122222222222234
2020-04-09 02:00:00,69.71527777777777
2020-04-09 14:00:00,39.40416666666667
2020-04-10 02:00:00,69.53472222222221
2020-04-10 14:00:00,47.52222222222223
2020-04-11 02:00:00,83.57361111111112
2020-04-11 14:00:00,52.659722222222236
2020-04-12 02:00:00,80.71666666666664
2020-04-12 14:00:00,50.080555555555556
2020-04-13 02:00:00,80.75833333333331
2020-04-13 14:00:00,33.401388888888896
2020-04-14 02:00:00,72.77777777777776
2020-04-14 14:00:00,88.06805555555556
2020-04-15 02:00:00,83.64583333333331
2020-04-15 14:00:00,58.1861111111111
2020-04-16 02:00:00,83.22777777777779
2020-04-16 14:00:00,48.94027777777777
2020-04-17 02:00:00,75.94305555555557
2020-04-17 14:00:00,44.28750000000001
2020-04-18 02:00:00,77.55694444444444
2020-04-18 14:00:00,47.10416666666668
2020-04-19 02:00:00,81.10563380281688
2020-04-19 14:00:00,53.73333333333333
2020-04-20 02:00:00,81.16666666666666
2020-04-20 14:00:00,55.45277777777779
2020-04-21 02:00:00,85.06111111111112
2020-04-21 14:00:00,62.2013888888889
2020-04-22 02:00:00,86.78194444444443
2020-04-22 14:00:00,57.05555555555556
2020-04-23 02:00:00,82.8611111111111
2020-04-23 14:00:00,52.897222222222226
2020-04-24 02:00:00,80.26388888888894
2020-04-24 14:00:00,49.043055555555554
2020-04-25 02:00:00,81.70694444444446
2020-04-25 14:00:00,55.73055555555554
2020-04-26 02:00:00,86.10138888888889
2020-04-26 14:00:00,71.75416666666668
2020-04-27 02:00:00,87.8111111111111
2020-04-27 14:00:00,58.40555555555555
2020-04-28 02:00:00,83.37500000000001
2020-04-28 14:00:00,59.955555555555556
2020-04-29 02:00:00,95.18194444444443
2020-04-29 14:00:00,76.99999999999999
2020-04-30 02:00:00,93.62361111111112
2020-04-30 14:00:00,71.89722222222224
2020-05-01 02:00:00,98.9347222222222
2020-05-01 14:00:00,84.8760563380282
2020-05-02 02:00:00,97.08472222222223
2020-05-02 14:00:00,69.88888888888889
2020-05-03 02:00:00,90.00277777777774
2020-05-03 14:00:00,72.44861111111112
2020-05-04 02:00:00,83.95694444444443
2020-05-04 14:00:00,62.688888888888904
2020-05-05 02:00:00,87.57916666666668
2020-05-05 14:00:00,75.86250000000001
2020-05-06 02:00:00,89.23750000000001
2020-05-06 14:00:00,63.93055555555554
2020-05-07 02:00:00,83.50555555555556
2020-05-07 14:00:00,58.6138888888889
2020-05-08 02:00:00,85.52083333333331
2020-05-08 14:00:00,60.28611111111112
2020-05-09 02:00:00,85.70277777777777
2020-05-09 14:00:00,60.41388888888889
2020-05-10 02:00:00,84.19722222222222
2020-05-10 14:00:00,65.25833333333333
2020-05-11 02:00:00,89.87916666666668
2020-05-11 14:00:00,63.07500000000002
2020-05-12 02:00:00,83.775
2020-05-12 14:00:00,89.44583333333335
2020-05-13 02:00:00,90.5777777777778
2020-05-13 14:00:00,79.66805555555555
2020-05-14 02:00:00,95.92253521126761
2020-05-14 14:00:00,88.1875
2020-05-15 02:00:00,89.30833333333332
2020-05-15 14:00:00,67.98333333333332
2020-05-16 02:00:00,76.99722222222223
2020-05-16 14:00:00,79.45972222222223
2020-05-17 02:00:00,94.40555555555552
2020-05-17 14:00:00,85.54027777777777
2020-05-18 02:00:00,94.43472222222225
2020-05-18 14:00:00,67.89444444444445
2020-05-19 02:00:00,96.34166666666664
2020-05-19 14:00:00,94.60833333333332
2020-05-20 02:00:00,100
2020-05-20 14:00:00,99.31666666666666
2020-05-21 02:00:00,86.42916666666667
2020-05-21 14:00:00,70.2236111111111
2020-05-22 02:00:00,82.98750000000005
2020-05-22 14:00:00,67.49305555555554
2020-05-23 02:00:00,93.60972222222217
2020-05-23 14:00:00,77.50833333333333
2020-05-24 02:00:00,92.27222222222223
2020-05-24 14:00:00,71.72777777777777
2020-05-25 02:00:00,89.34027777777777
2020-05-25 14:00:00,83.44084507042255
2020-05-26 02:00:00,92.01527777777777
2020-05-26 14:00:00,85.89444444444442
2020-05-27 02:00:00,88.7958333333333
2020-05-27 14:00:00,88.16666666666669
2020-05-28 02:00:00,88.56666666666669
2020-05-28 14:00:00,68.46388888888889
2020-05-29 02:00:00,86.11388888888887
2020-05-29 14:00:00,84.86388888888891
2020-05-30 02:00:00,89.77638888888887
2020-05-30 14:00:00,60.78055555555554
2020-05-31 02:00:00,84.27916666666663
2020-05-31 14:00:00,80.79583333333332
2020-06-01 02:00:00,97.12916666666669
2020-06-01 14:00:00,77.08749999999999
2020-06-02 02:00:00,82.95972222222224
2020-06-02 14:00:00,72.53750000000001
2020-06-03 02:00:00,91.22083333333336
2020-06-03 14:00:00,81.64444444444446
2020-06-04 02:00:00,92.72361111111113
2020-06-04 14:00:00,67.5013888888889
2020-06-05 02:00:00,96.64166666666667
2020-06-05 14:00:00,97.98750000000001
2020-06-06 02:00:00,95.38194444444443
2020-06-06 14:00:00,80.32777777777778
2020-06-07 02:00:00,90.76338028169017
2020-06-07 14:00:00,72.74583333333334
2020-06-08 02:00:00,90.59305555555554
2020-06-08 14:00:00,92.12777777777778
2020-06-09 02:00:00,95.69583333333333
2020-06-09 14:00:00,92.48194444444444
2020-06-10 02:00:00,94.93472222222223
2020-06-10 14:00:00,80.2347222222222
2020-06-11 02:00:00,87.70833333333331
2020-06-11 14:00:00,78.19999999999999
2020-06-12 02:00:00,91.26944444444445
2020-06-12 14:00:00,70.58888888888889
2020-06-13 02:00:00,89.22638888888889
2020-06-13 14:00:00,69.19444444444443
2020-06-14 02:00:00,88.76250000000002
2020-06-14 14:00:00,62.39861111111108
2020-06-15 02:00:00,93.28888888888892
2020-06-15 14:00:00,82.74166666666667
2020-06-16 02:00:00,89.49861111111107
2020-06-16 14:00:00,79.02638888888887
2020-06-17 02:00:00,92.33194444444446
2020-06-17 14:00:00,90.225
2020-06-18 02:00:00,92.35972222222219
2020-06-18 14:00:00,83.79859154929576
2020-06-19 02:00:00,91.97083333333336
2020-06-19 14:00:00,72.95416666666668
2020-06-20 02:00:00,96.27222222222223
2020-06-20 14:00:00,93.47499999999998
2020-06-21 02:00:00,98.50416666666669
2020-06-21 14:00:00,97.05
2020-06-22 02:00:00,86.62638888888891
2020-06-22 14:00:00,73.5111111111111
2020-06-23 02:00:00,67.57222222222225
2020-06-23 14:00:00,65.96944444444446
2020-06-24 02:00:00,82.34722222222224
2020-06-24 14:00:00,65.00833333333335
2020-06-25 02:00:00,89.89861111111114
2020-06-25 14:00:00,75.80694444444444
2020-06-26 02:00:00,90.55416666666667
2020-06-26 14:00:00,73.06944444444444
2020-06-27 02:00:00,88.77222222222221
2020-06-27 14:00:00,67.075
2020-06-28 02:00:00,86.56527777777774
2020-06-28 14:00:00,68.15416666666668
2020-06-29 02:00:00,88.91388888888888
2020-06-29 14:00:00,69.15416666666665
2020-06-30 02:00:00,86.53194444444442
2020-06-30 14:00:00,62.66478873239438
2020-07-01 02:00:00,84.82916666666664
2020-07-01 14:00:00,66.74305555555556
2020-07-02 02:00:00,88.59722222222223
2020-07-02 14:00:00,78.72638888888889
2020-07-03 02:00:00,98.18750000000003
2020-07-03 14:00:00,79.27777777777777
2020-07-04 02:00:00,82.36944444444443
2020-07-04 14:00:00,64.17500000000001
2020-07-05 02:00:00,82.10972222222223
2020-07-05 14:00:00,60.46944444444445
2020-07-06 02:00:00,87.70972222222225
2020-07-06 14:00:00,67.29722222222225
2020-07-07 02:00:00,81.17638888888887
2020-07-07 14:00:00,63.30277777777778
2020-07-08 02:00:00,82.62638888888887
2020-07-08 14:00:00,56.56249999999999
2020-07-09 02:00:00,83.69583333333334
2020-07-09 14:00:00,57.21249999999999
2020-07-10 02:00:00,85.06666666666666
2020-07-10 14:00:00,56.04722222222222
2020-07-11 02:00:00,84.6125
2020-07-11 14:00:00,62.504166666666684
2020-07-12 02:00:00,89.62916666666663
2020-07-12 14:00:00,64.21250000000003
2020-07-13 02:00:00,87.00563380281693
2020-07-13 14:00:00,67.30138888888888
2020-07-14 02:00:00,85.60277777777777
2020-07-14 14:00:00,62.3888888888889
2020-07-15 02:00:00,84.12083333333334
2020-07-15 14:00:00,59.67222222222222
2020-07-16 02:00:00,85.02499999999998
2020-07-16 14:00:00,83.83472222222218
2020-07-17 02:00:00,99.44444444444441
2020-07-17 14:00:00,94.52916666666665
2020-07-18 02:00:00,91.52638888888889
2020-07-18 14:00:00,94.4125
2020-07-19 02:00:00,94.69999999999999
2020-07-19 14:00:00,80.32638888888889
2020-07-20 02:00:00,91.25277777777777
2020-07-20 14:00:00,72.41944444444445
2020-07-21 02:00:00,89.78333333333335
2020-07-21 14:00:00,70.70138888888889
2020-07-22 02:00:00,89.82638888888887
2020-07-22 14:00:00,70.34999999999998
2020-07-23 02:00:00,92.19999999999999
2020-07-23 14:00:00,94.88333333333334
2020-07-24 02:00:00,93.87361111111113
2020-07-24 14:00:00,81.8263888888889
2020-07-25 02:00:00,98.90277777777777
2020-07-25 14:00:00,92.18028169014086
2020-07-26 02:00:00,91.25138888888887
2020-07-26 14:00:00,80.79444444444448
2020-07-27 02:00:00,89.25
2020-07-27 14:00:00,69.37916666666666
2020-07-28 02:00:00,90.2
2020-07-28 14:00:00,68.8888888888889
2020-07-29 02:00:00,88.98472222222223
2020-07-29 14:00:00,67.68055555555556
2020-07-30 02:00:00,88.97638888888888
2020-07-30 14:00:00,69.41111111111111
2020-07-31 02:00:00,90.23194444444442
2020-07-31 14:00:00,71.84722222222223
2020-08-01 02:00:00,87.86944444444445
2020-08-01 14:00:00,65.83055555555556
2020-08-02 02:00:00,87.92083333333329
2020-08-02 14:00:00,62.473611111111126
2020-08-03 02:00:00,88.9444444444444
2020-08-03 14:00:00,70.02777777777777
2020-08-04 02:00:00,93.19444444444446
2020-08-04 14:00:00,96.79583333333329
2020-08-05 02:00:00,95.87638888888893
2020-08-05 14:00:00,92.73333333333333
2020-08-06 02:00:00,97.63472222222221
2020-08-06 14:00:00,85.5125
2020-08-07 02:00:00,90.31690140845072
2020-08-07 14:00:00,74.34444444444445
2020-08-08 02:00:00,89.31111111111109
2020-08-08 14:00:00,78.20138888888889
2020-08-09 02:00:00,91.45833333333333
2020-08-09 14:00:00,79.94166666666666
2020-08-10 02:00:00,91.52361111111112
2020-08-10 14:00:00,79.24305555555556
2020-08-11 02:00:00,91.4486111111111
2020-08-11 14:00:00,72.3638888888889
2020-08-12 02:00:00,89.57222222222222
2020-08-12 14:00:00,82.89999999999996
2020-08-13 02:00:00,91.51805555555555
2020-08-13 14:00:00,73.34166666666665
2020-08-14 02:00:00,91.80694444444444
2020-08-14 14:00:00,76.59861111111105
2020-08-15 02:00:00,94.09027777777776
2020-08-15 14:00:00,85.7722222222222
2020-08-16 02:00:00,93.47916666666666
2020-08-16 14:00:00,77.225
2020-08-17 02:00:00,92.14861111111111
2020-08-17 14:00:00,80.18888888888888
2020-08-18 02:00:00,95.43333333333334
2020-08-18 14:00:00,95.52499999999999
2020-08-19 02:00:00,93.85833333333332
2020-08-19 14:00:00,74.58450704225352
2020-08-20 02:00:00,89.82222222222224
2020-08-20 14:00:00,74.77083333333331
2020-08-21 02:00:00,90.61527777777776
2020-08-21 14:00:00,74.13611111111112
2020-08-22 02:00:00,90.95555555555558
2020-08-22 14:00:00,75.80694444444445
2020-08-23 02:00:00,96.20277777777778
2020-08-23 14:00:00,85.25833333333333
2020-08-24 02:00:00,91.74444444444444
2020-08-24 14:00:00,74.51249999999999
2020-08-25 02:00:00,93.21249999999999
2020-08-25 14:00:00,80.64305555555558
2020-08-26 02:00:00,91.4875
2020-08-26 14:00:00,73.6902777777778
2020-08-27 02:00:00,91.04861111111114
2020-08-27 14:00:00,70.6986111111111
2020-08-28 02:00:00,89.80694444444445
2020-08-28 14:00:00,76.34166666666665
2020-08-29 02:00:00,92.53472222222223
2020-08-29 14:00:00,71.91805555555555
2020-08-30 02:00:00,90.3041666666667
2020-08-30 14:00:00,71.1847222222222
2020-08-31 02:00:00,96.27499999999999
2020-08-31 14:00:00,96.81527777777777
2020-09-01 02:00:00,95.94647887323943
2020-09-01 14:00:00,83.96805555555555
2020-09-02 02:00:00,90.9722222222222
2020-09-02 14:00:00,76.16666666666669
2020-09-03 02:00:00,91.41666666666667
2020-09-03 14:00:00,77.14027777777778
2020-09-04 02:00:00,91.04166666666666
2020-09-04 14:00:00,77.79583333333335
2020-09-05 02:00:00,92.17361111111111
2020-09-05 14:00:00,76.30972222222223
2020-09-06 02:00:00,91.92638888888888
2020-09-06 14:00:00,75.05416666666666
2020-09-07 02:00:00,94.92083333333332
2020-09-07 14:00:00,80.93194444444441
2020-09-08 02:00:00,88.99722222222222
2020-09-08 14:00:00,75.80972222222222
2020-09-09 02:00:00,90.75972222222221
2020-09-09 14:00:00,76.24305555555554
2020-09-10 02:00:00,92.7013888888889
2020-09-10 14:00:00,74.33750000000002
2020-09-11 02:00:00,92.525
2020-09-11 14:00:00,74.25555555555553
2020-09-12 02:00:00,90.73611111111114
2020-09-12 14:00:00,74.20694444444445
2020-09-13 02:00:00,91.83749999999999
2020-09-13 14:00:00,75.22676056338027
2020-09-14 02:00:00,91.31111111111112
2020-09-14 14:00:00,70.98472222222223
2020-09-15 02:00:00,91.34722222222223
2020-09-15 14:00:00,71.80277777777776
2020-09-16 02:00:00,91.92500000000001
2020-09-16 14:00:00,77.19444444444441
2020-09-17 02:00:00,92.94583333333337
2020-09-17 14:00:00,71.35833333333333
2020-09-18 02:00:00,89.20416666666668
2020-09-18 14:00:00,85.67222222222222
2020-09-19 02:00:00,93.88888888888887
2020-09-19 14:00:00,77.40833333333335
2020-09-20 02:00:00,90.10972222222223
2020-09-20 14:00:00,72.96527777777777
2020-09-21 02:00:00,92.45555555555558
2020-09-21 14:00:00,74.46527777777779
2020-09-22 02:00:00,94.7097222222222
2020-09-22 14:00:00,80.5611111111111
2020-09-23 02:00:00,92.89444444444446
2020-09-23 14:00:00,76.22083333333333
2020-09-24 02:00:00,93.06805555555555
2020-09-24 14:00:00,77.0736111111111
2020-09-25 02:00:00,100
2020-09-25 14:00:00,93.2486111111111
2020-09-26 02:00:00,97.62394366197184
2020-09-26 14:00:00,88.31944444444443
2020-09-27 02:00:00,96.5638888888889
2020-09-27 14:00:00,83.61388888888888
2020-09-28 02:00:00,98.87083333333334
2020-09-28 14:00:00,88.46666666666665
2020-09-29 02:00:00,98.37916666666666
2020-09-29 14:00:00,85.60972222222222
2020-09-30 02:00:00,93.23750000000001
2020-09-30 14:00:00,80.34166666666668
2020-10-01 02:00:00,95.3388888888889
2020-10-01 14:00:00,82.70833333333331
2020-10-02 02:00:00,96.95416666666667
2020-10-02 14:00:00,83.08611111111111
2020-10-03 02:00:00,97.94444444444444
2020-10-03 14:00:00,77.87638888888888
2020-10-04 02:00:00,84.02638888888889
2020-10-04 14:00:00,76.82499999999999
2020-10-05 02:00:00,96.47361111111111
2020-10-05 14:00:00,77.84027777777777
2020-10-06 02:00:00,97.06805555555555
2020-10-06 14:00:00,81.98472222222222
2020-10-07 02:00:00,100
2020-10-07 14:00:00,97.8333333333333
2020-10-08 02:00:00,89.5416666666667
2020-10-08 14:00:00,80.58028169014084
2020-10-09 02:00:00,96.04861111111111
2020-10-09 14:00:00,82.61527777777778
2020-10-10 02:00:00,96.73888888888888
2020-10-10 14:00:00,82.8236111111111
2020-10-11 02:00:00,99.42361111111111
2020-10-11 14:00:00,94.44444444444444
2020-10-12 02:00:00,99.99444444444444
2020-10-12 14:00:00,99.55277777777776
2020-10-13 02:00:00,97.38055555555556
2020-10-13 14:00:00,96.61250000000003
2020-10-14 02:00:00,99.21111111111111
2020-10-14 14:00:00,86.2472222222222
2020-10-15 02:00:00,100
2020-10-15 14:00:00,100
2020-10-16 02:00:00,99.21388888888889
2020-10-16 14:00:00,95.12222222222222
2020-10-17 02:00:00,98.45277777777777
2020-10-17 14:00:00,85.89166666666668
2020-10-18 02:00:00,97.93055555555554
2020-10-18 14:00:00,89.19305555555553
2020-10-19 02:00:00,96.8375
2020-10-19 14:00:00,80.70694444444443
2020-10-20 02:00:00,96.03750000000001
2020-10-20 14:00:00,81.94583333333334
2020-10-21 02:00:00,98.32957746478874
2020-10-21 14:00:00,82.1986111111111
2020-10-22 02:00:00,95.6625
2020-10-22 14:00:00,80.60833333333333
2020-10-23 02:00:00,96.67500000000001
2020-10-23 14:00:00,80.64305555555558
2020-10-24 02:00:00,97.68333333333337
2020-10-24 14:00:00,99.74166666666666
2020-10-25 02:00:00,100
2020-10-25 13:00:00,98.16805555555555
2020-10-26 01:00:00,99.44722222222222
2020-10-26 13:00:00,90.28750000000001
2020-10-27 01:00:00,96.475
2020-10-27 13:00:00,93.56805555555555
2020-10-28 01:00:00,100
2020-10-28 13:00:00,96.71666666666667
2020-10-29 01:00:00,99.36388888888888
2020-10-29 13:00:00,95.57499999999999
2020-10-30 01:00:00,98.34444444444443
2020-10-30 13:00:00,92.55000000000001
2020-10-31 01:00:00,95.16250000000001
2020-10-31 13:00:00,84.6875
2020-11-01 01:00:00,98.87361111111109
2020-11-01 13:00:00,92.42222222222222
2020-11-02 01:00:00,96.68333333333334
2020-11-02 13:00:00,88.1112676056338
2020-11-03 01:00:00,94.77499999999999
2020-11-03 13:00:00,86.38472222222222
2020-11-04 01:00:00,100
2020-11-04 13:00:00,97.84305555555552
2020-11-05 01:00:00,96.65694444444446
2020-11-05 13:00:00,96.82499999999999
2020-11-06 01:00:00,97.5263888888889
2020-11-06 13:00:00,95.16249999999997
2020-11-07 01:00:00,99.60833333333333
2020-11-07 13:00:00,90.94027777777778
2020-11-08 01:00:00,99.97083333333333
2020-11-08 13:00:00,97.61666666666666
2020-11-09 01:00:00,100
2020-11-09 13:00:00,99.53888888888888
2020-11-10 01:00:00,100
2020-11-10 13:00:00,98.99444444444444
2020-11-11 01:00:00,99.72916666666667
2020-11-11 13:00:00,98.69722222222222
2020-11-12 01:00:00,97.9013888888889
2020-11-12 13:00:00,94.84583333333332
2020-11-13 01:00:00,100
2020-11-13 13:00:00,98.54166666666667
2020-11-14 01:00:00,99.85555555555555
2020-11-14 13:00:00,98.61111111111111
2020-11-15 01:00:00,100
2020-11-15 13:00:00,99.18611111111112
2020-11-16 01:00:00,99.99166666666666
2020-11-16 13:00:00,98.99444444444445
2020-11-17 01:00:00,99.9388888888889
2020-11-17 13:00:00,99.61527777777778
2020-11-18 01:00:00,100
2020-11-18 13:00:00,98.79305555555555
2020-11-19 01:00:00,100
2020-11-19 13:00:00,98.36944444444447
2020-11-20 01:00:00,91.05555555555557
2020-11-20 13:00:00,85.45277777777774
2020-11-21 01:00:00,82.14861111111112
2020-11-21 13:00:00,79.83055555555559
2020-11-22 01:00:00,97.03472222222224
2020-11-22 13:00:00,90.49444444444445
2020-11-23 01:00:00,96.04583333333333
2020-11-23 13:00:00,87.73472222222223
2020-11-24 01:00:00,95.56805555555556
2020-11-24 13:00:00,88.7861111111111
2020-11-25 01:00:00,100
2020-11-25 13:00:00,94.81111111111113
2020-11-26 01:00:00,97.71666666666664
2020-11-26 13:00:00,98.14861111111112
2020-11-27 01:00:00,100
2020-11-27 13:00:00,99.84788732394365
2020-11-28 01:00:00,100
2020-11-28 13:00:00,99.48472222222222
2020-11-29 01:00:00,98.37083333333332
2020-11-29 13:00:00,94.55416666666666
2020-11-30 01:00:00,98.03194444444443
2020-11-30 13:00:00,90.7361111111111
2020-12-01 01:00:00,100
2020-12-01 13:00:00,98.28472222222221
2020-12-02 01:00:00,95.52916666666667
2020-12-02 13:00:00,98.27638888888889
2020-12-03 01:00:00,100
2020-12-03 13:00:00,100
2020-12-04 01:00:00,100
2020-12-04 13:00:00,100
2020-12-05 01:00:00,100
2020-12-05 13:00:00,98.94861111111112
2020-12-06 01:00:00,98.77222222222224
2020-12-06 13:00:00,90.04027777777777
2020-12-07 01:00:00,96.68611111111112
2020-12-07 13:00:00,95.13055555555556
2020-12-08 01:00:00,100
2020-12-08 13:00:00,100
2020-12-09 01:00:00,100
2020-12-09 13:00:00,100
2020-12-10 01:00:00,99.72957746478872
2020-12-10 13:00:00,97.99027777777778
2020-12-11 01:00:00,100
2020-12-11 13:00:00,99.94166666666666
2020-12-12 01:00:00,100
2020-12-12 13:00:00,100
2020-12-13 01:00:00,98.24117647058823
2020-12-13 13:00:00,98.92653061224489
2020-12-14 01:00:00,
2020-12-14 13:00:00,
2020-12-15 01:00:00,
2020-12-15 13:00:00,
2020-12-16 01:00:00,94.1
2020-12-16 13:00:00,96.90694444444446
2020-12-17 01:00:00,100
2020-12-17 13:00:00,100
2020-12-18 01:00:00,100
2020-12-18 13:00:00,100
2020-12-19 01:00:00,100
2020-12-19 13:00:00,
2020-12-20 01:00:00,
2020-12-20 13:00:00,
2020-12-21 01:00:00,
2020-12-21 13:00:00,
2020-12-22 01:00:00,
2020-12-22 13:00:00,100
2020-12-23 01:00:00,97.13888888888891
2020-12-23 13:00:00,76.44444444444443
2020-12-24 01:00:00,81.64861111111115
2020-12-24 13:00:00,76.36111111111111
2020-12-25 01:00:00,99.9375
2020-12-25 13:00:00,100
2020-12-26 01:00:00,95.11527777777778
2020-12-26 13:00:00,81.77500000000002
2020-12-27 01:00:00,92.33333333333334
2020-12-27 13:00:00,96.10555555555555
2020-12-28 01:00:00,100
2020-12-28 13:00:00,99.8125
2020-12-29 01:00:00,87.92558139534886
2020-12-29 13:00:00,71.82499999999999
2020-12-30 01:00:00,99.96805555555555
2020-12-30 13:00:00,100

