u10,v10,dew2m,dw2m,temp2m,tmp2m,crr,max2mt,mx2t,msdrswrf,min2mt,mn2t,skt,sp,tcrw,temp-out,hi-temp,low-temp,out-hum,dew-pt,wind-speed,wind-dir,bar,rain,rain-rate
0.36310345,-1.5622547,18.6607,291.8107,21.70266,294.85266,0.00043261,23.79586,296.94586,-3.05E-05,2.26E+01,295.7327,295.77313,99940.26,0.00180617,21.8,22.6,21.6,81,18.4,0,E,99970,0,0
0.22792119,-1.8884358,18.85787,292.00787,21.28015,294.43015,0.000776058,22.8902,296.0402,-3.05E-05,2.19E+01,295.06485,295.64603,99974.88,0.000536848,21.4,21.8,20.8,83,18.4,0,SW,100010,0,0
0.13615614,-2.0217233,19.06103,292.21103,19.88934,293.03934,0.000435237,21.85247,295.00247,-3.05E-05,2.10E+01,294.19974,295.38275,100019.31,0.000390131,22.8,22.9,21.1,74,17.9,1.6,NW,100270,0,0
0.1921739,-2.2782621,19.32345,292.47345,19.90096,293.05096,0.000268337,20.86852,294.01852,-3.05E-05,2.04E+01,293.51318,295.29498,100086.31,0.000268981,19.4,22.7,19.3,89,17.5,3.2,NW,100190,5,22.6
0.16053551,-3.0297637,19.35967,292.50967,19.63027,292.78027,2.91E-11,20.27963,293.42963,3.8398132,2.00E+01,293.10956,295.60782,100156.95,0,19.6,19.7,19.4,90,17.9,0,NW,100280,0.6,5.4
-0.114896595,-3.5000033,19.47918,292.62918,20.7882,293.9382,2.91E-11,20.77017,293.92017,33.391693,2.01E+01,293.27588,297.19205,100242.305,0,19.4,19.7,19.4,90,17.8,0,NW,100300,0,0
-0.5868703,-5.2539153,19.3899,292.5399,21.98535,295.13535,2.91E-11,22.32476,295.47476,146.50218,2.10E+01,294.17926,298.7195,100312.695,0,19.3,19.4,19.2,91,17.8,0,WNW,100380,0,0
-0.29486567,-5.7985706,16.03118,289.18118,22.4591,295.6091,2.91E-11,24.23696,297.38696,253.33755,2.39E+01,297.07565,300.50952,100382.25,0,21.6,21.6,19.3,80,18,0,NW,100420,0,0
0.005493641,-5.568469,13.5988,286.7488,24.34838,297.49838,2.91E-11,24.3576,297.5076,380.62933,2.41E+01,297.2338,302.18378,100412.734,0,22.9,22.9,21.6,73,17.8,1.6,NW,100480,0,0
0.09273893,-5.1212397,13.3662,286.5162,25.1023,298.2523,2.91E-11,24.82928,297.97928,495.91458,2.45E+01,297.6029,302.93958,100445.62,0,23.8,23.8,22.6,60,15.6,3.2,NW,100590,0,0
-0.16488802,-3.2450557,12.24035,285.39035,25.82638,298.97638,2.91E-11,25.319,298.469,527.2901,2.49E+01,298.0875,303.62842,100524.945,0,22.7,23.9,22,62,15.1,6.4,NW,100640,0,0
-0.19652641,-3.1615825,12.1106,285.2606,26.1959,299.3459,2.91E-11,26.0737,299.2237,669.556,2.54E+01,298.57092,303.4181,100502.94,0,24.6,24.6,22.7,54,14.6,4.8,NW,100660,0,0
0.41213602,-3.2697792,12.43405,285.58405,26.49743,299.64743,2.91E-11,26.54708,299.69708,683.3862,2.62E+01,299.34747,304.7795,100471.516,0,25.8,26,24.6,45,12.9,4.8,NW,100650,0,0
0.7412576,-3.5574062,12.53823,285.68823,26.69143,299.84143,2.91E-11,26.95046,300.10046,676.0237,2.66E+01,299.7663,304.17917,100464.49,0,24.8,26.3,24.8,46,12.4,4.8,NW,100640,0,0
0.5233498,-4.0123463,12.24307,285.39307,27.0366,300.1866,2.91E-11,27.00564,300.15564,570.4343,2.70E+01,300.115,303.3099,100440.87,0,26.8,26.8,24.6,44,13.5,4.8,NW,100610,0,0
0.023709714,-4.2644787,12.13693,285.28693,26.95995,300.10995,2.91E-11,26.9459,300.0959,448.37555,2.67E+01,299.82065,301.5865,100396.375,0,25.4,27,25.4,43,11.9,3.2,NW,100600,0,0
-0.32814765,-4.3694935,11.67675,284.82675,26.2758,299.4258,2.91E-11,26.56768,299.71768,312.31677,2.61E+01,299.2034,299.8396,100389.45,0,26.9,26.9,25.2,41,12.5,3.2,NW,100600,0,0
-0.5933075,-3.9529848,11.1918,284.3418,25.04885,298.19885,2.91E-11,25.90273,299.05273,163.90031,2.52E+01,298.32776,297.81357,100391.69,0,26.9,27.3,26.7,36,10.6,3.2,NW,100570,0,0
-0.66850007,-2.8624506,10.85385,284.00385,24.08935,297.23935,2.91E-11,24.9751,298.1251,47.017975,2.40E+01,297.16394,295.72433,100400.56,0,26.6,26.9,25.6,37,10.7,3.2,NW,100550,0,0
-0.83682734,-1.8441291,10.80755,283.95755,22.48782,295.63782,2.91E-11,23.4125,296.5625,1.3931885,2.18E+01,294.98154,293.82654,100446.42,0,24.6,26.5,24.6,43,11.2,1.6,E,100550,0,0
-0.90065193,-1.2982498,10.50482,283.65482,19.23245,292.38245,2.91E-11,21.52346,294.67346,-3.05E-05,1.99E+01,293.03357,292.6115,100476.63,0,22.3,24.6,22.3,48,10.7,0,E,100610,0,0
-1.172797,-1.4315374,10.37933,283.52933,18.3354,291.4854,2.91E-11,19.57836,292.72836,-3.05E-05,1.86E+01,291.74554,291.46344,100500.88,0,18.9,22.3,18.9,57,10.2,0,NNW,100650,0,0
-0.75218433,-1.1497855,10.1564,283.3064,14.54885,287.69885,2.91E-11,18.52462,291.67462,-3.05E-05,1.79E+01,291.09116,291.07382,100550.56,0,17.4,18.9,17.4,66,11,0,N,100680,0,0
-0.87010926,-1.7932129,9.74987,282.89987,14.22225,287.37225,2.91E-11,17.81768,290.96768,-3.05E-05,1.72E+01,290.359,290.53552,100600.37,0,15.1,17.4,15.1,77,11.1,0,NNW,100690,0,0
-0.84997576,-2.0978527,9.24478,282.39478,13.96682,287.11682,2.91E-11,17.13186,290.28186,-3.05E-05,1.66E+01,289.72565,289.98022,100582.39,0,13.9,15.1,13.9,79,10.3,0,E,100700,0,0
-0.85559124,-1.8913733,9.0947,282.2447,13.8117,286.9617,2.91E-11,16.5664,289.7164,-3.05E-05,1.59E+01,289.08383,289.12872,100541,0,13.1,14.2,13,82,10.1,0,NNE,100740,0,0
-0.43580037,-1.4698468,8.39047,281.54047,11.72622,284.87622,2.91E-11,15.84173,288.99173,-3.05E-05,1.52E+01,288.3587,288.27307,100536.93,0,12.8,13.1,12.4,81,9.6,0,---,100710,0,0
-0.48401126,-1.4544252,8.39434,281.54434,12.33077,285.48077,2.91E-11,15.08645,288.23645,-3.05E-05,1.46E+01,287.76132,287.71094,100511.38,0,11.6,12.8,11.6,84,8.9,0,---,100680,0,0
-0.4588101,-1.5541766,8.63915,281.78915,12.67666,285.82666,2.91E-11,14.90835,288.05835,6.8867493,1.43E+01,287.47314,288.33322,100498.68,0,10.4,11.6,10.4,88,8.5,0,---,100660,0,0
-0.77971387,-1.7307918,9.39758,282.54758,15.70532,288.85532,2.91E-11,16.82397,289.97397,78.019714,1.53E+01,288.43878,290.76135,100515.63,0,11.3,11.3,10.1,84,8.7,0,N,100660,0,0
-1.6512079,-1.3347235,10.02627,283.17627,16.99658,290.14658,2.91E-11,18.17617,291.32617,213.38757,1.71E+01,290.25555,293.66122,100492.195,0,12.3,12.7,11.3,79,8.8,0,N,100660,0,0
-1.9102044,-0.68309546,10.9166,284.0666,18.605,291.755,2.91E-11,19.07894,292.22894,351.0095,1.80E+01,291.17123,296.73358,100471.33,0,16.3,16.3,12.3,66,10,0,E,100660,0,0
-1.6759982,-0.7056161,10.81548,283.96548,21.59112,294.74112,2.91E-11,20.47744,293.62744,481.54074,1.94E+01,292.51627,299.29602,100429.01,0,18,18,16.2,63,10.8,1.6,E,100620,0,0
-1.7837877,-0.8474712,10.59335,283.74335,22.52886,295.67886,2.91E-11,21.70413,294.85413,508.78195,2.07E+01,293.89548,301.40338,100409.57,0,19.8,19.8,17.9,58,11.3,4.8,E,100630,0,0
-1.5679345,-1.3457389,10.94427,284.09427,23.85864,297.00864,2.91E-11,22.87963,296.02963,561.40674,2.20E+01,295.1192,301.79944,100384.76,0,21.6,21.6,19.8,52,11.3,3.2,E,100600,0,0
-1.4074142,-1.3924936,10.69793,283.84793,24.60745,297.75745,2.91E-11,23.87304,297.02304,592.114,2.31E+01,296.2348,303.07993,100341.14,0,23.1,23.3,21.6,47,11.2,1.6,E,100570,0,0
-1.779268,-1.2122066,10.57263,283.72263,25.196,298.346,2.91E-11,24.53112,297.68112,539.29663,2.40E+01,297.1955,303.19907,100251.75,0,24.6,24.8,23.1,40,10.1,1.6,E,100570,0,0
-1.5465684,-1.5030158,10.1781,283.3281,25.64797,298.79797,2.91E-11,25.0634,298.2134,535.2869,2.46E+01,297.79114,303.24182,100213.87,0,25.7,25.7,24.6,37,9.9,1.6,E,100500,0,0
-1.294009,-2.164068,9.8258,282.9758,25.81075,298.96075,2.91E-11,25.15634,298.30634,406.51132,2.49E+01,298.05096,302.26056,100135.31,0,26.5,26.6,25.2,34,9.4,1.6,NW,100450,0,0
-0.9736531,-3.1607258,10.69268,283.84268,24.6325,297.7825,2.91E-11,24.89132,298.04132,228.19183,2.40E+01,297.1496,300.69678,100137.3,0,26.3,27.1,26.2,36,10,1.6,E,100390,0,0
-1.1748514,-3.4137151,10.5482,283.6982,23.95855,297.10855,2.91E-11,23.61633,296.76633,153.52487,2.32E+01,296.3707,298.44604,100119.88,0,24.7,26.3,24.7,40,10.2,1.6,E,100350,0,0
-0.97242045,-3.6432047,10.53774,283.68774,22.6255,295.7755,2.91E-11,22.99197,296.14197,79.367615,2.23E+01,295.48865,296.65375,100149.875,0,24,24.7,24,43,10.6,1.6,E,100330,0,0
-0.54619235,-3.3642678,10.27572,283.42572,22.0471,295.1971,2.91E-11,22.2107,295.3607,24.262207,2.16E+01,294.74335,294.57175,100143.63,0,23.6,24.1,23.5,45,10.9,1.6,NW,100320,0,0
-0.25870752,-2.6908536,10.42135,283.57135,21.0276,294.1776,2.91E-11,22.12206,295.27206,0.9967346,2.07E+01,293.84753,292.99545,100195.83,0,23.1,23.7,23.1,44,10.1,1.6,NW,100330,0,0
0.12903404,-2.1552558,11.0783,284.2283,19.0635,292.2135,2.91E-11,20.44656,293.59656,-3.05E-05,1.98E+01,292.92834,291.86102,100209.305,0,22.3,23.1,22.3,51,11.7,1.6,NW,100300,0,0
0.4461028,-2.32416,10.99136,284.14136,18.60717,291.75717,2.91E-11,19.62524,292.77524,-3.05E-05,1.91E+01,292.23303,291.5062,100237.43,0,20.3,22.3,20.3,55,10.9,0,NW,100360,0,0
0.5995011,-2.4449632,11.75424,284.90424,16.7978,289.9478,2.91E-11,18.98947,292.13947,-3.05E-05,1.84E+01,291.57162,290.93347,100242.805,0.000122264,20.3,20.3,20,56,11.2,0,NW,100380,0,0
0.3161252,-1.8798681,11.9946,285.1446,15.9073,289.0573,2.91E-11,18.28707,291.43707,-3.05E-05,1.71E+01,290.2573,290.71747,100234.64,0,18.9,20.3,18.9,63,11.7,0,NW,100360,0,0
0.61881286,-2.0601552,12.12435,285.27435,15.3489,288.4989,2.91E-11,16.91488,290.06488,-3.05E-05,1.63E+01,289.49417,289.62653,100243.95,0,16.3,18.9,16.2,76,12,0,NW,100390,0,0
0.695375,-2.0890403,12.07552,285.22552,15.0833,288.2333,2.91E-11,16.27197,289.42197,-3.05E-05,1.59E+01,289.06512,289.39804,100260.195,0.000293434,16.3,16.6,16.3,74,11.6,0,NW,100400,0,0
0.46568853,-1.729935,12.2818,285.4318,14.06927,287.21927,2.91E-11,15.88088,289.03088,-3.05E-05,1.54E+01,288.59546,288.8541,100232.99,0.000293434,15.7,16.3,15.6,76,11.4,0,NW,100400,0,0
0.73605293,-1.4468367,12.62985,285.77985,14.63824,287.78824,2.91E-11,15.37374,288.52374,-3.05E-05,1.50E+01,288.19913,288.3559,100267.37,0.001171507,14.3,15.7,14.3,83,11.5,0,NW,100410,0,0
0.75741917,-1.4697244,12.51168,285.66168,14.99792,288.14792,2.91E-11,15.4409,288.5909,5.4482117,1.49E+01,288.0416,289.1499,100285.805,0.001855075,13.1,14.3,13,87,10.9,0,---,100410,0,0
0.4410352,-1.5709447,12.96432,286.11432,16.5366,289.6866,2.91E-11,17.18304,290.33304,67.8255,1.57E+01,288.86667,291.41388,100315.68,0.000683565,14.1,14.7,13.1,85,11.6,0,NW,100400,0,0
-0.119279444,-1.6837924,13.31835,286.46835,17.59097,290.74097,2.91E-11,18.99203,292.14203,183.05411,1.75E+01,290.68518,293.97104,100353.19,0,14.1,14.1,13.7,87,12,0,SW,100430,0,0
-0.4746978,-1.4003268,13.43417,286.58417,19.1685,292.3185,2.91E-11,20.0755,293.2255,309.1339,1.88E+01,291.9703,297.1285,100383.18,9.78E-05,15.7,15.7,14.1,82,12.6,0,W,100470,0,0
-0.17474937,-1.4169725,12.73385,285.88385,22.19607,295.34607,2.91E-11,21.43713,294.58713,455.52283,2.04E+01,293.53482,299.74164,100368.305,0.000585753,18.5,18.5,15.7,67,12.3,0,NW,100530,0,0
0.2287429,-1.9880649,12.3585,285.5085,23.0379,296.1879,2.91E-11,22.39764,295.54764,480.74786,2.17E+01,294.83017,301.4333,100384.39,0.001073696,21.4,21.4,18.5,58,12.8,0,NW,100510,0,0
0.69811434,-1.3278693,11.7004,284.8504,24.30224,297.45224,2.91E-11,23.40078,296.55078,541.98114,2.26E+01,295.71457,303.2982,100365.08,0,23.4,23.4,21.4,56,14.2,1.6,NW,100530,0,0
0.90807825,-1.465563,11.6661,284.8161,24.75784,297.90784,2.63E-06,24.08886,297.23886,620.28406,2.35E+01,296.67612,304.3029,100300.87,0.000682455,24.1,24.1,23,51,13.3,1.6,NW,100530,0,0
2.0624003,-3.975628,11.9876,285.1376,24.1282,297.2782,0.000778193,24.45507,297.60507,540.89374,2.35E+01,296.6367,300.47397,100367.44,0.029662304,25.7,25.7,24.1,45,12.8,1.6,NW,100520,0,0
1.4225104,-4.758218,13.2643,286.4143,22.37118,295.52118,2.91E-11,23.64233,296.79233,433.83182,2.13E+01,294.41833,298.3299,100380.76,0.01269209,26.6,26.6,25.1,43,13,1.6,NW,100480,0,0
0.88753384,-4.3661885,13.1179,286.2679,22.74722,295.89722,2.91E-11,22.2147,295.3647,361.92862,2.08E+01,293.99457,298.5406,100374.234,0.000390131,24.8,26.6,24.2,42,11,3.2,NW,100490,0,0
0.5879963,-4.474018,12.1898,285.3398,22.86675,296.01675,2.91E-11,22.57546,295.72546,345.09683,2.19E+01,295.078,298.30795,100372.62,0,24.5,26.3,24.3,41,10.4,4.8,NW,100480,0,0
0.17149252,-4.598004,11.0876,284.2376,23.09274,296.24274,2.91E-11,22.8965,296.0465,289.85553,2.26E+01,295.77332,296.0561,100386.81,0.001000337,24.5,26.2,24.5,46,12.1,4.8,NW,100520,0,0
-0.073807776,-3.9349933,10.4475,283.5975,22.14156,295.29156,2.91E-11,22.73754,295.88754,129.40988,2.23E+01,295.42377,294.16394,100462.945,0.000487942,23.6,24.6,23.4,44,10.6,4.8,NW,100550,0,0
-0.01600951,-3.015199,10.29974,283.44974,21.37423,294.52423,2.91E-11,22.12863,295.27863,39.983948,2.14E+01,294.58142,293.05524,100507.875,9.78E-05,23.4,23.6,23.3,43,10.1,3.2,NW,100580,0,0
0.37994987,-2.1495032,10.19552,283.34552,20.61816,293.76816,2.91E-11,21.10464,294.25464,0.9854126,2.04E+01,293.58624,291.56067,100559.94,0,23.2,24.2,23.2,44,10.2,3.2,NW,100590,0,0
1.0973608,-1.8283402,10.39443,283.54443,18.1941,291.3441,2.91E-11,20.26962,293.41962,-3.05E-05,1.91E+01,292.26315,290.68683,100606.36,0,21.3,23.2,21.3,49,10.2,1.6,NW,100660,0,0
1.8109367,-2.3712819,10.14633,283.29633,17.61822,290.76822,2.91E-11,18.96746,292.11746,-3.05E-05,1.85E+01,291.68152,290.12585,100621.14,0,19.4,21.3,19.4,50,8.7,1.6,NW,100710,0,0
2.27346,-3.5310915,10.34698,283.49698,16.02758,289.17758,2.91E-11,18.5901,291.7401,-3.05E-05,1.82E+01,291.33725,290.31915,100655.08,0,18.2,19.4,18.2,56,9.3,0,NW,100780,0,0
1.9515975,-4.0325413,10.328,283.478,15.59777,288.74777,2.91E-11,18.20016,291.35016,-3.05E-05,1.78E+01,290.93567,289.94012,100695.01,0,17.3,18.2,17.3,60,9.5,1.6,NW,100810,0,0
1.6198738,-3.9113708,10.26312,283.41312,15.50585,288.65585,2.91E-11,17.70562,290.85562,-3.05E-05,1.75E+01,290.61533,289.5384,100721.62,0,16.7,17.3,16.7,63,9.6,1.6,NW,100840,0,0
1.4868829,-3.6326787,10.01812,283.16812,15.06478,288.21478,2.91E-11,17.40115,290.55115,-3.05E-05,1.70E+01,290.11496,288.901,100695.31,0,16.2,16.7,16.2,65,9.6,1.6,NW,100850,0,0
1.3364978,-3.529133,9.69818,282.84818,14.29928,287.44928,2.91E-11,16.88058,290.03058,-3.05E-05,1.65E+01,289.6976,288.52652,100718.38,0,15.4,16.2,15.4,68,9.5,3.2,NW,100850,0,0
1.0964019,-3.6384313,9.65267,282.80267,14.5078,287.6578,2.91E-11,16.46206,289.61206,-3.05E-05,1.61E+01,289.28696,288.3007,100766.016,0,14.6,15.4,14.6,71,9.4,1.6,NW,100870,0,0
0.7119475,-3.348724,9.76403,282.91403,14.22515,287.37515,2.91E-11,16.05813,289.20813,5.0517883,1.58E+01,288.93567,288.5545,100787.625,9.78E-05,13.8,14.7,13.8,77,9.8,0,NW,100890,0,0
0.45952517,-3.1875303,10.48235,283.63235,15.77798,288.92798,2.91E-11,16.5052,289.6552,59.85135,1.59E+01,289.01517,290.34262,100813.18,0,12.8,13.7,12,82,9.8,0,WNW,100910,0,0
-0.26487082,-3.471118,10.85537,284.00537,16.77166,289.92166,2.91E-11,17.65872,290.80872,164.60258,1.67E+01,289.8756,292.86874,100856.555,0,13.4,13.4,12.8,79,9.8,1.6,NW,100940,0,0
-0.6990428,-3.1454268,11.4947,284.6447,17.94485,291.09485,1.67E-06,18.37054,291.52054,286.42346,1.75E+01,290.66705,295.57303,100881.8,0,15.2,15.2,13.4,73,10.4,1.6,NW,100990,0,0
-0.9636548,-3.1628065,11.73428,284.88428,20.45284,293.60284,8.94E-06,19.72643,292.87643,410.2492,1.86E+01,291.73035,297.41638,100875.49,0.000414584,17.2,17.2,15.2,68,11.3,3.2,NW,101010,0,0
-1.1466371,-3.437582,12.1745,285.3245,21.34118,294.49118,7.15E-06,21.05148,294.20148,545.3226,2.00E+01,293.14053,299.49463,100870.805,0.001440488,19.8,19.9,17.2,60,11.8,1.6,NW,101040,0,0
-1.2107357,-3.0929193,11.85204,285.00204,22.76394,295.91394,3.94E-06,21.72985,294.87985,509.79004,2.12E+01,294.39993,300.4804,100884,0.004772734,21.2,21.7,19.9,53,11.3,1.6,E,101050,0,0
-1.0528176,-3.3725905,11.37927,284.52927,23.548,296.698,7.03E-06,22.62377,295.77377,507.01495,2.19E+01,295.0365,300.55945,100868.51,0.001027014,23.1,23.1,20.7,48,11.5,1.6,NW,101040,0,0
-0.7178067,-3.8303456,11.17242,284.32242,23.87896,297.02896,2.75E-06,23.41735,296.56735,635.88116,2.28E+01,295.92703,301.49228,100820.13,0.000391245,24.1,24.3,23.1,43,10.7,3.2,NW,101050,0,0
-1.2253907,-4.6578546,10.85653,284.00653,24.00903,297.15903,6.32E-06,23.59747,296.74747,500.69455,2.35E+01,296.61066,300.8409,100786.38,0.002611999,25.2,25.3,23.8,40,10.6,3.2,NW,101010,0,0
-1.5386245,-4.8747373,10.2548,283.4048,24.1856,297.3356,2.91E-11,23.7444,296.8944,398.52585,2.36E+01,296.7238,298.92227,100792.31,0.001905091,24.9,25.4,24.1,40,10.4,3.2,NW,100970,0,0
-1.6569602,-4.5218744,9.57345,282.72345,24.34622,297.49622,2.91E-11,23.7341,296.8841,350.76028,2.36E+01,296.7556,298.09348,100781.445,0.000659112,24.1,25.4,23.9,41,10,3.2,NW,100960,0,0
-1.6980491,-4.080765,8.44256,281.59256,24.14382,297.29382,2.91E-11,23.58975,296.73975,268.5043,2.33E+01,296.4996,296.94125,100758.625,0.000756923,25.2,26.3,24,35,8.6,3.2,NW,100920,0,0
-1.4956181,-3.6042833,8.3587,281.5087,23.3903,296.5403,2.91E-11,23.25613,296.40613,139.49083,2.29E+01,296.0761,295.82684,100757.51,0.000536848,23.8,25.8,23.8,40,9.4,3.2,E,100910,0,0
-0.5301677,-2.5635633,8.22527,281.37527,22.3748,295.5248,2.91E-11,22.79443,295.94443,27.150574,2.19E+01,295.00317,293.8689,100774.24,4.89E-05,23,23.8,22.5,44,10.1,1.6,E,100920,0,0
0.23257786,-2.3065352,8.58862,281.73862,20.64794,293.79794,2.91E-11,21.84963,294.99963,0.95144653,2.02E+01,293.38342,292.21356,100830.625,0,22.9,24.2,22.9,41,9,1.6,NW,100900,0,0
0.40008336,-2.3106966,9.29183,282.44183,17.5012,290.6512,2.91E-11,20.10494,293.25494,-3.05E-05,1.92E+01,292.35522,291.18048,100832.305,0,21.8,22.9,21.8,47,10,1.6,NW,100940,0,0
0.5130777,-2.328199,9.4369,282.5869,16.91445,290.06445,2.91E-11,19.05178,292.20178,-3.05E-05,1.85E+01,291.64587,290.5934,100851.87,0,18.6,21.8,18.6,56,9.6,0,NNW,100970,0,0
0.13026673,-2.9301348,9.77892,282.92892,15.1527,288.3027,2.91E-11,18.4183,291.5683,-3.05E-05,1.81E+01,291.2171,290.53665,100864.26,0,17.7,18.6,17.4,59,9.6,0,NNW,100990,0,0
-0.07654703,-2.912877,9.7189,282.8689,14.9329,288.0829,2.91E-11,18.00292,291.15292,-3.05E-05,1.77E+01,290.824,290.65506,100838.766,0,16.9,17.7,16.9,61,9.3,0,NNW,101000,0,0
-0.2565161,-2.7327125,9.60055,282.75055,14.33813,287.48813,2.91E-11,17.57583,290.72583,-3.05E-05,1.69E+01,290.05417,289.89813,100867.766,0,16.2,16.8,16.1,63,9.1,0,NW,101000,0,0
-0.45319462,-2.633206,9.35845,282.50845,13.75463,286.90463,2.91E-11,16.75707,289.90707,-3.05E-05,1.61E+01,289.24576,289.37875,100877.516,0,15.3,16.2,14.8,67,9.2,0,NW,101020,0,0
-0.36334705,-2.4234219,9.21398,282.36398,12.49572,285.64572,2.91E-11,15.9432,289.0932,-3.05E-05,1.54E+01,288.54663,288.9388,100875.62,0,14.8,15.3,14.7,69,9.1,0,NW,101030,0,0
-0.06422043,-2.1950338,9.91082,283.06082,13.31756,286.46756,2.91E-11,15.29284,288.44284,-3.05E-05,1.49E+01,288.02698,288.40546,100909.18,0,14.8,15,14.7,68,9,0,NW,101010,0,0
0.098765254,-2.172146,9.98422,283.13422,13.3877,286.5377,2.91E-11,14.97637,288.12637,5.176361,1.46E+01,287.72684,288.75082,100942.375,0,14.7,14.8,14.4,69,9,0,NW,101020,0,0
-0.010257065,-2.1388547,10.82787,283.97787,16.07156,289.22156,2.91E-11,16.818,289.968,69.60382,1.53E+01,288.48352,291.26257,100952,0,14.2,14.7,14.2,71,9,0,NW,101050,0,0
-0.60084045,-2.0072808,11.44067,284.59067,17.42675,290.57675,2.91E-11,18.83022,291.98022,199.74997,1.72E+01,290.3482,294.6421,100994.01,0,14.3,14.3,13.7,72,9.3,0,NW,101090,0,0
-1.0956869,-1.894066,11.99108,285.14108,19.40612,292.55612,2.91E-11,20.47573,293.62573,348.59686,1.93E+01,292.46686,297.80258,101014.81,0,17.9,17.9,14.3,61,10.3,0,NW,101090,0,0
-1.4924681,-2.0380018,12.06857,285.21857,22.93905,296.08905,2.91E-11,22.1432,295.2932,493.21878,2.08E+01,293.9659,300.48532,100967.68,0,19.5,19.7,17.9,59,11.3,1.6,NW,101140,0,0
-2.128934,-2.4277058,11.38955,284.53955,24.12603,297.27603,2.91E-11,23.49026,296.64026,516.30304,2.25E+01,295.6228,302.3578,100971.31,0,21.9,21.9,19.4,54,12.2,1.6,E,101130,0,0
-2.3951895,-2.2889104,10.21276,283.36276,25.9441,299.0941,2.91E-11,24.68777,297.83777,665.53503,2.37E+01,296.88275,302.94675,100945.63,0,23.8,23.9,21.9,52,13.4,1.6,E,101130,0,0
-2.393957,-2.2838922,9.90057,283.05057,26.585,299.735,2.91E-11,25.58828,298.73828,707.81836,2.49E+01,298.03168,303.9696,100900.49,0,25.6,25.6,23.9,40,11,1.6,ENE,101130,0,0
-2.2789083,-2.184875,9.28332,282.43332,27.10745,300.25745,2.91E-11,26.17632,299.32632,613.80505,2.57E+01,298.89386,304.1542,100843.766,0,26.8,26.8,25.3,33,9.2,3.2,E,101090,0,0
-2.2150836,-2.2147393,9.14657,282.29657,27.61392,300.76392,2.91E-11,26.60198,299.75198,535.57007,2.63E+01,299.42844,303.95486,100799.89,0,27.8,27.8,26.4,31,9.1,3.2,E,101050,0,0
-2.2565832,-2.2490098,8.53088,281.68088,28.00778,301.15778,2.91E-11,26.9136,300.0636,468.24295,2.67E+01,299.8087,303.1809,100754.555,0,28.1,28.4,27.4,27,7.3,3.2,E,101030,0,0
-2.1374257,-2.3024962,8.2365,281.3865,28.11385,301.26385,2.91E-11,27.06454,300.21454,410.589,2.69E+01,300.09363,301.9799,100729.01,0,28.4,28.9,27.7,28,8.1,3.2,ENE,100990,0,0
-1.9059587,-2.3879275,8.10635,281.25635,27.73528,300.88528,2.91E-11,26.96847,300.11847,229.33585,2.65E+01,299.69763,300.14337,100745.984,0,28.8,28.9,28.3,28,8.5,1.6,E,100930,0,0
-1.0443258,-2.1834064,8.66317,281.81317,26.57083,299.72083,2.91E-11,26.43304,299.58304,145.04102,2.58E+01,298.9681,297.80182,100733.13,0,28.6,28.8,28.4,26,7.2,1.6,E,100920,0,0
-0.18734992,-2.0559938,8.55898,281.70898,25.04522,298.19522,2.91E-11,25.51708,298.66708,46.757446,2.37E+01,296.81027,295.01584,100758.06,0,28.3,28.6,28.3,26,6.9,1.6,E,100910,0,0
-0.017926991,-2.4186485,8.52972,281.67972,23.65334,296.80334,2.91E-11,23.63235,296.78235,1.0194092,2.15E+01,294.651,293.2542,100791.82,0,26.9,28.3,26.9,31,8.4,0,E,100920,0,0
-0.10887027,-2.5350456,10.0919,283.2419,19.94854,293.09854,2.91E-11,21.66354,294.81354,-3.05E-05,2.12E+01,294.32687,292.39627,100820.38,0,24.1,26.9,24.1,40,9.6,0,ENE,100950,0,0
-0.30527484,-2.4072657,10.09387,283.24387,19.15215,292.30215,2.91E-11,21.01373,294.16373,-3.05E-05,2.02E+01,293.38782,291.55878,100839.01,0,19.9,24.1,19.9,55,10.6,0,---,100970,0,0
-0.28719574,-1.8719126,9.70495,282.85495,16.0701,289.2201,2.91E-11,20.05435,293.20435,-3.05E-05,1.92E+01,292.3634,291.0042,100872.266,0,17,20,17,74,12.3,0,ENE,100990,0,0
-0.5744067,-1.5954236,9.92343,283.07343,15.76925,288.91925,2.91E-11,19.0521,292.2021,-3.05E-05,1.86E+01,291.72302,290.2662,100884.99,0,15.7,17,15.7,79,12,0,---,101030,0,0
-1.4070033,-1.5981163,10.0675,283.2175,14.89004,288.04004,2.91E-11,18.47317,291.62317,-3.05E-05,1.73E+01,290.48615,289.3523,100888.38,0,14.7,15.7,14.7,82,11.7,0,---,101040,0,0
-1.4842503,-0.9818603,9.93987,283.08987,14.6288,287.7788,2.91E-11,17.3131,290.4631,-3.05E-05,1.66E+01,289.7891,288.77164,100875.87,0,13.8,14.7,13.8,84,11.2,0,---,101030,0,0
-0.43908748,-0.9522408,9.85912,283.00912,14.11904,287.26904,2.91E-11,16.84512,289.99512,-3.05E-05,1.64E+01,289.59998,288.3718,100878.875,0,13.1,13.8,13.1,85,10.6,0,---,101050,0,0
0.06000483,-0.9709672,10.15194,283.30194,15.4441,288.5941,2.91E-11,17.26193,290.41193,-3.05E-05,1.68E+01,289.98053,287.95834,100882.08,0,12.4,13.1,12.4,86,10.1,0,---,101020,0,0
0.16601402,-0.9838186,10.5422,283.6922,14.78393,287.93393,2.91E-11,17.119,290.269,4.949829,1.67E+01,289.88904,288.74893,100912.32,0,12,12.4,12,86,9.7,0,---,101020,0,0
0.27243406,-0.86680955,11.40426,284.55426,17.52667,290.67667,2.91E-11,18.17074,291.32074,68.73166,1.65E+01,289.60934,292.41745,100915.55,0,11.7,12.3,11.7,87,9.6,0,ENE,101040,0,0
-0.33431095,-0.20832753,11.70272,284.85272,18.69656,291.84656,2.91E-11,20.57235,293.72235,197.39398,1.86E+01,291.70142,296.52438,100940.2,0,11.9,11.9,11.4,89,10.2,0,---,101080,0,0
-0.7420491,0.13449931,12.74334,285.89334,21.0338,294.1838,2.91E-11,22.522,295.672,346.22952,2.10E+01,294.14478,300.16113,100910.55,0,19.6,19.6,11.9,60,11.6,0,ENE,101080,0,0
-1.2649729,0.45737588,12.11816,285.26816,25.2178,298.3678,2.91E-11,24.59344,297.74344,492.1314,2.29E+01,296.09073,303.20776,100889.99,0,22,22,19.6,51,11.4,0,E,101100,0,0
-2.0231986,0.4201678,11.65313,284.80313,27.10964,300.25964,2.91E-11,26.37243,299.52243,593.2467,2.50E+01,298.13718,305.38928,100887.63,0,25.9,25.9,22,44,12.7,0,ENE,101100,0,0
-1.7028428,0.267542,10.45815,283.60815,28.54293,301.69293,2.91E-11,27.55023,300.70023,706.3572,2.67E+01,299.81305,306.56763,100880.24,0,28.8,28.8,25.9,32,10.4,1.6,E,101080,0,0
-1.6592886,-0.09437835,10.09677,283.24677,29.08645,302.23645,2.91E-11,28.24975,301.39975,710.5481,2.77E+01,300.8711,307.01627,100832.62,0,28.8,28.9,27.8,30,9.5,1.6,E,101060,0,0
-1.5250652,-0.068920255,10.04232,283.19232,29.8262,302.9762,2.91E-11,28.97616,302.12616,680.917,2.84E+01,301.52078,307.38962,100768.56,0,29.1,29.4,28.6,29,9.2,3.2,E,101050,0,0
-1.4876744,-0.1685493,9.72625,282.87625,30.07723,303.22723,2.91E-11,29.29434,302.44434,459.86105,2.90E+01,302.1936,306.6773,100743.38,0,29.5,29.6,28.9,27,8.5,3.2,E,101010,0,0
-1.5424595,0.068283916,9.44814,282.59814,30.52886,303.67886,2.91E-11,29.46273,302.61273,329.6696,2.93E+01,302.48557,305.9079,100680.51,0,30.3,30.6,29.5,28,9.8,1.6,E,100960,0,0
-1.4531598,0.2261728,9.16635,282.31635,30.8184,303.9684,2.91E-11,29.61794,302.76794,381.4109,2.94E+01,302.57968,305.081,100632.5,0,29.9,30.7,29.8,26,8.4,3.2,E,100950,0,0
-1.3446852,0.27231538,8.87872,282.02872,30.56555,303.71555,2.91E-11,29.56735,302.71735,189.71432,2.93E+01,302.4125,303.11548,100617.76,0,30.2,30.9,29.9,24,7.4,3.2,E,100920,0,0
-1.1989568,0.21356618,10.76473,283.91473,29.00073,302.15073,2.91E-11,29.1877,302.3377,132.30957,2.82E+01,301.37378,300.55377,100572.17,0,30.3,30.6,30.1,24,7.5,1.6,E,100880,0,0
-1.8730876,-0.03195715,10.95318,284.10318,27.64407,300.79407,2.91E-11,28.0202,301.1702,45.454865,2.59E+01,299.0739,296.99762,100589.5,0,30.1,30.3,29.6,26,8.5,1.6,E,100830,0,0
-2.0307317,-0.1001308,10.61678,283.76678,25.27267,298.42267,2.91E-11,25.58972,298.73972,0.9061279,2.32E+01,296.38824,294.6644,100612.07,0,28.8,30.1,28.8,28,8.5,0,E,100800,0,0
-2.091954,0.012349606,11.74902,284.89902,20.96514,294.11514,2.91E-11,22.88305,296.03305,-3.05E-05,2.19E+01,295.0736,293.62,100624.37,0,24.8,28.9,24.8,41,10.6,0,E,100790,0,0
-2.059357,0.09924972,11.21328,284.36328,20.32424,293.47424,2.91E-11,21.8073,294.9573,-3.05E-05,2.14E+01,294.5028,292.9217,100639.67,0,20.6,24.8,20.6,63,13.3,0,---,100820,0,0
-2.099761,0.7724191,10.1289,283.2789,17.46343,290.61343,2.91E-11,21.30132,294.45132,-3.05E-05,2.08E+01,293.96298,292.4776,100650.45,0,19.8,20.5,19.7,69,14,0,NE,100840,0,0
-1.9979975,1.061637,10.3563,283.5063,16.9537,290.1037,2.91E-11,20.6824,293.8324,-3.05E-05,2.00E+01,293.13382,291.7547,100641.195,0,16.8,19.8,16.8,80,13.3,0,---,100820,0,0
-1.9901907,1.3367797,10.68942,283.83942,16.63287,289.78287,2.91E-11,19.80306,292.95306,-3.05E-05,1.91E+01,292.26404,291.12527,100633.74,0,17.1,17.2,16.3,80,13.6,0,---,100820,0,0
-2.004024,1.2725226,10.806,283.956,16.38656,289.53656,2.91E-11,18.94457,292.09457,-3.05E-05,1.84E+01,291.50092,290.61118,100586.18,0,15.6,17.1,15.6,85,13.1,0,---,100810,0,0
-1.7843356,1.2485334,10.69714,283.84714,15.32748,288.47748,2.91E-11,18.37597,291.52597,-3.05E-05,1.81E+01,291.26065,290.2658,100574.26,0,15.1,15.6,14.9,86,12.8,0,NE,100780,0,0
-1.7577648,1.2788872,11.0082,284.1582,16.47192,289.62192,2.91E-11,18.07067,291.22067,-3.05E-05,1.78E+01,290.99588,289.89056,100553.33,0,14.4,15.2,14.4,86,12.1,0,---,100780,0,0
-1.5204084,1.0031325,11.981,285.131,16.22198,289.37198,2.91E-11,17.8274,290.9774,4.6213684,1.75E+01,290.64456,290.399,100559.195,0,13.8,14.5,13.8,86,11.5,0,---,100750,0,0
-0.8696984,0.26423728,12.12203,285.27203,19.98925,293.13925,2.91E-11,20.00002,293.15002,68.10867,1.78E+01,290.97424,294.11478,100603.26,0,13.7,13.8,13.4,89,11.9,0,---,100750,0,0
-0.7123282,0.03340149,12.5204,285.6704,20.98583,294.13583,2.91E-11,22.4185,295.5685,197.85838,2.05E+01,293.6082,298.26068,100603.44,0,15.3,15.3,13.6,87,13.2,0,NE,100720,0,0
-0.8996932,0.16007972,13.52654,286.67654,22.8446,295.9946,2.91E-11,24.91848,298.06848,345.19876,2.31E+01,296.2836,302.1891,100611.516,0,21.1,21.1,15.3,67,14.7,0,NE,100740,0,0
-1.407825,0.52518237,13.7144,286.8644,26.99917,300.14917,2.91E-11,27.25005,300.40005,490.77216,2.54E+01,298.568,305.50616,100566.43,0,24.2,24.7,21.1,53,14,0,E,100800,0,0
-2.0644245,1.094194,13.66406,286.81406,28.83105,301.98105,2.91E-11,29.1657,302.3157,612.695,2.77E+01,300.82666,307.77356,100553.83,0,27.3,27.4,24.2,37,11.4,1.6,E,100800,0,0
-1.834738,1.1737503,12.47045,285.62045,31.11126,304.26126,2.91E-11,30.20742,303.35742,701.33936,2.94E+01,302.57678,308.98254,100494.37,0,29.4,29.5,27.3,33,11.5,1.6,SE,100790,0,0
-1.5683454,1.3585659,12.55102,285.70102,31.75942,304.90942,2.91E-11,30.96584,304.11584,742.28613,3.04E+01,303.5237,310.12265,100421.37,0,31.2,31.3,29.4,30,11.5,1.6,SE,100750,0,0
-1.2140228,0.89346707,12.6622,285.8122,32.27242,305.42242,2.91E-11,31.5596,304.7096,738.7975,3.11E+01,304.24826,310.78918,100349.12,0,31.6,31.6,30.9,28,10.8,3.2,SE,100690,0,0
-1.0024153,0.59298885,12.86224,286.01224,32.70913,305.85913,2.91E-11,31.98068,305.13068,681.7212,3.17E+01,304.80972,310.51227,100324.06,0,32.4,32.7,31.6,27,11,3.2,ESE,100640,0,0
-0.98146,0.59690535,12.76385,285.91385,33.414,306.564,2.91E-11,32.18908,305.33908,586.89233,3.20E+01,305.19318,309.32864,100241.44,0,33.8,33.8,32.3,25,11,3.2,SE,100560,0,0
-1.0911672,0.898363,12.6405,285.7905,33.386,306.536,2.91E-11,32.2068,305.3568,424.3965,3.21E+01,305.28113,307.5375,100196.195,0,34.3,34.3,33.4,25,11.4,1.6,SE,100510,0,0
-1.1154096,0.9691068,12.50994,285.65994,33.0354,306.1854,2.91E-11,32.10818,305.25818,295.67755,3.18E+01,304.9535,305.69266,100125.19,0,33.7,34.6,33.6,26,11.5,1.6,SW,100450,0,0
-0.8806554,0.45015442,14.87667,288.02667,31.2337,304.3837,2.91E-11,31.74456,304.89456,151.42938,3.09E+01,304.09512,302.66193,100135.44,0,33.6,33.9,33.4,29,13.1,1.6,SE,100410,0,0
-1.470554,-0.22179091,14.88403,288.03403,29.25033,302.40033,2.91E-11,30.73342,303.88342,39.39496,2.82E+01,301.38196,299.6671,100146.67,0,32.4,33.9,32.4,30,12.6,1.6,E,100380,0,0
-1.7787201,-0.15422916,13.82964,286.97964,26.90145,300.05145,2.91E-11,28.60595,301.75595,0.58898926,2.64E+01,299.59036,297.92667,100156.95,0,30.8,32.4,30.8,35,13.5,1.6,E,100360,0,0
-1.8815792,0.118220806,14.51257,287.66257,23.88406,297.03406,2.91E-11,26.23635,299.38635,-3.05E-05,2.54E+01,298.56595,296.6186,100167.88,0,27.7,30.8,27.7,48,15.7,0,E,100360,0,0
-1.716676,0.5259167,14.68182,287.83182,23.20428,296.35428,2.91E-11,25.16918,298.31918,-3.05E-05,2.43E+01,297.41498,295.9808,100151.92,0,24.7,27.7,24.7,57,15.6,0,E,100350,0,0
-0.32992816,1.6435002,14.21816,287.36816,21.00182,294.15182,2.91E-11,24.08203,297.23203,-3.05E-05,2.33E+01,296.4005,294.8475,100153.445,0,21.2,24.7,21.2,68,15,0,E,100370,0,0
0.261751,1.5496236,14.28866,287.43866,20.42523,293.57523,2.91E-11,23.13976,296.28976,-3.05E-05,2.23E+01,295.41586,294.35272,100154.81,0.000122264,19.9,21.2,19.9,74,15.1,0,---,100330,0,0
0.25462896,1.4805931,14.69308,287.84308,19.9907,293.1407,2.91E-11,22.22955,295.37955,-3.05E-05,2.15E+01,294.67905,293.79022,100113.83,0,18.6,19.9,18.6,80,15,0,---,100300,0,0
0.47390622,1.5113143,14.94967,288.09967,19.90096,293.05096,2.91E-11,21.47943,294.62943,-3.05E-05,2.11E+01,294.21725,293.60297,100050.11,0,18.4,18.6,18.2,82,15.3,0,---,100280,0,0
0.9984736,1.0097419,15.1701,288.3201,18.03857,291.18857,2.91E-11,20.96115,294.11115,-3.05E-05,2.02E+01,293.3805,293.1861,100043.5,0,19.1,19.6,18.4,77,15,0,WSW,100250,0,0
1.092567,1.0609027,15.99243,289.14243,18.46328,291.61328,2.91E-11,20.00317,293.15317,-3.05E-05,1.94E+01,292.57733,292.4621,100032.01,0,17.8,19.1,17.8,82,14.7,0,---,100220,0,0
1.077775,1.1267508,15.92697,289.07697,18.9941,292.1441,2.91E-11,19.75817,292.90817,4.077667,1.92E+01,292.34644,293.29807,100037.38,0,17.6,18.4,17.6,82,14.4,0,SE,100220,0,0
1.6820548,1.4269844,16.27966,289.42966,21.75863,294.90863,2.91E-11,22.02743,295.17743,63.963013,2.03E+01,293.40213,296.03452,100063.49,0,16.6,17.6,16.6,84,13.8,0,SE,100180,0,0
1.8118956,0.810851,16.0029,289.1529,23.34124,296.49124,2.91E-11,24.74923,297.89923,187.69815,2.25E+01,295.6827,300.05673,100115.13,0,16.8,17.2,16.1,82,13.7,0,E,100240,0,0
2.0404863,0.6308087,15.9655,289.1155,25.5884,298.7384,2.91E-11,26.70632,299.85632,301.06915,2.52E+01,298.32715,303.80392,100119.32,0,20.9,20.9,16.8,71,15.5,0,SE,100250,0,0
2.0847254,0.5407263,14.84838,287.99838,28.75802,301.90802,2.91E-11,28.78463,301.93463,423.88678,2.72E+01,300.30377,306.82068,100093.734,0,25.2,25.2,20.9,59,16.6,0,SW,100280,0,0
2.027338,0.75650775,13.89706,287.04706,30.1775,303.3275,2.91E-11,30.44583,303.59583,590.8114,2.91E+01,302.28625,309.3801,100062.31,0,27.8,27.8,25.1,52,17,0,WNW,100270,0,0
1.6472664,0.99664557,13.3693,286.5193,32.2361,305.3861,2.91E-11,31.5376,304.6876,694.362,3.07E+01,303.84814,310.39124,100053.68,0,29.2,29.2,27.7,48,17,1.6,NW,100280,0,0
1.6719196,1.0955404,13.81088,286.96088,32.9217,306.0717,2.91E-11,32.3183,305.4683,742.10486,3.17E+01,304.86554,311.3498,99966.06,0,31.1,31.2,29.2,45,17.8,1.6,NW,100250,0,0
1.5665953,1.092358,13.8136,286.9636,33.41763,306.56763,2.91E-11,32.8975,306.0475,733.46246,3.24E+01,305.58978,311.86273,99935.63,0,33.5,33.5,31.1,32,14.5,0,SW,100200,0,0
1.5616646,1.0205125,14.06613,287.21613,33.81692,306.96692,2.91E-11,33.326,306.476,674.2001,3.30E+01,306.14978,311.59906,99887.07,0,35.3,35.3,33.6,25,12.3,1.6,SE,100160,0,0
1.372519,1.0440122,13.81243,286.96243,34.28414,307.43414,2.91E-11,33.5667,306.7167,584.6949,3.34E+01,306.5376,310.73093,99844.57,0,34.8,35.3,33.7,28,13.6,1.6,SE,100110,0,0
1.2072048,0.94646394,13.54553,286.69553,34.74267,307.89267,2.91E-11,33.59445,306.74445,445.88364,3.35E+01,306.62646,309.22803,99764.74,0,35.3,35.4,34.6,26,12.9,1.6,SE,100050,0,0
0.7942621,0.7224821,14.57067,287.72067,34.3165,307.4665,2.91E-11,33.44607,306.59607,262.7389,3.31E+01,306.2164,307.27197,99737.445,0,35.1,36.1,35.1,25,12.1,3.2,SE,100000,0,0
-0.021761954,0.52946603,15.6442,288.7942,32.97946,306.12946,2.91E-11,33.07873,306.22873,157.07019,3.25E+01,305.62515,304.9293,99713.82,0,35.2,35.6,34.8,24,11.6,1.6,SW,99980,0,0
-1.0292599,0.6122047,14.48156,287.63156,31.82083,304.97083,2.91E-11,32.41265,305.56265,36.087494,3.07E+01,303.8157,301.34854,99753.125,0,34.8,35.3,34.6,28,13.6,1.6,SE,99940,0,0
-1.2289517,1.1768101,15.4519,288.6019,28.65194,301.80194,2.91E-11,30.3721,303.5221,0.5663147,2.75E+01,300.67145,299.1375,99799.516,0,33.2,34.8,33.2,30,13.3,1.6,SE,99950,0,0
-0.98118603,1.6956402,15.24523,288.39523,26.01602,299.16602,2.91E-11,27.1071,300.2571,-3.05E-05,2.63E+01,299.49652,298.17026,99827.62,0,28.6,33.1,28.6,53,18,1.6,SE,99950,0,0
-0.22830176,2.0775108,15.03683,288.18683,25.21163,298.36163,2.91E-11,26.20947,299.35947,-3.05E-05,2.58E+01,298.94824,297.24652,99839.57,0,25.2,28.6,25.2,61,17.2,0,E,99990,0,0
0.70304495,1.6119224,16.53994,289.68994,22.6426,295.7926,2.91E-11,25.67062,298.82062,-3.05E-05,2.48E+01,297.97675,296.11246,99852.36,0,23.7,25.2,23.3,66,16.9,0,---,100020,0,0
1.4126492,1.0796291,16.44467,289.59467,21.80078,294.95078,2.91E-11,24.64834,297.79834,-3.05E-05,2.38E+01,296.97278,295.47012,99892.63,0,21.2,23.7,21.2,75,16.6,0,---,100020,0,0
1.7810788,0.48442495,16.46752,289.61752,21.25543,294.40543,2.91E-11,23.60888,296.75888,-3.05E-05,2.29E+01,296.07434,294.9137,99893.125,0,21.5,22.3,20.8,73,16.5,0,ENE,100050,0,0
1.5327654,0.3615409,16.23162,289.38162,20.93752,294.08752,2.91E-11,22.8213,295.9713,-3.05E-05,2.23E+01,295.44656,294.41663,99887.195,0,21.4,21.4,20.8,72,16.2,0,ENE,100050,0,0
2.0939019,-0.10514903,15.85977,289.00977,20.21633,293.36633,2.91E-11,22.269,295.419,-3.05E-05,2.20E+01,295.17297,294.41928,99918.49,0,20,21.9,20,77,15.8,0,ENE,100070,0,0
2.3486526,-0.77525854,15.9816,289.1316,21.37097,294.52097,2.91E-11,22.27902,295.42902,-3.05E-05,2.20E+01,295.1759,294.54602,99960.625,0,18.9,20.1,18.9,81,15.6,0,---,100040,0,0
2.3113987,-1.1271424,15.53652,288.68652,21.52245,294.67245,2.91E-11,22.6272,295.7772,3.522644,2.22E+01,295.38107,295.08505,100006.305,0,18.7,19.1,18.6,83,15.7,0,---,100060,0,0
2.6509295,-1.0401201,16.03118,289.18118,23.66317,296.81317,2.91E-11,24.1998,297.3498,57.85782,2.29E+01,296.01035,297.39896,100064.12,0.000634659,18.4,19.1,18.4,84,15.7,0,ENE,100090,0,0
2.446992,-1.0707186,16.29534,289.44534,24.6779,297.8279,2.91E-11,26.33697,299.48697,170.52655,2.46E+01,297.7806,300.40057,100116.19,0.000830282,18.4,18.4,18.1,84,15.6,0,---,100140,0,0
2.435076,-1.2966588,16.826,289.976,25.99642,299.14642,1.53E-05,26.25637,299.40637,202.08331,2.58E+01,298.98303,302.72736,100161.89,0.000195622,23.3,23.3,18.4,68,17.1,0,NW,100200,0,0
2.6620233,-1.3041248,17.3317,290.4817,28.78307,301.93307,2.91E-11,27.36184,300.51184,335.89938,2.64E+01,299.59152,305.4748,100197.94,0,24.1,24.2,23.3,65,17.1,3.2,NW,100270,0,0
2.8687,-1.1703477,17.28948,290.43948,29.82693,302.97693,2.91E-11,28.8535,302.0035,537.64294,2.76E+01,300.74686,307.85187,100217.81,0,25.9,25.9,24.1,60,17.6,3.2,NW,100330,0,0
2.1877213,-0.64772356,17.48626,290.63626,30.5819,303.7319,2.91E-11,29.947,303.097,594.69653,2.91E+01,302.2652,309.183,100245.07,0,27.8,27.8,25.9,55,17.9,3.2,NW,100370,0,0
1.7208152,-0.9282515,17.604,290.754,31.6101,304.7601,2.91E-11,31.1219,304.2719,715.62256,3.02E+01,303.3054,310.18848,100220.76,0,28.9,29.3,27.8,54,18.7,1.6,NW,100400,0,0
1.3258147,-1.3167315,17.56973,290.71973,32.37744,305.52744,2.91E-11,31.93496,305.08496,712.8022,3.13E+01,304.45636,310.9178,100151.92,0,30.4,30.5,28.8,54,20.1,1.6,NW,100410,0,0
1.2756863,-1.6875865,17.29818,290.44818,33.0779,306.2279,2.10E-05,32.43722,305.58722,632.24524,3.20E+01,305.18643,310.58603,100114.32,0,31.1,31.3,30.3,49,19.1,3.2,NW,100400,0,0
1.2230926,-1.9411879,16.924,290.074,33.4278,306.5778,2.91E-11,32.5041,305.6541,497.36444,3.23E+01,305.47958,308.72153,100072,0,32,32,31.1,46,18.9,3.2,NW,100380,0,0
0.9590283,-1.1920116,16.50936,289.65936,33.63998,306.78998,2.91E-11,32.53213,305.68213,382.7701,3.24E+01,305.50357,307.5311,100057.56,0,32.4,32.4,31.9,42,17.9,3.2,NW,100340,0,0
0.4928071,-1.2676513,16.31063,289.46063,33.1735,306.3235,2.91E-11,32.30917,305.45917,257.40393,3.19E+01,305.08005,305.58862,100035.18,0,32.2,32.8,32.2,43,18.1,3.2,NW,100300,0,0
-0.29486567,-1.0070735,17.29492,290.44492,31.6584,304.8084,2.91E-11,31.8103,304.9603,143.52321,3.12E+01,304.3827,303.54596,100056.82,0,32.1,32.6,32.1,40,16.8,1.6,NW,100270,0,0
-0.7121912,-0.7719538,18.1581,291.3081,29.48794,302.63794,2.91E-11,30.95983,304.10983,29.959656,2.88E+01,301.90192,300.78226,100072.81,0,32.2,32.3,31.9,41,17.2,1.6,NW,100240,0,0
-0.9544783,-0.87305164,17.05087,290.20087,27.68658,300.83658,2.91E-11,29.51104,302.66104,0.30581665,2.78E+01,300.90265,298.97107,100127.61,0,30.6,32.2,30.6,49,18.7,1.6,NW,100270,0,0
-1.0834973,-0.88859576,17.44808,290.59808,24.91662,298.06662,2.91E-11,27.5491,300.6991,-3.05E-05,2.64E+01,299.55557,297.83435,100141.43,0,27.4,30.6,27.4,52,16.7,0,NW,100290,0,0
-1.5209563,-0.7196914,17.5399,290.6899,24.2343,297.3843,2.91E-11,26.14315,299.29315,-3.05E-05,2.50E+01,298.18832,296.8395,100135.805,0,24.4,27.4,24.4,64,17.2,0,---,100310,0,0
-1.0569265,-0.9338817,17.182,290.332,21.85635,295.00635,2.91E-11,24.78896,297.93896,-3.05E-05,2.39E+01,297.00085,296.3224,100139.195,0,22.6,24.4,22.6,75,18,0,NNW,100320,0,0
-1.404264,-0.92543644,17.0321,290.1821,21.39276,294.54276,2.91E-11,23.66805,296.81805,-3.05E-05,2.31E+01,296.22604,295.76178,100133.51,0,21.8,22.6,21.8,75,17.1,0,---,100330,0,0
-1.6124474,-0.6777102,16.9581,290.1081,21.3837,294.5337,2.91E-11,22.98712,296.13712,-3.05E-05,2.27E+01,295.86566,295.45425,100110.32,0,21.6,21.8,21.1,74,16.8,0,---,100300,0,0
-1.6223087,-0.0990293,16.93737,290.08737,21.1239,294.2739,2.91E-11,22.67895,295.82895,-3.05E-05,2.24E+01,295.593,295.0688,100119.695,0,21.8,22.2,21.3,74,16.9,0,NNW,100300,0,0
-1.6194324,0.5140444,16.99566,290.14566,20.05938,293.20938,2.91E-11,22.37905,295.52905,-3.05E-05,2.20E+01,295.16248,294.83728,100113.516,0,21.8,22.4,21.8,76,17.4,0,NNW,100290,0,0
-1.7855684,0.7545494,17.74423,290.89423,20.4238,293.5738,2.91E-11,21.91738,295.06738,-3.05E-05,2.15E+01,294.62906,294.67462,100121.25,0,20.2,21.8,20.2,80,16.7,0,---,100270,0,0
-1.9730704,0.63227737,17.769,290.919,20.77838,293.92838,2.91E-11,21.58035,294.73035,2.2200623,2.13E+01,294.43472,295.19666,100149.44,0,20.8,21.1,19.9,76,16.4,0,E,100270,0,0
-1.7496841,0.79408276,18.42306,291.57306,23.2984,296.4484,2.91E-11,23.3856,296.5356,36.49527,2.19E+01,295.09903,298.03143,100181.64,0,18.8,20.8,18.8,83,15.8,0,---,100280,0,0
-0.9661201,0.7708279,18.41107,291.56107,24.27172,297.42172,2.91E-11,25.44106,298.59106,120.93736,2.38E+01,296.90207,301.0739,100249.016,0,19.4,19.4,18.6,86,17,0,E,100320,0,0
-0.6460382,0.91072476,18.48736,291.63736,25.3962,298.5462,2.91E-11,27.2512,300.4012,215.8002,2.60E+01,299.16248,303.84137,100279.69,0.000293434,23.6,23.6,19.4,72,18.2,0,E,100340,0,0
-0.79204047,0.6137959,18.40524,291.55524,28.23412,301.38412,2.91E-11,28.8787,302.0287,331.3233,2.76E+01,300.73636,306.5332,100240.26,0.000391245,26.7,26.7,23.6,61,18.5,1.6,E,100410,0,0
-1.2267603,0.04857838,18.78756,291.93756,29.295,302.445,2.91E-11,30.39922,303.54922,443.43704,2.92E+01,302.3406,309.66266,100233.24,0.000439037,27.2,28.1,26.7,61,19,0,ESE,100490,0,0
-3.2324429,-1.1327727,19.68408,292.83408,30.94122,304.09122,2.91E-11,31.1002,304.2502,433.1522,3.06E+01,303.76544,308.5755,100167.445,0.000316773,26.2,27.2,26,66,19.3,1.6,E,100420,0,0
-5.2363453,-0.8304584,19.28704,292.43704,32.20922,305.35922,2.91E-11,31.67825,304.82825,413.3188,3.11E+01,304.26346,307.82727,100165.555,0,27.2,27.4,26.2,64,19.8,1.6,E,100370,0,0
-5.348518,0.05996108,18.8385,291.9885,32.57037,305.72037,2.91E-11,31.9658,305.1158,491.7916,3.13E+01,304.45343,308.8698,100122.37,0,29.4,29.4,27.2,56,19.7,4.8,E,100410,0,0
-4.1414647,0.5075575,18.7684,291.9184,33.46957,306.61957,2.91E-11,31.9581,305.1081,521.5021,3.12E+01,304.319,309.2318,100088.12,0,31.8,31.8,29.5,49,19.7,4.8,E,100390,0,0
-3.0604177,0.2904297,18.10156,291.25156,34.46908,307.61908,2.91E-11,32.22598,305.37598,363.4351,3.19E+01,305.04556,308.96512,100041.2,0,32.7,32.8,31.5,44,18.8,8,E,100320,0,0
-2.6892486,-0.42300737,17.90673,291.05673,35.08383,308.23383,2.91E-11,32.5513,305.7013,328.89935,3.22E+01,305.3884,307.56512,99993.51,0,34,34.2,32.7,43,19.7,6.4,E,100310,0,0
-2.713902,-1.1388924,17.29238,290.44238,34.76373,307.91373,2.91E-11,32.50097,305.65097,165.8712,3.22E+01,305.39542,305.20203,99979.195,0,34.1,34.5,33.7,39,18.1,4.8,E,100260,0,0
-2.4399765,-1.6509906,18.5807,291.7307,32.95547,306.10547,2.91E-11,32.16192,305.31192,87.57962,3.15E+01,304.66913,303.2006,99980.5,0,33.7,34.1,33.6,37,17,3.2,E,100200,0,0
-2.407653,-1.8129184,19.26168,292.41168,31.5992,304.7492,2.91E-11,31.21627,304.36627,21.068024,2.94E+01,302.575,301.0868,100028.94,0,33.7,33.9,33.7,37,17,3.2,E,100180,0,0
-2.3986137,-1.4595658,18.48156,291.63156,29.77422,302.92422,2.91E-11,29.54763,302.69763,0.39642334,2.85E+01,301.68884,299.76547,100049.305,0,32.5,33.7,32.5,47,19.7,0,E,100170,0,0
-1.8934951,-1.1634936,18.1556,291.3056,27.0279,300.1779,2.91E-11,28.31808,301.46808,-3.05E-05,2.75E+01,300.62558,298.59317,100087.62,0,29.7,32.5,29.7,58,20.6,0,NE,100210,0,0
-1.3963201,-0.92555887,18.1554,291.3054,26.51885,299.66885,2.91E-11,27.2615,300.4115,-3.05E-05,2.61E+01,299.2566,297.6562,100105.01,0,26.6,29.7,26.6,65,19.4,0,NE,100220,0,0
-1.3548205,-0.6008464,17.61312,290.76312,22.97357,296.12357,2.91E-11,25.8018,298.9518,-3.05E-05,2.46E+01,297.75314,296.6632,100112.984,0,24.1,26.6,24.1,74,19.2,0,---,100270,0,0
-0.5555058,-0.96325636,17.49362,290.64362,22.86022,296.01022,2.91E-11,24.45193,297.60193,-3.05E-05,2.39E+01,297.04877,296.36475,100114.13,0,25.1,25.2,23.8,68,18.7,0,NE,100280,0,0
-0.13722157,-0.85665077,17.53893,290.68893,23.18722,296.33722,2.91E-11,24.0743,297.2243,-3.05E-05,2.38E+01,296.91812,295.73492,100078.18,0,24.5,25.1,24.4,69,18.4,0,NE,100280,0,0
0.61333436,-0.18470538,16.95114,290.10114,24.47192,297.62192,2.91E-11,24.76925,297.91925,-3.05E-05,2.38E+01,296.99033,294.95795,100067,0,23.7,24.5,23.7,71,18.1,0,NE,100270,0,0
1.7346485,-0.05190742,17.29684,290.44684,22.45294,295.60294,2.91E-11,25.0557,298.2057,-3.05E-05,2.43E+01,297.4384,294.45258,100080.14,0,23.4,23.7,23.1,69,17.4,0,NNW,100230,0,0
1.9599524,0.36643684,17.5399,290.6899,20.8042,293.9542,2.91E-11,23.79357,296.94357,-3.05E-05,2.15E+01,294.6583,293.73007,100092,0,22.3,23.4,22.3,72,17,0,E,100190,0,0
1.545229,0.05677879,17.44946,290.59946,21.44943,294.59943,2.91E-11,21.7956,294.9456,2.7071228,2.12E+01,294.3903,294.32547,100109.63,0,21,22.3,21,76,16.6,0,E,100240,0,0
1.9733746,-0.21836388,17.7415,290.8915,23.8205,296.9705,2.91E-11,23.78613,296.93613,51.57138,2.22E+01,295.34338,297.40427,100151.484,0,19.8,21,19.8,80,16.2,0,---,100290,0,0
1.563719,-0.031589985,17.68902,290.83902,24.98928,298.13928,2.91E-11,26.23748,299.38748,164.16083,2.42E+01,297.38986,301.19836,100156.484,0,19.7,19.7,19.4,83,16.8,0,NE,100270,0,0
1.6842463,0.03389108,17.8734,291.0234,26.7703,299.9203,2.91E-11,28.12628,301.27628,329.6809,2.65E+01,299.6599,304.87558,100130.44,0,23.7,23.7,19.7,69,17.6,0,NW,100310,0,0
2.3715253,-0.027550936,17.71032,290.86032,30.06817,303.21817,2.91E-11,30.07107,303.22107,463.15717,2.85E+01,301.6903,307.63132,100112.055,0,26.4,26.4,23.7,63,18.8,0,NW,100280,0,0
3.627063,-0.30122483,17.79382,290.94382,31.37612,304.52612,2.91E-11,31.72683,304.87683,595.12695,3.04E+01,303.588,309.8155,100130.99,0.002368581,28.2,28.3,26.5,52,17.4,1.6,NW,100320,0,0
3.355055,0.08003378,16.29107,289.44107,33.86196,307.01196,2.91E-11,32.6845,305.8345,631.62225,3.20E+01,305.11337,311.27374,100110.94,0,29.7,29.7,27.4,54,19.4,1.6,NW,100320,0,0
3.012511,-0.2982874,16.02633,289.17633,34.68853,307.83853,2.91E-11,33.2368,306.3868,608.8325,3.28E+01,305.97586,312.20013,100081.5,0,29.8,30.5,29.7,50,18.3,3.2,NW,100330,0,0
2.6717477,-0.29645145,15.65136,288.80136,35.5358,308.6858,2.91E-11,33.54986,306.69986,542.11707,3.33E+01,306.46863,312.5005,100027.26,0,33.5,33.5,29.8,46,20.3,1.6,NW,100300,0,0
2.8602085,-0.11922431,15.28378,288.43378,35.48712,308.63712,2.91E-11,33.64248,306.79248,350.62436,3.33E+01,306.47653,311.36945,99972.8,0,34.1,35.3,33.5,39,18.1,1.6,NW,100260,0,0
2.677774,-0.8914108,15.70135,288.85135,35.02712,308.17712,2.91E-11,33.31887,306.46887,278.3134,3.25E+01,305.63684,310.1635,99906.016,0.001072586,34.9,34.9,33.9,35,17.2,3.2,NW,100230,0,0
2.229769,-1.9734999,16.2928,289.4428,34.8175,307.9675,2.91E-11,32.08846,305.23846,130.56523,3.16E+01,304.7828,307.362,99917.56,0.002587546,34.2,35.4,33.6,36,17,3.2,NW,100190,0,0
0.4736324,-3.175658,16.92672,290.07672,33.76315,306.91315,2.91E-11,31.6039,304.7539,136.37593,3.12E+01,304.37918,305.10632,99934.83,0,34.3,34.7,33.9,35,16.7,3.2,NW,100120,0,0
-0.4036141,-3.3101695,17.32162,290.47162,31.36593,304.51593,2.91E-11,31.09133,304.24133,105.23825,3.05E+01,303.65494,303.36438,99926.26,0,34.1,34.4,34.1,38,17.7,3.2,NW,100090,0,0
-0.6422032,-3.0823934,17.31506,290.46506,30.0282,303.1782,2.91E-11,30.2526,303.4026,31.148956,2.89E+01,302.0454,301.61145,99957.12,0,33.1,34.2,33,38,16.8,3.2,NW,100070,0,0
-0.49798146,-2.8894997,17.69253,290.84253,29.07882,302.22882,2.91E-11,29.4307,302.5807,0.27182007,2.84E+01,301.51553,300.0692,100002.33,0,31.1,33,31.1,46,18.1,1.6,NW,100100,0,0
-0.45360553,-2.703338,18.27258,291.42258,26.11593,299.26593,2.91E-11,28.15313,301.30313,-3.05E-05,2.72E+01,300.36807,299.0373,100042.875,0,29.7,31.1,29.7,47,17.2,1.6,NW,100110,0,0
-0.12393618,-2.1173134,18.38143,291.53143,25.35006,298.50006,2.91E-11,27.00308,300.15308,-3.05E-05,2.58E+01,298.95117,297.94595,100070.76,0,27.5,29.7,27.5,55,17.7,0,N,100150,0,0
-0.06901407,-1.6380168,18.75695,291.90695,23.11236,296.26236,2.91E-11,25.51766,298.66766,-3.05E-05,2.46E+01,297.76746,295.62524,100117.62,0.002635337,26.8,27.5,26.8,59,18.1,0,WNW,100190,0,0
-0.89010584,-1.5129297,18.8015,291.9515,22.7861,295.9361,2.91E-11,24.4622,297.6122,-3.05E-05,2.40E+01,297.19638,295.4879,100103.89,0.000634659,26.2,26.9,26.2,62,18.3,0,NW,100180,0,0
0.30229193,-0.8586091,18.93707,292.08707,22.30688,295.45688,2.91E-11,23.94393,297.09393,-3.05E-05,2.33E+01,296.45224,295.4588,100063.68,0.000244528,25.8,26.2,25.8,63,18.3,1.6,NW,100280,0,0
0.016724586,-0.69056153,18.93786,292.08786,22.252,295.402,2.91E-11,23.19152,296.34152,-3.05E-05,2.28E+01,295.92645,294.703,99998.016,0,24.1,25.9,24.1,76,19.6,0,NW,100220,0.2,0
-0.20145708,-0.7491884,19.03893,292.18893,21.45416,294.60416,2.91E-11,22.76013,295.91013,-3.05E-05,2.25E+01,295.69614,294.4628,99926.94,0,23.6,24.2,23.6,75,18.9,0,NW,100200,0,0
0.30955094,-0.43989778,19.02114,292.17114,21.47524,294.62524,2.91E-11,22.506,295.656,-3.05E-05,2.18E+01,294.95642,294.187,99903.93,0,22.1,23.6,22,82,18.8,0,WNW,100180,0,0
0.618128,0.40756118,19.05483,292.20483,21.65582,294.80582,2.91E-11,21.8865,295.0365,2.299347,2.16E+01,294.76907,294.51233,99872.82,0,20.9,22.2,20.9,86,18.5,0,SE,100140,0,0
0.64497274,0.20646715,19.2357,292.3857,22.77447,295.92447,2.91E-11,23.3476,296.4976,50.846466,2.21E+01,295.29895,296.5206,99821.19,0,20.6,21,20.6,87,18.3,0,---,100060,0,0
0.000152111,-0.05251944,19.41912,292.56912,23.35616,296.50616,2.91E-11,25.00854,298.15854,163.79837,2.37E+01,296.81583,299.0418,99797,0,20.7,20.7,20.3,88,18.6,0,SE,100000,0,0
-0.6609671,0.12911391,19.99822,293.14822,24.7197,297.8697,2.91E-11,25.92675,299.07675,316.92682,2.45E+01,297.61197,302.1989,99754.62,0,22.6,22.6,20.7,81,19.2,0,SE,99960,0,0
-1.4726084,0.5112294,20.41134,293.56134,27.8261,300.9761,2.91E-11,27.36813,300.51813,394.64072,2.63E+01,299.4027,305.97183,99689.26,0,26.7,26.7,22.6,67,20.1,0,SW,99960,0,0
-1.8880165,0.9669038,20.3846,293.5346,29.1744,302.3244,2.91E-11,29.00933,302.15933,559.4812,2.77E+01,300.8097,308.66025,99616.76,0,27.9,28,26.4,62,20,0,SW,99940,0,0
-2.312738,0.4243294,19.6891,292.8391,31.49783,304.64783,1.93E-05,30.37664,303.52664,626.80835,2.93E+01,302.45374,309.62256,99464.805,7.34E-05,30.7,31.1,27.9,52,19.7,0,SW,99860,0,0
-1.9733443,0.6510037,19.29016,292.44016,31.97668,305.12668,3.05E-05,31.20684,304.35684,567.37604,3.06E+01,303.75928,309.6184,99399.82,0.005932016,31.1,32.2,30.4,49,19.1,1.6,SE,99780,0,0
-1.3109924,0.8901626,18.68453,291.83453,32.6561,305.8061,2.09E-05,31.99328,305.14328,576.5735,3.13E+01,304.4885,308.5199,99267.7,0.01069808,31.8,31.9,30.8,48,19.4,3.2,SE,99720,0,0
1.7677934,1.3490192,17.70858,290.85858,33.96298,307.11298,2.03E-05,32.2966,305.4466,411.801,3.20E+01,305.17798,301.64322,99299.25,0.016597863,33.8,33.8,31.7,42,19.1,4.8,SE,99640,0,0
-0.6165912,-0.99434453,16.82504,289.97504,34.12066,307.27066,1.19E-06,33.02612,306.17612,362.24576,3.19E+01,305.026,300.71417,99167.07,0.002806507,34.6,34.6,33.7,39,18.6,4.8,SE,99520,0,0
-2.4055986,-1.5086459,19.44897,292.59897,28.86447,302.01447,2.91E-11,26.37014,299.52014,76.79642,2.58E+01,298.93567,302.0805,99008.44,0,30.3,30.3,24.6,56,20.5,4.8,ESE,99270,0,0
-0.88901013,-0.31872725,19.31222,292.46222,28.08624,301.23624,2.91E-11,26.1995,299.3495,84.66861,2.59E+01,299.00757,300.54773,99006.36,0,30.8,32.1,30.3,57,21.3,0,E,99210,0,0
0.8182307,0.7578541,19.49874,292.64874,27.90457,301.05457,2.91E-11,25.75295,298.90295,24.726624,2.51E+01,298.23248,298.7706,99005.555,0.000391245,28.6,30.8,28.6,64,21.1,0,E,99160,0,0
1.1061263,0.04539609,19.95233,293.10233,26.08978,299.23978,2.39E-06,27.26034,300.41034,0.056610107,2.52E+01,298.38358,297.4542,98995.43,0.000781376,27.1,28.6,27.1,70,21.2,0,E,99100,0,0
1.4886634,-1.4604225,19.0589,292.2089,23.84554,296.99554,3.22E-06,25.44564,298.59564,-3.05E-05,2.49E+01,298.06558,296.6988,98980.06,0.001855075,26.1,27.1,26.1,75,21.3,0,E,99130,0,0
2.0284336,-4.501924,18.4072,291.5572,19.4508,292.6008,0.000253087,20.58465,293.73465,-3.05E-05,2.01E+01,293.29047,292.02368,99144.5,0.010030076,17.9,18.1,17.9,89,16,1.6,NW,99280,0,0
1.2624009,-4.6473284,18.13738,291.28738,18.36883,291.51883,0.000270725,20.0143,293.1643,-3.05E-05,1.97E+01,292.82285,291.79218,99182.38,0.000976998,17.8,18.1,17.8,87,15.6,3.2,NW,99410,0,0
1.0806513,-3.288261,17.50213,290.65213,18.1719,291.3219,0.000786305,19.5389,292.6889,-3.05E-05,1.90E+01,292.1553,291.80728,99241.93,0.009133104,16.8,17.8,16.8,87,14.7,3.2,NW,99410,0,0
1.4440136,-2.5259883,16.48864,289.63864,17.48522,290.63522,0.000411276,18.86596,292.01596,-3.05E-05,1.83E+01,291.40417,291.58298,99278.82,0.025590919,17.1,17.1,16.8,79,13.4,3.2,NW,99420,0,0
1.729718,-2.569316,15.14956,288.29956,16.68484,289.83484,0.000108839,17.9566,291.1066,-3.05E-05,1.74E+01,290.5218,291.05566,99314.74,0.059630267,18.6,19.1,17.1,74,13.8,3.2,NW,99450,0,0
2.0980108,-2.3351755,14.54858,287.69858,16.40582,289.55582,3.31E-05,17.2425,290.3925,0.18121338,1.68E+01,289.92557,291.05792,99351.81,0.07144095,19.1,19.1,18.4,71,13.7,3.2,NW,99490,0,0
2.4880807,-2.0275984,14.3276,287.4776,16.39346,289.54346,2.91E-11,18.61526,291.76526,35.170013,1.81E+01,291.22443,292.15643,99364.7,0.0728392,19.5,19.5,18.9,75,14.9,1.6,NW,99510,0,0
2.3880978,-2.3727505,14.29196,287.44196,17.2585,290.4085,2.91E-11,18.90743,292.05743,20.637604,1.86E+01,291.75665,293.27954,99391.99,0.05491644,20.5,20.5,19.5,67,14.2,3.2,NW,99520,0,0
2.4117923,-2.4091017,14.39034,287.54034,18.1025,291.2525,2.91E-11,19.9783,293.1283,98.906525,1.90E+01,292.1322,294.34894,99416.805,0.026644612,21.3,21.4,20.4,65,14.5,3.2,NW,99560,0,0
2.133758,-2.4590387,12.74874,285.89874,21.69833,294.84833,2.91E-11,21.56576,294.71576,250.74371,2.02E+01,293.3162,297.41675,99457.88,0.001414925,22,22.3,21.3,61,14.1,1.6,NW,99580,0,0
2.5245128,-1.7888068,12.27194,285.42194,22.8177,295.9677,2.91E-11,22.89163,296.04163,376.6536,2.18E+01,294.969,300.2266,99427.7,0,23.6,23.8,21.9,51,12.9,3.2,NW,99570,0,0
2.5797088,-1.9938174,11.83346,284.98346,23.65698,296.80698,2.91E-11,23.7115,296.8615,427.78326,2.31E+01,296.23334,300.5602,99381.69,0,24.1,24.3,23.3,47,12,3.2,NW,99560,0,0
1.8649001,-2.1414251,11.71453,284.86453,24.1907,297.3407,2.91E-11,24.3936,297.5436,478.26727,2.38E+01,296.99557,299.30624,99360.82,0.000195622,23.2,24.4,22.9,50,12.2,1.6,NW,99520,0,0
1.585907,-1.6396079,10.96093,284.11093,24.89337,298.04337,2.91E-11,24.53054,297.68054,369.15518,2.44E+01,297.59882,298.17102,99366.875,0,23.8,24.8,23.2,48,12.1,1.6,NW,99530,0,0
1.2151487,-1.7081488,11.00375,284.15375,24.86685,298.01685,2.91E-11,24.56085,297.71085,297.42188,2.45E+01,297.62015,297.83362,99336.63,0,24.1,25.3,23.8,48,12.4,1.6,NW,99520,0,0
0.76659566,-1.5738821,11.0992,284.2492,24.4323,297.5823,2.91E-11,24.48394,297.63394,199.08168,2.43E+01,297.4337,297.60626,99312.82,0,23.9,24.5,23.9,51,13.1,0,NW,99500,0,0
0.10629821,-1.4864925,12.30834,285.45834,23.32528,296.47528,2.91E-11,24.22265,297.37265,94.34177,2.36E+01,296.72815,295.9672,99316.33,0,21.3,23.9,21.3,68,15.2,0,NW,99490,0,0
-0.5954989,-1.1052339,10.59683,283.74683,23.41973,296.56973,2.91E-11,23.36505,296.51505,32.700745,2.22E+01,295.3416,293.7781,99326.88,0,17.8,21.3,17.8,84,15.1,0,---,99520,0,0
-1.3178406,-0.6198176,11.6415,284.7915,21.76553,294.91553,2.91E-11,22.01714,295.16714,0.24917603,2.04E+01,293.52634,292.192,99360.63,0,16.6,17.8,16.6,89,14.7,0,---,99570,0,0
-1.7151694,-0.4411217,12.16424,285.31424,19.16268,292.31268,2.91E-11,20.11038,293.26038,-3.05E-05,1.94E+01,292.5367,291.1642,99420.68,0,16.2,16.6,16.1,89,14.4,0,---,99590,0,0
-2.0596309,-0.68578815,12.50472,285.65472,18.53814,291.68814,2.91E-11,19.34768,292.49768,-3.05E-05,1.88E+01,291.95276,290.29382,99439.805,0,17.4,17.4,16.1,79,13.8,0,E,99580,0,0
-1.2421001,-0.91845995,12.82043,285.97043,15.34817,288.49817,2.91E-11,18.73562,291.88562,-3.05E-05,1.77E+01,290.88394,290.4421,99447.195,0.00017117,15.6,17.7,15.6,89,13.7,0,E,99560,0,0
-1.2263494,-0.68946004,12.82488,285.97488,15.10146,288.25146,2.91E-11,17.51037,290.66037,-3.05E-05,1.70E+01,290.17487,290.20795,99441.89,0,15.2,15.6,15.1,90,13.5,0,NE,99580,0,0
-1.2305952,-0.7072072,12.75244,285.90244,15.10766,288.25766,2.91E-11,16.8823,290.0323,-3.05E-05,1.66E+01,289.72653,290.1039,99401.74,4.89E-05,15.7,15.7,15.1,88,13.7,0,E,99590,0,0
-0.9496846,-0.7474749,12.66064,285.81064,15.17706,288.32706,2.91E-11,16.56497,289.71497,-3.05E-05,1.63E+01,289.4819,290.2261,99435.93,0.000146717,15.1,15.9,15.1,86,12.7,0,E,99560,0,0
-1.0528176,-1.1483166,12.5543,285.7043,14.97866,288.12866,2.91E-11,16.2931,289.4431,-3.05E-05,1.61E+01,289.20395,290.28775,99428.38,0.005950911,15.3,16.5,14.5,77,11.3,0,E,99590,0,0
-1.2603161,-1.4614017,12.4135,285.5635,14.98123,288.13123,2.91E-11,16.01324,289.16324,-3.05E-05,1.57E+01,288.83862,289.88452,99431.8,0.005026151,14.8,15.3,14.2,84,12.1,0,E,99620,0,0
-1.6154606,-1.3473301,12.64437,285.79437,15.22247,288.37247,2.91E-11,15.75625,288.90625,2.2653503,1.55E+01,288.6162,290.07556,99457.195,0.002147395,16.8,16.8,14.8,71,11.5,0,E,99640,0,0
-2.179747,-0.9362072,13.15392,286.30392,16.6187,289.7687,2.91E-11,17.88198,291.03198,46.757446,1.62E+01,289.3118,291.80087,99432.945,2.45E-05,17.8,17.8,16.8,68,11.8,1.6,E,99630,0,0
-2.6080296,-0.67599666,12.7602,285.9102,17.5997,290.7497,2.91E-11,19.67727,292.82727,172.48611,1.82E+01,291.3612,293.93094,99454.805,0,20.1,20.1,17.8,61,12.3,3.2,E,99650,0,0
-2.8767505,-0.094867826,12.58703,285.73703,18.80154,291.95154,2.91E-11,20.07665,293.22665,233.67406,1.94E+01,292.52356,295.39297,99462.695,0.000365678,21.1,21.1,20.1,54,11.4,6.4,E,99620,0,0
-2.846345,0.8474468,12.31997,285.46997,21.34588,294.49588,2.91E-11,20.80276,293.95276,271.72113,2.03E+01,293.43018,297.30023,99421.49,0.001713917,22.3,22.3,21.1,52,11.9,4.8,E,99600,0,0
-2.3590314,1.1151234,12.54345,285.69345,22.35665,295.50665,2.91E-11,22.0386,295.1886,457.53903,2.10E+01,294.12988,299.16437,99424.19,0.001268208,23.7,23.7,22.3,48,12,3.2,ESE,99590,0,0
-2.191389,2.2223034,12.68368,285.83368,23.74963,296.89963,6.20E-06,22.72897,295.87897,439.416,2.22E+01,295.384,300.80118,99407.89,0.000122264,25.3,25.6,23.7,50,14.2,3.2,SE,99570,0,0
-1.5890267,1.5425247,13.01293,286.16293,24.40432,297.55432,2.91E-11,23.42336,296.57336,449.7348,2.29E+01,296.02408,302.02716,99386.56,0,25.8,26.6,25.1,45,12.9,3.2,SE,99520,0,0
-1.3016789,1.0039893,13.13223,286.28223,25.3508,298.5008,2.91E-11,24.13177,297.28177,493.20746,2.36E+01,296.70447,302.55676,99330.3,0,26.6,26.6,25.3,45,13.7,3.2,SE,99490,0,0
-1.1043155,0.9918722,13.21746,286.36746,25.63564,298.78564,2.91E-11,24.572,297.722,491.93884,2.42E+01,297.39746,303.57507,99292.016,0,26.2,27.1,25.4,45,13.3,3.2,SE,99480,0,0
-1.0354233,1.0371581,12.89828,286.04828,26.07708,299.22708,2.91E-11,25.0217,298.1717,471.8336,2.46E+01,297.7999,302.70694,99283.01,0,27.2,27.6,26.2,39,12.1,1.6,SE,99410,0,0
-1.0766491,0.85858476,12.91125,286.06125,26.47637,299.62637,2.91E-11,25.2661,298.4161,439.37067,2.50E+01,298.13806,301.3376,99226.625,0,27,27.6,26.8,41,12.6,3.2,SE,99380,0,0
-0.8250485,0.9032587,12.51498,285.66498,24.73242,297.88242,2.91E-11,25.17977,298.32977,252.99776,2.48E+01,297.90076,299.58047,99204.83,0,25.2,27,25.2,42,11.4,3.2,SE,99400,0,0
-0.35019863,1.0441347,13.3507,286.5007,23.14398,296.29398,2.91E-11,24.63003,297.78003,118.72861,2.42E+01,297.37964,297.30743,99243.05,7.34E-05,22.1,25.2,22.1,59,13.7,1.6,SE,99410,0,0
1.1984394,-0.8214012,13.95922,287.10922,21.953,295.103,2.91E-11,24.18978,297.33978,18.666718,2.32E+01,296.31226,294.54184,99324.12,0.001683906,20.7,22.1,20.4,62,13.1,0,E,99460,0,0
1.6656194,-2.9691787,14.26058,287.41058,19.59176,292.74176,0.000688312,22.3456,295.4956,-3.05E-05,1.98E+01,292.9681,291.7483,99416.74,0.00180617,17.8,20.8,17.7,67,11.6,4.8,NW,99710,0,0
1.1363952,-4.264234,14.9239,288.0739,16.43197,289.58197,2.91E-11,19.709,292.859,-3.05E-05,1.87E+01,291.8721,291.32953,99510.445,0.00327111,15.3,17.7,15.2,87,13.1,3.2,NW,99810,3.6,11
0.8694547,-3.2850785,15.0899,288.2399,16.25213,289.40213,0.000162605,18.4869,291.6369,-3.05E-05,1.79E+01,291.01544,290.46176,99549.695,0.001561642,15.3,15.4,15.1,88,13.4,0,SSE,99800,7.4,13
1.0147722,-1.3541842,14.98376,288.13376,15.51385,288.66385,0.000109319,17.76364,290.91364,-3.05E-05,1.75E+01,290.6396,289.85614,99670.13,0.018359574,15.1,15.3,15.1,89,13.3,0,E,99730,3.2,14
0.69071835,-0.6373199,14.8666,288.0166,15.4441,288.5941,2.91E-11,17.43118,290.58118,-3.05E-05,1.70E+01,290.15588,289.45102,99645.08,0.006906791,15,15.1,14.9,89,13.2,0,NNW,99750,0,0
