longitude,latitude,time,u10,v10,d2m,t2m,crr,mx2t,msdrswrf,mn2t,skt,sp,tcrw
18.399999618530273,45.29999923706055,2017-07-13 00:00:00,0.36310345,-1.5622547,291.8107,294.85266,0.00043260964,296.94586,-3.0517578e-05,295.7327,295.77313,99940.26,0.0018061697
18.399999618530273,45.29999923706055,2017-07-13 01:00:00,0.22792119,-1.8884358,292.00787,294.43015,0.00077605766,296.0402,-3.0517578e-05,295.06485,295.64603,99974.88,0.00053684786
18.399999618530273,45.29999923706055,2017-07-13 02:00:00,0.13615614,-2.0217233,292.21103,293.03934,0.00043523734,295.00247,-3.0517578e-05,294.19974,295.38275,100019.31,0.00039013103
18.399999618530273,45.29999923706055,2017-07-13 03:00:00,0.1921739,-2.2782621,292.47345,293.05096,0.0002683368,294.01852,-3.0517578e-05,293.51318,295.29498,100086.31,0.00026898086
18.399999618530273,45.29999923706055,2017-07-13 04:00:00,0.16053551,-3.0297637,292.50967,292.78027,2.910383e-11,293.42963,3.8398132,293.10956,295.60782,100156.95,0.0
18.399999618530273,45.29999923706055,2017-07-13 05:00:00,-0.114896595,-3.5000033,292.62918,293.9382,2.910383e-11,293.92017,33.391693,293.27588,297.19205,100242.305,0.0
18.399999618530273,45.29999923706055,2017-07-13 06:00:00,-0.5868703,-5.2539153,292.5399,295.13535,2.910383e-11,295.47476,146.50218,294.17926,298.7195,100312.695,0.0
18.399999618530273,45.29999923706055,2017-07-13 07:00:00,-0.29486567,-5.7985706,289.18118,295.6091,2.910383e-11,297.38696,253.33755,297.07565,300.50952,100382.25,0.0
18.399999618530273,45.29999923706055,2017-07-13 08:00:00,0.005493641,-5.568469,286.7488,297.49838,2.910383e-11,297.5076,380.62933,297.2338,302.18378,100412.734,0.0
18.399999618530273,45.29999923706055,2017-07-13 09:00:00,0.09273893,-5.1212397,286.5162,298.2523,2.910383e-11,297.97928,495.91458,297.6029,302.93958,100445.62,0.0
18.399999618530273,45.29999923706055,2017-07-13 10:00:00,-0.16488802,-3.2450557,285.39035,298.97638,2.910383e-11,298.469,527.2901,298.0875,303.62842,100524.945,0.0
18.399999618530273,45.29999923706055,2017-07-13 11:00:00,-0.19652641,-3.1615825,285.2606,299.3459,2.910383e-11,299.2237,669.556,298.57092,303.4181,100502.94,0.0
18.399999618530273,45.29999923706055,2017-07-13 12:00:00,0.41213602,-3.2697792,285.58405,299.64743,2.910383e-11,299.69708,683.3862,299.34747,304.7795,100471.516,0.0
18.399999618530273,45.29999923706055,2017-07-13 13:00:00,0.7412576,-3.5574062,285.68823,299.84143,2.910383e-11,300.10046,676.0237,299.7663,304.17917,100464.49,0.0
18.399999618530273,45.29999923706055,2017-07-13 14:00:00,0.5233498,-4.0123463,285.39307,300.1866,2.910383e-11,300.15564,570.4343,300.115,303.3099,100440.87,0.0
18.399999618530273,45.29999923706055,2017-07-13 15:00:00,0.023709714,-4.2644787,285.28693,300.10995,2.910383e-11,300.0959,448.37555,299.82065,301.5865,100396.375,0.0
18.399999618530273,45.29999923706055,2017-07-13 16:00:00,-0.32814765,-4.3694935,284.82675,299.4258,2.910383e-11,299.71768,312.31677,299.2034,299.8396,100389.45,0.0
18.399999618530273,45.29999923706055,2017-07-13 17:00:00,-0.5933075,-3.9529848,284.3418,298.19885,2.910383e-11,299.05273,163.90031,298.32776,297.81357,100391.69,0.0
18.399999618530273,45.29999923706055,2017-07-13 18:00:00,-0.66850007,-2.8624506,284.00385,297.23935,2.910383e-11,298.1251,47.017975,297.16394,295.72433,100400.56,0.0
18.399999618530273,45.29999923706055,2017-07-13 19:00:00,-0.83682734,-1.8441291,283.95755,295.63782,2.910383e-11,296.5625,1.3931885,294.98154,293.82654,100446.42,0.0
18.399999618530273,45.29999923706055,2017-07-13 20:00:00,-0.90065193,-1.2982498,283.65482,292.38245,2.910383e-11,294.67346,-3.0517578e-05,293.03357,292.6115,100476.63,0.0
18.399999618530273,45.29999923706055,2017-07-13 21:00:00,-1.172797,-1.4315374,283.52933,291.4854,2.910383e-11,292.72836,-3.0517578e-05,291.74554,291.46344,100500.88,0.0
18.399999618530273,45.29999923706055,2017-07-13 22:00:00,-0.75218433,-1.1497855,283.3064,287.69885,2.910383e-11,291.67462,-3.0517578e-05,291.09116,291.07382,100550.56,0.0
18.399999618530273,45.29999923706055,2017-07-13 23:00:00,-0.87010926,-1.7932129,282.89987,287.37225,2.910383e-11,290.96768,-3.0517578e-05,290.359,290.53552,100600.37,0.0
18.399999618530273,45.29999923706055,2017-07-14 00:00:00,-0.84997576,-2.0978527,282.39478,287.11682,2.910383e-11,290.28186,-3.0517578e-05,289.72565,289.98022,100582.39,0.0
18.399999618530273,45.29999923706055,2017-07-14 01:00:00,-0.85559124,-1.8913733,282.2447,286.9617,2.910383e-11,289.7164,-3.0517578e-05,289.08383,289.12872,100541.0,0.0
18.399999618530273,45.29999923706055,2017-07-14 02:00:00,-0.43580037,-1.4698468,281.54047,284.87622,2.910383e-11,288.99173,-3.0517578e-05,288.3587,288.27307,100536.93,0.0
18.399999618530273,45.29999923706055,2017-07-14 03:00:00,-0.48401126,-1.4544252,281.54434,285.48077,2.910383e-11,288.23645,-3.0517578e-05,287.76132,287.71094,100511.38,0.0
18.399999618530273,45.29999923706055,2017-07-14 04:00:00,-0.4588101,-1.5541766,281.78915,285.82666,2.910383e-11,288.05835,6.8867493,287.47314,288.33322,100498.68,0.0
18.399999618530273,45.29999923706055,2017-07-14 05:00:00,-0.77971387,-1.7307918,282.54758,288.85532,2.910383e-11,289.97397,78.019714,288.43878,290.76135,100515.63,0.0
18.399999618530273,45.29999923706055,2017-07-14 06:00:00,-1.6512079,-1.3347235,283.17627,290.14658,2.910383e-11,291.32617,213.38757,290.25555,293.66122,100492.195,0.0
18.399999618530273,45.29999923706055,2017-07-14 07:00:00,-1.9102044,-0.68309546,284.0666,291.755,2.910383e-11,292.22894,351.0095,291.17123,296.73358,100471.33,0.0
18.399999618530273,45.29999923706055,2017-07-14 08:00:00,-1.6759982,-0.7056161,283.96548,294.74112,2.910383e-11,293.62744,481.54074,292.51627,299.29602,100429.01,0.0
18.399999618530273,45.29999923706055,2017-07-14 09:00:00,-1.7837877,-0.8474712,283.74335,295.67886,2.910383e-11,294.85413,508.78195,293.89548,301.40338,100409.57,0.0
18.399999618530273,45.29999923706055,2017-07-14 10:00:00,-1.5679345,-1.3457389,284.09427,297.00864,2.910383e-11,296.02963,561.40674,295.1192,301.79944,100384.76,0.0
18.399999618530273,45.29999923706055,2017-07-14 11:00:00,-1.4074142,-1.3924936,283.84793,297.75745,2.910383e-11,297.02304,592.114,296.2348,303.07993,100341.14,0.0
18.399999618530273,45.29999923706055,2017-07-14 12:00:00,-1.779268,-1.2122066,283.72263,298.346,2.910383e-11,297.68112,539.29663,297.1955,303.19907,100251.75,0.0
18.399999618530273,45.29999923706055,2017-07-14 13:00:00,-1.5465684,-1.5030158,283.3281,298.79797,2.910383e-11,298.2134,535.2869,297.79114,303.24182,100213.87,0.0
18.399999618530273,45.29999923706055,2017-07-14 14:00:00,-1.294009,-2.164068,282.9758,298.96075,2.910383e-11,298.30634,406.51132,298.05096,302.26056,100135.31,0.0
18.399999618530273,45.29999923706055,2017-07-14 15:00:00,-0.9736531,-3.1607258,283.84268,297.7825,2.910383e-11,298.04132,228.19183,297.1496,300.69678,100137.3,0.0
18.399999618530273,45.29999923706055,2017-07-14 16:00:00,-1.1748514,-3.4137151,283.6982,297.10855,2.910383e-11,296.76633,153.52487,296.3707,298.44604,100119.88,0.0
18.399999618530273,45.29999923706055,2017-07-14 17:00:00,-0.97242045,-3.6432047,283.68774,295.7755,2.910383e-11,296.14197,79.367615,295.48865,296.65375,100149.875,0.0
18.399999618530273,45.29999923706055,2017-07-14 18:00:00,-0.54619235,-3.3642678,283.42572,295.1971,2.910383e-11,295.3607,24.262207,294.74335,294.57175,100143.63,0.0
18.399999618530273,45.29999923706055,2017-07-14 19:00:00,-0.25870752,-2.6908536,283.57135,294.1776,2.910383e-11,295.27206,0.9967346,293.84753,292.99545,100195.83,0.0
18.399999618530273,45.29999923706055,2017-07-14 20:00:00,0.12903404,-2.1552558,284.2283,292.2135,2.910383e-11,293.59656,-3.0517578e-05,292.92834,291.86102,100209.305,0.0
18.399999618530273,45.29999923706055,2017-07-14 21:00:00,0.4461028,-2.32416,284.14136,291.75717,2.910383e-11,292.77524,-3.0517578e-05,292.23303,291.5062,100237.43,0.0
18.399999618530273,45.29999923706055,2017-07-14 22:00:00,0.5995011,-2.4449632,284.90424,289.9478,2.910383e-11,292.13947,-3.0517578e-05,291.57162,290.93347,100242.805,0.00012226403
18.399999618530273,45.29999923706055,2017-07-14 23:00:00,0.3161252,-1.8798681,285.1446,289.0573,2.910383e-11,291.43707,-3.0517578e-05,290.2573,290.71747,100234.64,0.0
18.399999618530273,45.29999923706055,2017-07-15 00:00:00,0.61881286,-2.0601552,285.27435,288.4989,2.910383e-11,290.06488,-3.0517578e-05,289.49417,289.62653,100243.95,0.0
18.399999618530273,45.29999923706055,2017-07-15 01:00:00,0.695375,-2.0890403,285.22552,288.2333,2.910383e-11,289.42197,-3.0517578e-05,289.06512,289.39804,100260.195,0.00029343367
18.399999618530273,45.29999923706055,2017-07-15 02:00:00,0.46568853,-1.729935,285.4318,287.21927,2.910383e-11,289.03088,-3.0517578e-05,288.59546,288.8541,100232.99,0.00029343367
18.399999618530273,45.29999923706055,2017-07-15 03:00:00,0.73605293,-1.4468367,285.77985,287.78824,2.910383e-11,288.52374,-3.0517578e-05,288.19913,288.3559,100267.37,0.0011715069
18.399999618530273,45.29999923706055,2017-07-15 04:00:00,0.75741917,-1.4697244,285.66168,288.14792,2.910383e-11,288.5909,5.4482117,288.0416,289.1499,100285.805,0.0018550754
18.399999618530273,45.29999923706055,2017-07-15 05:00:00,0.4410352,-1.5709447,286.11432,289.6866,2.910383e-11,290.33304,67.8255,288.86667,291.41388,100315.68,0.0006835647
18.399999618530273,45.29999923706055,2017-07-15 06:00:00,-0.119279444,-1.6837924,286.46835,290.74097,2.910383e-11,292.14203,183.05411,290.68518,293.97104,100353.19,0.0
18.399999618530273,45.29999923706055,2017-07-15 07:00:00,-0.4746978,-1.4003268,286.58417,292.3185,2.910383e-11,293.2255,309.1339,291.9703,297.1285,100383.18,9.781122e-05
18.399999618530273,45.29999923706055,2017-07-15 08:00:00,-0.17474937,-1.4169725,285.88385,295.34607,2.910383e-11,294.58713,455.52283,293.53482,299.74164,100368.305,0.00058575347
18.399999618530273,45.29999923706055,2017-07-15 09:00:00,0.2287429,-1.9880649,285.5085,296.1879,2.910383e-11,295.54764,480.74786,294.83017,301.4333,100384.39,0.0010736957
18.399999618530273,45.29999923706055,2017-07-15 10:00:00,0.69811434,-1.3278693,284.8504,297.45224,2.910383e-11,296.55078,541.98114,295.71457,303.2982,100365.08,0.0
18.399999618530273,45.29999923706055,2017-07-15 11:00:00,0.90807825,-1.465563,284.8161,297.90784,2.6276975e-06,297.23886,620.28406,296.67612,304.3029,100300.87,0.00068245456
18.399999618530273,45.29999923706055,2017-07-15 12:00:00,2.0624003,-3.975628,285.1376,297.2782,0.0007781934,297.60507,540.89374,296.6367,300.47397,100367.44,0.029662304
18.399999618530273,45.29999923706055,2017-07-15 13:00:00,1.4225104,-4.758218,286.4143,295.52118,2.910383e-11,296.79233,433.83182,294.41833,298.3299,100380.76,0.01269209
18.399999618530273,45.29999923706055,2017-07-15 14:00:00,0.88753384,-4.3661885,286.2679,295.89722,2.910383e-11,295.3647,361.92862,293.99457,298.5406,100374.234,0.00039013103
18.399999618530273,45.29999923706055,2017-07-15 15:00:00,0.5879963,-4.474018,285.3398,296.01675,2.910383e-11,295.72546,345.09683,295.078,298.30795,100372.62,0.0
18.399999618530273,45.29999923706055,2017-07-15 16:00:00,0.17149252,-4.598004,284.2376,296.24274,2.910383e-11,296.0465,289.85553,295.77332,296.0561,100386.81,0.0010003373
18.399999618530273,45.29999923706055,2017-07-15 17:00:00,-0.073807776,-3.9349933,283.5975,295.29156,2.910383e-11,295.88754,129.40988,295.42377,294.16394,100462.945,0.00048794225
18.399999618530273,45.29999923706055,2017-07-15 18:00:00,-0.01600951,-3.015199,283.44974,294.52423,2.910383e-11,295.27863,39.983948,294.58142,293.05524,100507.875,9.781122e-05
18.399999618530273,45.29999923706055,2017-07-15 19:00:00,0.37994987,-2.1495032,283.34552,293.76816,2.910383e-11,294.25464,0.9854126,293.58624,291.56067,100559.94,0.0
18.399999618530273,45.29999923706055,2017-07-15 20:00:00,1.0973608,-1.8283402,283.54443,291.3441,2.910383e-11,293.41962,-3.0517578e-05,292.26315,290.68683,100606.36,0.0
18.399999618530273,45.29999923706055,2017-07-15 21:00:00,1.8109367,-2.3712819,283.29633,290.76822,2.910383e-11,292.11746,-3.0517578e-05,291.68152,290.12585,100621.14,0.0
18.399999618530273,45.29999923706055,2017-07-15 22:00:00,2.27346,-3.5310915,283.49698,289.17758,2.910383e-11,291.7401,-3.0517578e-05,291.33725,290.31915,100655.08,0.0
18.399999618530273,45.29999923706055,2017-07-15 23:00:00,1.9515975,-4.0325413,283.478,288.74777,2.910383e-11,291.35016,-3.0517578e-05,290.93567,289.94012,100695.01,0.0
18.399999618530273,45.29999923706055,2017-07-16 00:00:00,1.6198738,-3.9113708,283.41312,288.65585,2.910383e-11,290.85562,-3.0517578e-05,290.61533,289.5384,100721.62,0.0
18.399999618530273,45.29999923706055,2017-07-16 01:00:00,1.4868829,-3.6326787,283.16812,288.21478,2.910383e-11,290.55115,-3.0517578e-05,290.11496,288.901,100695.31,0.0
18.399999618530273,45.29999923706055,2017-07-16 02:00:00,1.3364978,-3.529133,282.84818,287.44928,2.910383e-11,290.03058,-3.0517578e-05,289.6976,288.52652,100718.38,0.0
18.399999618530273,45.29999923706055,2017-07-16 03:00:00,1.0964019,-3.6384313,282.80267,287.6578,2.910383e-11,289.61206,-3.0517578e-05,289.28696,288.3007,100766.016,0.0
18.399999618530273,45.29999923706055,2017-07-16 04:00:00,0.7119475,-3.348724,282.91403,287.37515,2.910383e-11,289.20813,5.0517883,288.93567,288.5545,100787.625,9.781122e-05
18.399999618530273,45.29999923706055,2017-07-16 05:00:00,0.45952517,-3.1875303,283.63235,288.92798,2.910383e-11,289.6552,59.85135,289.01517,290.34262,100813.18,0.0
18.399999618530273,45.29999923706055,2017-07-16 06:00:00,-0.26487082,-3.471118,284.00537,289.92166,2.910383e-11,290.80872,164.60258,289.8756,292.86874,100856.555,0.0
18.399999618530273,45.29999923706055,2017-07-16 07:00:00,-0.6990428,-3.1454268,284.6447,291.09485,1.6678241e-06,291.52054,286.42346,290.66705,295.57303,100881.8,0.0
18.399999618530273,45.29999923706055,2017-07-16 08:00:00,-0.9636548,-3.1628065,284.88428,293.60284,8.93898e-06,292.87643,410.2492,291.73035,297.41638,100875.49,0.00041458383
18.399999618530273,45.29999923706055,2017-07-16 09:00:00,-1.1466371,-3.437582,285.3245,294.49118,7.1511895e-06,294.20148,545.3226,293.14053,299.49463,100870.805,0.0014404878
18.399999618530273,45.29999923706055,2017-07-16 10:00:00,-1.2107357,-3.0929193,285.00204,295.91394,3.9355655e-06,294.87985,509.79004,294.39993,300.4804,100884.0,0.004772734
18.399999618530273,45.29999923706055,2017-07-16 11:00:00,-1.0528176,-3.3725905,284.52927,296.698,7.0311944e-06,295.77377,507.01495,295.0365,300.55945,100868.51,0.0010270141
18.399999618530273,45.29999923706055,2017-07-16 12:00:00,-0.7178067,-3.8303456,284.32242,297.02896,2.7476926e-06,296.56735,635.88116,295.92703,301.49228,100820.13,0.0003912449
18.399999618530273,45.29999923706055,2017-07-16 13:00:00,-1.2253907,-4.6578546,284.00653,297.15903,6.323273e-06,296.74747,500.69455,296.61066,300.8409,100786.38,0.0026119985
18.399999618530273,45.29999923706055,2017-07-16 14:00:00,-1.5386245,-4.8747373,283.4048,297.3356,2.910383e-11,296.8944,398.52585,296.7238,298.92227,100792.31,0.0019050911
18.399999618530273,45.29999923706055,2017-07-16 15:00:00,-1.6569602,-4.5218744,282.72345,297.49622,2.910383e-11,296.8841,350.76028,296.7556,298.09348,100781.445,0.0006591119
18.399999618530273,45.29999923706055,2017-07-16 16:00:00,-1.6980491,-4.080765,281.59256,297.29382,2.910383e-11,296.73975,268.5043,296.4996,296.94125,100758.625,0.0007569231
18.399999618530273,45.29999923706055,2017-07-16 17:00:00,-1.4956181,-3.6042833,281.5087,296.5403,2.910383e-11,296.40613,139.49083,296.0761,295.82684,100757.51,0.00053684786
18.399999618530273,45.29999923706055,2017-07-16 18:00:00,-0.5301677,-2.5635633,281.37527,295.5248,2.910383e-11,295.94443,27.150574,295.00317,293.8689,100774.24,4.890561e-05
18.399999618530273,45.29999923706055,2017-07-16 19:00:00,0.23257786,-2.3065352,281.73862,293.79794,2.910383e-11,294.99963,0.95144653,293.38342,292.21356,100830.625,0.0
18.399999618530273,45.29999923706055,2017-07-16 20:00:00,0.40008336,-2.3106966,282.44183,290.6512,2.910383e-11,293.25494,-3.0517578e-05,292.35522,291.18048,100832.305,0.0
18.399999618530273,45.29999923706055,2017-07-16 21:00:00,0.5130777,-2.328199,282.5869,290.06445,2.910383e-11,292.20178,-3.0517578e-05,291.64587,290.5934,100851.87,0.0
18.399999618530273,45.29999923706055,2017-07-16 22:00:00,0.13026673,-2.9301348,282.92892,288.3027,2.910383e-11,291.5683,-3.0517578e-05,291.2171,290.53665,100864.26,0.0
18.399999618530273,45.29999923706055,2017-07-16 23:00:00,-0.07654703,-2.912877,282.8689,288.0829,2.910383e-11,291.15292,-3.0517578e-05,290.824,290.65506,100838.766,0.0
18.399999618530273,45.29999923706055,2017-07-17 00:00:00,-0.2565161,-2.7327125,282.75055,287.48813,2.910383e-11,290.72583,-3.0517578e-05,290.05417,289.89813,100867.766,0.0
18.399999618530273,45.29999923706055,2017-07-17 01:00:00,-0.45319462,-2.633206,282.50845,286.90463,2.910383e-11,289.90707,-3.0517578e-05,289.24576,289.37875,100877.516,0.0
18.399999618530273,45.29999923706055,2017-07-17 02:00:00,-0.36334705,-2.4234219,282.36398,285.64572,2.910383e-11,289.0932,-3.0517578e-05,288.54663,288.9388,100875.62,0.0
18.399999618530273,45.29999923706055,2017-07-17 03:00:00,-0.06422043,-2.1950338,283.06082,286.46756,2.910383e-11,288.44284,-3.0517578e-05,288.02698,288.40546,100909.18,0.0
18.399999618530273,45.29999923706055,2017-07-17 04:00:00,0.098765254,-2.172146,283.13422,286.5377,2.910383e-11,288.12637,5.176361,287.72684,288.75082,100942.375,0.0
18.399999618530273,45.29999923706055,2017-07-17 05:00:00,-0.010257065,-2.1388547,283.97787,289.22156,2.910383e-11,289.968,69.60382,288.48352,291.26257,100952.0,0.0
18.399999618530273,45.29999923706055,2017-07-17 06:00:00,-0.60084045,-2.0072808,284.59067,290.57675,2.910383e-11,291.98022,199.74997,290.3482,294.6421,100994.01,0.0
18.399999618530273,45.29999923706055,2017-07-17 07:00:00,-1.0956869,-1.894066,285.14108,292.55612,2.910383e-11,293.62573,348.59686,292.46686,297.80258,101014.81,0.0
18.399999618530273,45.29999923706055,2017-07-17 08:00:00,-1.4924681,-2.0380018,285.21857,296.08905,2.910383e-11,295.2932,493.21878,293.9659,300.48532,100967.68,0.0
18.399999618530273,45.29999923706055,2017-07-17 09:00:00,-2.128934,-2.4277058,284.53955,297.27603,2.910383e-11,296.64026,516.30304,295.6228,302.3578,100971.31,0.0
18.399999618530273,45.29999923706055,2017-07-17 10:00:00,-2.3951895,-2.2889104,283.36276,299.0941,2.910383e-11,297.83777,665.53503,296.88275,302.94675,100945.63,0.0
18.399999618530273,45.29999923706055,2017-07-17 11:00:00,-2.393957,-2.2838922,283.05057,299.735,2.910383e-11,298.73828,707.81836,298.03168,303.9696,100900.49,0.0
18.399999618530273,45.29999923706055,2017-07-17 12:00:00,-2.2789083,-2.184875,282.43332,300.25745,2.910383e-11,299.32632,613.80505,298.89386,304.1542,100843.766,0.0
18.399999618530273,45.29999923706055,2017-07-17 13:00:00,-2.2150836,-2.2147393,282.29657,300.76392,2.910383e-11,299.75198,535.57007,299.42844,303.95486,100799.89,0.0
18.399999618530273,45.29999923706055,2017-07-17 14:00:00,-2.2565832,-2.2490098,281.68088,301.15778,2.910383e-11,300.0636,468.24295,299.8087,303.1809,100754.555,0.0
18.399999618530273,45.29999923706055,2017-07-17 15:00:00,-2.1374257,-2.3024962,281.3865,301.26385,2.910383e-11,300.21454,410.589,300.09363,301.9799,100729.01,0.0
18.399999618530273,45.29999923706055,2017-07-17 16:00:00,-1.9059587,-2.3879275,281.25635,300.88528,2.910383e-11,300.11847,229.33585,299.69763,300.14337,100745.984,0.0
18.399999618530273,45.29999923706055,2017-07-17 17:00:00,-1.0443258,-2.1834064,281.81317,299.72083,2.910383e-11,299.58304,145.04102,298.9681,297.80182,100733.13,0.0
18.399999618530273,45.29999923706055,2017-07-17 18:00:00,-0.18734992,-2.0559938,281.70898,298.19522,2.910383e-11,298.66708,46.757446,296.81027,295.01584,100758.06,0.0
18.399999618530273,45.29999923706055,2017-07-17 19:00:00,-0.017926991,-2.4186485,281.67972,296.80334,2.910383e-11,296.78235,1.0194092,294.651,293.2542,100791.82,0.0
18.399999618530273,45.29999923706055,2017-07-17 20:00:00,-0.10887027,-2.5350456,283.2419,293.09854,2.910383e-11,294.81354,-3.0517578e-05,294.32687,292.39627,100820.38,0.0
18.399999618530273,45.29999923706055,2017-07-17 21:00:00,-0.30527484,-2.4072657,283.24387,292.30215,2.910383e-11,294.16373,-3.0517578e-05,293.38782,291.55878,100839.01,0.0
18.399999618530273,45.29999923706055,2017-07-17 22:00:00,-0.28719574,-1.8719126,282.85495,289.2201,2.910383e-11,293.20435,-3.0517578e-05,292.3634,291.0042,100872.266,0.0
18.399999618530273,45.29999923706055,2017-07-17 23:00:00,-0.5744067,-1.5954236,283.07343,288.91925,2.910383e-11,292.2021,-3.0517578e-05,291.72302,290.2662,100884.99,0.0
18.399999618530273,45.29999923706055,2017-07-18 00:00:00,-1.4070033,-1.5981163,283.2175,288.04004,2.910383e-11,291.62317,-3.0517578e-05,290.48615,289.3523,100888.38,0.0
18.399999618530273,45.29999923706055,2017-07-18 01:00:00,-1.4842503,-0.9818603,283.08987,287.7788,2.910383e-11,290.4631,-3.0517578e-05,289.7891,288.77164,100875.87,0.0
18.399999618530273,45.29999923706055,2017-07-18 02:00:00,-0.43908748,-0.9522408,283.00912,287.26904,2.910383e-11,289.99512,-3.0517578e-05,289.59998,288.3718,100878.875,0.0
18.399999618530273,45.29999923706055,2017-07-18 03:00:00,0.06000483,-0.9709672,283.30194,288.5941,2.910383e-11,290.41193,-3.0517578e-05,289.98053,287.95834,100882.08,0.0
18.399999618530273,45.29999923706055,2017-07-18 04:00:00,0.16601402,-0.9838186,283.6922,287.93393,2.910383e-11,290.269,4.949829,289.88904,288.74893,100912.32,0.0
18.399999618530273,45.29999923706055,2017-07-18 05:00:00,0.27243406,-0.86680955,284.55426,290.67667,2.910383e-11,291.32074,68.73166,289.60934,292.41745,100915.55,0.0
18.399999618530273,45.29999923706055,2017-07-18 06:00:00,-0.33431095,-0.20832753,284.85272,291.84656,2.910383e-11,293.72235,197.39398,291.70142,296.52438,100940.2,0.0
18.399999618530273,45.29999923706055,2017-07-18 07:00:00,-0.7420491,0.13449931,285.89334,294.1838,2.910383e-11,295.672,346.22952,294.14478,300.16113,100910.55,0.0
18.399999618530273,45.29999923706055,2017-07-18 08:00:00,-1.2649729,0.45737588,285.26816,298.3678,2.910383e-11,297.74344,492.1314,296.09073,303.20776,100889.99,0.0
18.399999618530273,45.29999923706055,2017-07-18 09:00:00,-2.0231986,0.4201678,284.80313,300.25964,2.910383e-11,299.52243,593.2467,298.13718,305.38928,100887.63,0.0
18.399999618530273,45.29999923706055,2017-07-18 10:00:00,-1.7028428,0.267542,283.60815,301.69293,2.910383e-11,300.70023,706.3572,299.81305,306.56763,100880.24,0.0
18.399999618530273,45.29999923706055,2017-07-18 11:00:00,-1.6592886,-0.09437835,283.24677,302.23645,2.910383e-11,301.39975,710.5481,300.8711,307.01627,100832.62,0.0
18.399999618530273,45.29999923706055,2017-07-18 12:00:00,-1.5250652,-0.068920255,283.19232,302.9762,2.910383e-11,302.12616,680.917,301.52078,307.38962,100768.56,0.0
18.399999618530273,45.29999923706055,2017-07-18 13:00:00,-1.4876744,-0.1685493,282.87625,303.22723,2.910383e-11,302.44434,459.86105,302.1936,306.6773,100743.38,0.0
18.399999618530273,45.29999923706055,2017-07-18 14:00:00,-1.5424595,0.068283916,282.59814,303.67886,2.910383e-11,302.61273,329.6696,302.48557,305.9079,100680.51,0.0
18.399999618530273,45.29999923706055,2017-07-18 15:00:00,-1.4531598,0.2261728,282.31635,303.9684,2.910383e-11,302.76794,381.4109,302.57968,305.081,100632.5,0.0
18.399999618530273,45.29999923706055,2017-07-18 16:00:00,-1.3446852,0.27231538,282.02872,303.71555,2.910383e-11,302.71735,189.71432,302.4125,303.11548,100617.76,0.0
18.399999618530273,45.29999923706055,2017-07-18 17:00:00,-1.1989568,0.21356618,283.91473,302.15073,2.910383e-11,302.3377,132.30957,301.37378,300.55377,100572.17,0.0
18.399999618530273,45.29999923706055,2017-07-18 18:00:00,-1.8730876,-0.03195715,284.10318,300.79407,2.910383e-11,301.1702,45.454865,299.0739,296.99762,100589.5,0.0
18.399999618530273,45.29999923706055,2017-07-18 19:00:00,-2.0307317,-0.1001308,283.76678,298.42267,2.910383e-11,298.73972,0.9061279,296.38824,294.6644,100612.07,0.0
18.399999618530273,45.29999923706055,2017-07-18 20:00:00,-2.091954,0.012349606,284.89902,294.11514,2.910383e-11,296.03305,-3.0517578e-05,295.0736,293.62,100624.37,0.0
18.399999618530273,45.29999923706055,2017-07-18 21:00:00,-2.059357,0.09924972,284.36328,293.47424,2.910383e-11,294.9573,-3.0517578e-05,294.5028,292.9217,100639.67,0.0
18.399999618530273,45.29999923706055,2017-07-18 22:00:00,-2.099761,0.7724191,283.2789,290.61343,2.910383e-11,294.45132,-3.0517578e-05,293.96298,292.4776,100650.45,0.0
18.399999618530273,45.29999923706055,2017-07-18 23:00:00,-1.9979975,1.061637,283.5063,290.1037,2.910383e-11,293.8324,-3.0517578e-05,293.13382,291.7547,100641.195,0.0
18.399999618530273,45.29999923706055,2017-07-19 00:00:00,-1.9901907,1.3367797,283.83942,289.78287,2.910383e-11,292.95306,-3.0517578e-05,292.26404,291.12527,100633.74,0.0
18.399999618530273,45.29999923706055,2017-07-19 01:00:00,-2.004024,1.2725226,283.956,289.53656,2.910383e-11,292.09457,-3.0517578e-05,291.50092,290.61118,100586.18,0.0
18.399999618530273,45.29999923706055,2017-07-19 02:00:00,-1.7843356,1.2485334,283.84714,288.47748,2.910383e-11,291.52597,-3.0517578e-05,291.26065,290.2658,100574.26,0.0
18.399999618530273,45.29999923706055,2017-07-19 03:00:00,-1.7577648,1.2788872,284.1582,289.62192,2.910383e-11,291.22067,-3.0517578e-05,290.99588,289.89056,100553.33,0.0
18.399999618530273,45.29999923706055,2017-07-19 04:00:00,-1.5204084,1.0031325,285.131,289.37198,2.910383e-11,290.9774,4.6213684,290.64456,290.399,100559.195,0.0
18.399999618530273,45.29999923706055,2017-07-19 05:00:00,-0.8696984,0.26423728,285.27203,293.13925,2.910383e-11,293.15002,68.10867,290.97424,294.11478,100603.26,0.0
18.399999618530273,45.29999923706055,2017-07-19 06:00:00,-0.7123282,0.03340149,285.6704,294.13583,2.910383e-11,295.5685,197.85838,293.6082,298.26068,100603.44,0.0
18.399999618530273,45.29999923706055,2017-07-19 07:00:00,-0.8996932,0.16007972,286.67654,295.9946,2.910383e-11,298.06848,345.19876,296.2836,302.1891,100611.516,0.0
18.399999618530273,45.29999923706055,2017-07-19 08:00:00,-1.407825,0.52518237,286.8644,300.14917,2.910383e-11,300.40005,490.77216,298.568,305.50616,100566.43,0.0
18.399999618530273,45.29999923706055,2017-07-19 09:00:00,-2.0644245,1.094194,286.81406,301.98105,2.910383e-11,302.3157,612.695,300.82666,307.77356,100553.83,0.0
18.399999618530273,45.29999923706055,2017-07-19 10:00:00,-1.834738,1.1737503,285.62045,304.26126,2.910383e-11,303.35742,701.33936,302.57678,308.98254,100494.37,0.0
18.399999618530273,45.29999923706055,2017-07-19 11:00:00,-1.5683454,1.3585659,285.70102,304.90942,2.910383e-11,304.11584,742.28613,303.5237,310.12265,100421.37,0.0
18.399999618530273,45.29999923706055,2017-07-19 12:00:00,-1.2140228,0.89346707,285.8122,305.42242,2.910383e-11,304.7096,738.7975,304.24826,310.78918,100349.12,0.0
18.399999618530273,45.29999923706055,2017-07-19 13:00:00,-1.0024153,0.59298885,286.01224,305.85913,2.910383e-11,305.13068,681.7212,304.80972,310.51227,100324.06,0.0
18.399999618530273,45.29999923706055,2017-07-19 14:00:00,-0.98146,0.59690535,285.91385,306.564,2.910383e-11,305.33908,586.89233,305.19318,309.32864,100241.44,0.0
18.399999618530273,45.29999923706055,2017-07-19 15:00:00,-1.0911672,0.898363,285.7905,306.536,2.910383e-11,305.3568,424.3965,305.28113,307.5375,100196.195,0.0
18.399999618530273,45.29999923706055,2017-07-19 16:00:00,-1.1154096,0.9691068,285.65994,306.1854,2.910383e-11,305.25818,295.67755,304.9535,305.69266,100125.19,0.0
18.399999618530273,45.29999923706055,2017-07-19 17:00:00,-0.8806554,0.45015442,288.02667,304.3837,2.910383e-11,304.89456,151.42938,304.09512,302.66193,100135.44,0.0
18.399999618530273,45.29999923706055,2017-07-19 18:00:00,-1.470554,-0.22179091,288.03403,302.40033,2.910383e-11,303.88342,39.39496,301.38196,299.6671,100146.67,0.0
18.399999618530273,45.29999923706055,2017-07-19 19:00:00,-1.7787201,-0.15422916,286.97964,300.05145,2.910383e-11,301.75595,0.58898926,299.59036,297.92667,100156.95,0.0
18.399999618530273,45.29999923706055,2017-07-19 20:00:00,-1.8815792,0.118220806,287.66257,297.03406,2.910383e-11,299.38635,-3.0517578e-05,298.56595,296.6186,100167.88,0.0
18.399999618530273,45.29999923706055,2017-07-19 21:00:00,-1.716676,0.5259167,287.83182,296.35428,2.910383e-11,298.31918,-3.0517578e-05,297.41498,295.9808,100151.92,0.0
18.399999618530273,45.29999923706055,2017-07-19 22:00:00,-0.32992816,1.6435002,287.36816,294.15182,2.910383e-11,297.23203,-3.0517578e-05,296.4005,294.8475,100153.445,0.0
18.399999618530273,45.29999923706055,2017-07-19 23:00:00,0.261751,1.5496236,287.43866,293.57523,2.910383e-11,296.28976,-3.0517578e-05,295.41586,294.35272,100154.81,0.00012226403
18.399999618530273,45.29999923706055,2017-07-20 00:00:00,0.25462896,1.4805931,287.84308,293.1407,2.910383e-11,295.37955,-3.0517578e-05,294.67905,293.79022,100113.83,0.0
18.399999618530273,45.29999923706055,2017-07-20 01:00:00,0.47390622,1.5113143,288.09967,293.05096,2.910383e-11,294.62943,-3.0517578e-05,294.21725,293.60297,100050.11,0.0
18.399999618530273,45.29999923706055,2017-07-20 02:00:00,0.9984736,1.0097419,288.3201,291.18857,2.910383e-11,294.11115,-3.0517578e-05,293.3805,293.1861,100043.5,0.0
18.399999618530273,45.29999923706055,2017-07-20 03:00:00,1.092567,1.0609027,289.14243,291.61328,2.910383e-11,293.15317,-3.0517578e-05,292.57733,292.4621,100032.01,0.0
18.399999618530273,45.29999923706055,2017-07-20 04:00:00,1.077775,1.1267508,289.07697,292.1441,2.910383e-11,292.90817,4.077667,292.34644,293.29807,100037.38,0.0
18.399999618530273,45.29999923706055,2017-07-20 05:00:00,1.6820548,1.4269844,289.42966,294.90863,2.910383e-11,295.17743,63.963013,293.40213,296.03452,100063.49,0.0
18.399999618530273,45.29999923706055,2017-07-20 06:00:00,1.8118956,0.810851,289.1529,296.49124,2.910383e-11,297.89923,187.69815,295.6827,300.05673,100115.13,0.0
18.399999618530273,45.29999923706055,2017-07-20 07:00:00,2.0404863,0.6308087,289.1155,298.7384,2.910383e-11,299.85632,301.06915,298.32715,303.80392,100119.32,0.0
18.399999618530273,45.29999923706055,2017-07-20 08:00:00,2.0847254,0.5407263,287.99838,301.90802,2.910383e-11,301.93463,423.88678,300.30377,306.82068,100093.734,0.0
18.399999618530273,45.29999923706055,2017-07-20 09:00:00,2.027338,0.75650775,287.04706,303.3275,2.910383e-11,303.59583,590.8114,302.28625,309.3801,100062.31,0.0
18.399999618530273,45.29999923706055,2017-07-20 10:00:00,1.6472664,0.99664557,286.5193,305.3861,2.910383e-11,304.6876,694.362,303.84814,310.39124,100053.68,0.0
18.399999618530273,45.29999923706055,2017-07-20 11:00:00,1.6719196,1.0955404,286.96088,306.0717,2.910383e-11,305.4683,742.10486,304.86554,311.3498,99966.06,0.0
18.399999618530273,45.29999923706055,2017-07-20 12:00:00,1.5665953,1.092358,286.9636,306.56763,2.910383e-11,306.0475,733.46246,305.58978,311.86273,99935.63,0.0
18.399999618530273,45.29999923706055,2017-07-20 13:00:00,1.5616646,1.0205125,287.21613,306.96692,2.910383e-11,306.476,674.2001,306.14978,311.59906,99887.07,0.0
18.399999618530273,45.29999923706055,2017-07-20 14:00:00,1.372519,1.0440122,286.96243,307.43414,2.910383e-11,306.7167,584.6949,306.5376,310.73093,99844.57,0.0
18.399999618530273,45.29999923706055,2017-07-20 15:00:00,1.2072048,0.94646394,286.69553,307.89267,2.910383e-11,306.74445,445.88364,306.62646,309.22803,99764.74,0.0
18.399999618530273,45.29999923706055,2017-07-20 16:00:00,0.7942621,0.7224821,287.72067,307.4665,2.910383e-11,306.59607,262.7389,306.2164,307.27197,99737.445,0.0
18.399999618530273,45.29999923706055,2017-07-20 17:00:00,-0.021761954,0.52946603,288.7942,306.12946,2.910383e-11,306.22873,157.07019,305.62515,304.9293,99713.82,0.0
18.399999618530273,45.29999923706055,2017-07-20 18:00:00,-1.0292599,0.6122047,287.63156,304.97083,2.910383e-11,305.56265,36.087494,303.8157,301.34854,99753.125,0.0
18.399999618530273,45.29999923706055,2017-07-20 19:00:00,-1.2289517,1.1768101,288.6019,301.80194,2.910383e-11,303.5221,0.5663147,300.67145,299.1375,99799.516,0.0
18.399999618530273,45.29999923706055,2017-07-20 20:00:00,-0.98118603,1.6956402,288.39523,299.16602,2.910383e-11,300.2571,-3.0517578e-05,299.49652,298.17026,99827.62,0.0
18.399999618530273,45.29999923706055,2017-07-20 21:00:00,-0.22830176,2.0775108,288.18683,298.36163,2.910383e-11,299.35947,-3.0517578e-05,298.94824,297.24652,99839.57,0.0
18.399999618530273,45.29999923706055,2017-07-20 22:00:00,0.70304495,1.6119224,289.68994,295.7926,2.910383e-11,298.82062,-3.0517578e-05,297.97675,296.11246,99852.36,0.0
18.399999618530273,45.29999923706055,2017-07-20 23:00:00,1.4126492,1.0796291,289.59467,294.95078,2.910383e-11,297.79834,-3.0517578e-05,296.97278,295.47012,99892.63,0.0
18.399999618530273,45.29999923706055,2017-07-21 00:00:00,1.7810788,0.48442495,289.61752,294.40543,2.910383e-11,296.75888,-3.0517578e-05,296.07434,294.9137,99893.125,0.0
18.399999618530273,45.29999923706055,2017-07-21 01:00:00,1.5327654,0.3615409,289.38162,294.08752,2.910383e-11,295.9713,-3.0517578e-05,295.44656,294.41663,99887.195,0.0
18.399999618530273,45.29999923706055,2017-07-21 02:00:00,2.0939019,-0.10514903,289.00977,293.36633,2.910383e-11,295.419,-3.0517578e-05,295.17297,294.41928,99918.49,0.0
18.399999618530273,45.29999923706055,2017-07-21 03:00:00,2.3486526,-0.77525854,289.1316,294.52097,2.910383e-11,295.42902,-3.0517578e-05,295.1759,294.54602,99960.625,0.0
18.399999618530273,45.29999923706055,2017-07-21 04:00:00,2.3113987,-1.1271424,288.68652,294.67245,2.910383e-11,295.7772,3.522644,295.38107,295.08505,100006.305,0.0
18.399999618530273,45.29999923706055,2017-07-21 05:00:00,2.6509295,-1.0401201,289.18118,296.81317,2.910383e-11,297.3498,57.85782,296.01035,297.39896,100064.12,0.0006346591
18.399999618530273,45.29999923706055,2017-07-21 06:00:00,2.446992,-1.0707186,289.44534,297.8279,2.910383e-11,299.48697,170.52655,297.7806,300.40057,100116.19,0.0008302815
18.399999618530273,45.29999923706055,2017-07-21 07:00:00,2.435076,-1.2966588,289.976,299.14642,1.5262252e-05,299.40637,202.08331,298.98303,302.72736,100161.89,0.00019562244
18.399999618530273,45.29999923706055,2017-07-21 08:00:00,2.6620233,-1.3041248,290.4817,301.93307,2.910383e-11,300.51184,335.89938,299.59152,305.4748,100197.94,0.0
18.399999618530273,45.29999923706055,2017-07-21 09:00:00,2.8687,-1.1703477,290.43948,302.97693,2.910383e-11,302.0035,537.64294,300.74686,307.85187,100217.81,0.0
18.399999618530273,45.29999923706055,2017-07-21 10:00:00,2.1877213,-0.64772356,290.63626,303.7319,2.910383e-11,303.097,594.69653,302.2652,309.183,100245.07,0.0
18.399999618530273,45.29999923706055,2017-07-21 11:00:00,1.7208152,-0.9282515,290.754,304.7601,2.910383e-11,304.2719,715.62256,303.3054,310.18848,100220.76,0.0
18.399999618530273,45.29999923706055,2017-07-21 12:00:00,1.3258147,-1.3167315,290.71973,305.52744,2.910383e-11,305.08496,712.8022,304.45636,310.9178,100151.92,0.0
18.399999618530273,45.29999923706055,2017-07-21 13:00:00,1.2756863,-1.6875865,290.44818,306.2279,2.0985579e-05,305.58722,632.24524,305.18643,310.58603,100114.32,0.0
18.399999618530273,45.29999923706055,2017-07-21 14:00:00,1.2230926,-1.9411879,290.074,306.5778,2.910383e-11,305.6541,497.36444,305.47958,308.72153,100072.0,0.0
18.399999618530273,45.29999923706055,2017-07-21 15:00:00,0.9590283,-1.1920116,289.65936,306.78998,2.910383e-11,305.68213,382.7701,305.50357,307.5311,100057.56,0.0
18.399999618530273,45.29999923706055,2017-07-21 16:00:00,0.4928071,-1.2676513,289.46063,306.3235,2.910383e-11,305.45917,257.40393,305.08005,305.58862,100035.18,0.0
18.399999618530273,45.29999923706055,2017-07-21 17:00:00,-0.29486567,-1.0070735,290.44492,304.8084,2.910383e-11,304.9603,143.52321,304.3827,303.54596,100056.82,0.0
18.399999618530273,45.29999923706055,2017-07-21 18:00:00,-0.7121912,-0.7719538,291.3081,302.63794,2.910383e-11,304.10983,29.959656,301.90192,300.78226,100072.81,0.0
18.399999618530273,45.29999923706055,2017-07-21 19:00:00,-0.9544783,-0.87305164,290.20087,300.83658,2.910383e-11,302.66104,0.30581665,300.90265,298.97107,100127.61,0.0
18.399999618530273,45.29999923706055,2017-07-21 20:00:00,-1.0834973,-0.88859576,290.59808,298.06662,2.910383e-11,300.6991,-3.0517578e-05,299.55557,297.83435,100141.43,0.0
18.399999618530273,45.29999923706055,2017-07-21 21:00:00,-1.5209563,-0.7196914,290.6899,297.3843,2.910383e-11,299.29315,-3.0517578e-05,298.18832,296.8395,100135.805,0.0
18.399999618530273,45.29999923706055,2017-07-21 22:00:00,-1.0569265,-0.9338817,290.332,295.00635,2.910383e-11,297.93896,-3.0517578e-05,297.00085,296.3224,100139.195,0.0
18.399999618530273,45.29999923706055,2017-07-21 23:00:00,-1.404264,-0.92543644,290.1821,294.54276,2.910383e-11,296.81805,-3.0517578e-05,296.22604,295.76178,100133.51,0.0
18.399999618530273,45.29999923706055,2017-07-22 00:00:00,-1.6124474,-0.6777102,290.1081,294.5337,2.910383e-11,296.13712,-3.0517578e-05,295.86566,295.45425,100110.32,0.0
18.399999618530273,45.29999923706055,2017-07-22 01:00:00,-1.6223087,-0.0990293,290.08737,294.2739,2.910383e-11,295.82895,-3.0517578e-05,295.593,295.0688,100119.695,0.0
18.399999618530273,45.29999923706055,2017-07-22 02:00:00,-1.6194324,0.5140444,290.14566,293.20938,2.910383e-11,295.52905,-3.0517578e-05,295.16248,294.83728,100113.516,0.0
18.399999618530273,45.29999923706055,2017-07-22 03:00:00,-1.7855684,0.7545494,290.89423,293.5738,2.910383e-11,295.06738,-3.0517578e-05,294.62906,294.67462,100121.25,0.0
18.399999618530273,45.29999923706055,2017-07-22 04:00:00,-1.9730704,0.63227737,290.919,293.92838,2.910383e-11,294.73035,2.2200623,294.43472,295.19666,100149.44,0.0
18.399999618530273,45.29999923706055,2017-07-22 05:00:00,-1.7496841,0.79408276,291.57306,296.4484,2.910383e-11,296.5356,36.49527,295.09903,298.03143,100181.64,0.0
18.399999618530273,45.29999923706055,2017-07-22 06:00:00,-0.9661201,0.7708279,291.56107,297.42172,2.910383e-11,298.59106,120.93736,296.90207,301.0739,100249.016,0.0
18.399999618530273,45.29999923706055,2017-07-22 07:00:00,-0.6460382,0.91072476,291.63736,298.5462,2.910383e-11,300.4012,215.8002,299.16248,303.84137,100279.69,0.00029343367
18.399999618530273,45.29999923706055,2017-07-22 08:00:00,-0.79204047,0.6137959,291.55524,301.38412,2.910383e-11,302.0287,331.3233,300.73636,306.5332,100240.26,0.0003912449
18.399999618530273,45.29999923706055,2017-07-22 09:00:00,-1.2267603,0.04857838,291.93756,302.445,2.910383e-11,303.54922,443.43704,302.3406,309.66266,100233.24,0.00043903664
18.399999618530273,45.29999923706055,2017-07-22 10:00:00,-3.2324429,-1.1327727,292.83408,304.09122,2.910383e-11,304.2502,433.1522,303.76544,308.5755,100167.445,0.0003167726
18.399999618530273,45.29999923706055,2017-07-22 11:00:00,-5.2363453,-0.8304584,292.43704,305.35922,2.910383e-11,304.82825,413.3188,304.26346,307.82727,100165.555,0.0
18.399999618530273,45.29999923706055,2017-07-22 12:00:00,-5.348518,0.05996108,291.9885,305.72037,2.910383e-11,305.1158,491.7916,304.45343,308.8698,100122.37,0.0
18.399999618530273,45.29999923706055,2017-07-22 13:00:00,-4.1414647,0.5075575,291.9184,306.61957,2.910383e-11,305.1081,521.5021,304.319,309.2318,100088.12,0.0
18.399999618530273,45.29999923706055,2017-07-22 14:00:00,-3.0604177,0.2904297,291.25156,307.61908,2.910383e-11,305.37598,363.4351,305.04556,308.96512,100041.2,0.0
18.399999618530273,45.29999923706055,2017-07-22 15:00:00,-2.6892486,-0.42300737,291.05673,308.23383,2.910383e-11,305.7013,328.89935,305.3884,307.56512,99993.51,0.0
18.399999618530273,45.29999923706055,2017-07-22 16:00:00,-2.713902,-1.1388924,290.44238,307.91373,2.910383e-11,305.65097,165.8712,305.39542,305.20203,99979.195,0.0
18.399999618530273,45.29999923706055,2017-07-22 17:00:00,-2.4399765,-1.6509906,291.7307,306.10547,2.910383e-11,305.31192,87.57962,304.66913,303.2006,99980.5,0.0
18.399999618530273,45.29999923706055,2017-07-22 18:00:00,-2.407653,-1.8129184,292.41168,304.7492,2.910383e-11,304.36627,21.068024,302.575,301.0868,100028.94,0.0
18.399999618530273,45.29999923706055,2017-07-22 19:00:00,-2.3986137,-1.4595658,291.63156,302.92422,2.910383e-11,302.69763,0.39642334,301.68884,299.76547,100049.305,0.0
18.399999618530273,45.29999923706055,2017-07-22 20:00:00,-1.8934951,-1.1634936,291.3056,300.1779,2.910383e-11,301.46808,-3.0517578e-05,300.62558,298.59317,100087.62,0.0
18.399999618530273,45.29999923706055,2017-07-22 21:00:00,-1.3963201,-0.92555887,291.3054,299.66885,2.910383e-11,300.4115,-3.0517578e-05,299.2566,297.6562,100105.01,0.0
18.399999618530273,45.29999923706055,2017-07-22 22:00:00,-1.3548205,-0.6008464,290.76312,296.12357,2.910383e-11,298.9518,-3.0517578e-05,297.75314,296.6632,100112.984,0.0
18.399999618530273,45.29999923706055,2017-07-22 23:00:00,-0.5555058,-0.96325636,290.64362,296.01022,2.910383e-11,297.60193,-3.0517578e-05,297.04877,296.36475,100114.13,0.0
18.399999618530273,45.29999923706055,2017-07-23 00:00:00,-0.13722157,-0.85665077,290.68893,296.33722,2.910383e-11,297.2243,-3.0517578e-05,296.91812,295.73492,100078.18,0.0
18.399999618530273,45.29999923706055,2017-07-23 01:00:00,0.61333436,-0.18470538,290.10114,297.62192,2.910383e-11,297.91925,-3.0517578e-05,296.99033,294.95795,100067.0,0.0
18.399999618530273,45.29999923706055,2017-07-23 02:00:00,1.7346485,-0.05190742,290.44684,295.60294,2.910383e-11,298.2057,-3.0517578e-05,297.4384,294.45258,100080.14,0.0
18.399999618530273,45.29999923706055,2017-07-23 03:00:00,1.9599524,0.36643684,290.6899,293.9542,2.910383e-11,296.94357,-3.0517578e-05,294.6583,293.73007,100092.0,0.0
18.399999618530273,45.29999923706055,2017-07-23 04:00:00,1.545229,0.05677879,290.59946,294.59943,2.910383e-11,294.9456,2.7071228,294.3903,294.32547,100109.63,0.0
18.399999618530273,45.29999923706055,2017-07-23 05:00:00,1.9733746,-0.21836388,290.8915,296.9705,2.910383e-11,296.93613,51.57138,295.34338,297.40427,100151.484,0.0
18.399999618530273,45.29999923706055,2017-07-23 06:00:00,1.563719,-0.031589985,290.83902,298.13928,2.910383e-11,299.38748,164.16083,297.38986,301.19836,100156.484,0.0
18.399999618530273,45.29999923706055,2017-07-23 07:00:00,1.6842463,0.03389108,291.0234,299.9203,2.910383e-11,301.27628,329.6809,299.6599,304.87558,100130.44,0.0
18.399999618530273,45.29999923706055,2017-07-23 08:00:00,2.3715253,-0.027550936,290.86032,303.21817,2.910383e-11,303.22107,463.15717,301.6903,307.63132,100112.055,0.0
18.399999618530273,45.29999923706055,2017-07-23 09:00:00,3.627063,-0.30122483,290.94382,304.52612,2.910383e-11,304.87683,595.12695,303.588,309.8155,100130.99,0.0023685805
18.399999618530273,45.29999923706055,2017-07-23 10:00:00,3.355055,0.08003378,289.44107,307.01196,2.910383e-11,305.8345,631.62225,305.11337,311.27374,100110.94,0.0
18.399999618530273,45.29999923706055,2017-07-23 11:00:00,3.012511,-0.2982874,289.17633,307.83853,2.910383e-11,306.3868,608.8325,305.97586,312.20013,100081.5,0.0
18.399999618530273,45.29999923706055,2017-07-23 12:00:00,2.6717477,-0.29645145,288.80136,308.6858,2.910383e-11,306.69986,542.11707,306.46863,312.5005,100027.26,0.0
18.399999618530273,45.29999923706055,2017-07-23 13:00:00,2.8602085,-0.11922431,288.43378,308.63712,2.910383e-11,306.79248,350.62436,306.47653,311.36945,99972.8,0.0
18.399999618530273,45.29999923706055,2017-07-23 14:00:00,2.677774,-0.8914108,288.85135,308.17712,2.910383e-11,306.46887,278.3134,305.63684,310.1635,99906.016,0.0010725856
18.399999618530273,45.29999923706055,2017-07-23 15:00:00,2.229769,-1.9734999,289.4428,307.9675,2.910383e-11,305.23846,130.56523,304.7828,307.362,99917.56,0.0025875457
18.399999618530273,45.29999923706055,2017-07-23 16:00:00,0.4736324,-3.175658,290.07672,306.91315,2.910383e-11,304.7539,136.37593,304.37918,305.10632,99934.83,0.0
18.399999618530273,45.29999923706055,2017-07-23 17:00:00,-0.4036141,-3.3101695,290.47162,304.51593,2.910383e-11,304.24133,105.23825,303.65494,303.36438,99926.26,0.0
18.399999618530273,45.29999923706055,2017-07-23 18:00:00,-0.6422032,-3.0823934,290.46506,303.1782,2.910383e-11,303.4026,31.148956,302.0454,301.61145,99957.12,0.0
18.399999618530273,45.29999923706055,2017-07-23 19:00:00,-0.49798146,-2.8894997,290.84253,302.22882,2.910383e-11,302.5807,0.27182007,301.51553,300.0692,100002.33,0.0
18.399999618530273,45.29999923706055,2017-07-23 20:00:00,-0.45360553,-2.703338,291.42258,299.26593,2.910383e-11,301.30313,-3.0517578e-05,300.36807,299.0373,100042.875,0.0
18.399999618530273,45.29999923706055,2017-07-23 21:00:00,-0.12393618,-2.1173134,291.53143,298.50006,2.910383e-11,300.15308,-3.0517578e-05,298.95117,297.94595,100070.76,0.0
18.399999618530273,45.29999923706055,2017-07-23 22:00:00,-0.06901407,-1.6380168,291.90695,296.26236,2.910383e-11,298.66766,-3.0517578e-05,297.76746,295.62524,100117.62,0.0026353374
18.399999618530273,45.29999923706055,2017-07-23 23:00:00,-0.89010584,-1.5129297,291.9515,295.9361,2.910383e-11,297.6122,-3.0517578e-05,297.19638,295.4879,100103.89,0.0006346591
18.399999618530273,45.29999923706055,2017-07-24 00:00:00,0.30229193,-0.8586091,292.08707,295.45688,2.910383e-11,297.09393,-3.0517578e-05,296.45224,295.4588,100063.68,0.00024452806
18.399999618530273,45.29999923706055,2017-07-24 01:00:00,0.016724586,-0.69056153,292.08786,295.402,2.910383e-11,296.34152,-3.0517578e-05,295.92645,294.703,99998.016,0.0
18.399999618530273,45.29999923706055,2017-07-24 02:00:00,-0.20145708,-0.7491884,292.18893,294.60416,2.910383e-11,295.91013,-3.0517578e-05,295.69614,294.4628,99926.94,0.0
18.399999618530273,45.29999923706055,2017-07-24 03:00:00,0.30955094,-0.43989778,292.17114,294.62524,2.910383e-11,295.656,-3.0517578e-05,294.95642,294.187,99903.93,0.0
18.399999618530273,45.29999923706055,2017-07-24 04:00:00,0.618128,0.40756118,292.20483,294.80582,2.910383e-11,295.0365,2.299347,294.76907,294.51233,99872.82,0.0
18.399999618530273,45.29999923706055,2017-07-24 05:00:00,0.64497274,0.20646715,292.3857,295.92447,2.910383e-11,296.4976,50.846466,295.29895,296.5206,99821.19,0.0
18.399999618530273,45.29999923706055,2017-07-24 06:00:00,0.00015211105,-0.05251944,292.56912,296.50616,2.910383e-11,298.15854,163.79837,296.81583,299.0418,99797.0,0.0
18.399999618530273,45.29999923706055,2017-07-24 07:00:00,-0.6609671,0.12911391,293.14822,297.8697,2.910383e-11,299.07675,316.92682,297.61197,302.1989,99754.62,0.0
18.399999618530273,45.29999923706055,2017-07-24 08:00:00,-1.4726084,0.5112294,293.56134,300.9761,2.910383e-11,300.51813,394.64072,299.4027,305.97183,99689.26,0.0
18.399999618530273,45.29999923706055,2017-07-24 09:00:00,-1.8880165,0.9669038,293.5346,302.3244,2.910383e-11,302.15933,559.4812,300.8097,308.66025,99616.76,0.0
18.399999618530273,45.29999923706055,2017-07-24 10:00:00,-2.312738,0.4243294,292.8391,304.64783,1.9317755e-05,303.52664,626.80835,302.45374,309.62256,99464.805,7.335842e-05
18.399999618530273,45.29999923706055,2017-07-24 11:00:00,-1.9733443,0.6510037,292.44016,305.12668,3.0512456e-05,304.35684,567.37604,303.75928,309.6184,99399.82,0.0059320163
18.399999618530273,45.29999923706055,2017-07-24 12:00:00,-1.3109924,0.8901626,291.83453,305.8061,2.0865584e-05,305.14328,576.5735,304.4885,308.5199,99267.7,0.01069808
18.399999618530273,45.29999923706055,2017-07-24 13:00:00,1.7677934,1.3490192,290.85858,307.11298,2.0265667e-05,305.4466,411.801,305.17798,301.64322,99299.25,0.016597863
18.399999618530273,45.29999923706055,2017-07-24 14:00:00,-0.6165912,-0.99434453,289.97504,307.27066,1.1878728e-06,306.17612,362.24576,305.026,300.71417,99167.07,0.002806507
18.399999618530273,45.29999923706055,2017-07-24 15:00:00,-2.4403872,-2.0898972,293.9485,302.51404,2.910383e-11,305.38425,114.31113,299.80664,300.92072,99066.75,0.0
18.399999618530273,45.29999923706055,2017-07-24 16:00:00,-2.4055986,-1.5086459,292.59897,302.01447,2.910383e-11,299.52014,76.79642,298.93567,302.0805,99008.44,0.0
18.399999618530273,45.29999923706055,2017-07-24 17:00:00,-0.88901013,-0.31872725,292.46222,301.23624,2.910383e-11,299.3495,84.66861,299.00757,300.54773,99006.36,0.0
18.399999618530273,45.29999923706055,2017-07-24 18:00:00,0.8182307,0.7578541,292.64874,301.05457,2.910383e-11,298.90295,24.726624,298.23248,298.7706,99005.555,0.0003912449
18.399999618530273,45.29999923706055,2017-07-24 19:00:00,1.1061263,0.04539609,293.10233,299.23978,2.3877365e-06,300.41034,0.056610107,298.38358,297.4542,98995.43,0.0007813759
18.399999618530273,45.29999923706055,2017-07-24 20:00:00,1.4886634,-1.4604225,292.2089,296.99554,3.2156531e-06,298.59564,-3.0517578e-05,298.06558,296.6988,98980.06,0.0018550754
18.399999618530273,45.29999923706055,2017-07-24 21:00:00,1.4223735,-2.563441,292.4783,295.98624,0.0001761875,298.22427,-3.0517578e-05,297.52136,295.63318,99012.51,0.0037835091
18.399999618530273,45.29999923706055,2017-07-24 22:00:00,1.2062461,-3.1244972,291.5105,294.22412,0.0002037243,297.24887,-3.0517578e-05,296.28333,292.74692,99168.56,0.015347438
18.399999618530273,45.29999923706055,2017-07-24 23:00:00,0.8374054,-3.0404122,291.58798,293.51093,0.0002449755,296.00818,-3.0517578e-05,294.8699,292.51996,99210.38,0.018908648
18.399999618530273,45.29999923706055,2017-07-25 00:00:00,1.648773,-3.0350268,291.46808,292.9049,0.0003110158,294.67688,-3.0517578e-05,293.8905,292.4303,99165.86,0.031161703
18.399999618530273,45.29999923706055,2017-07-25 01:00:00,2.0284336,-4.501924,291.5572,292.6008,0.00025308656,293.73465,-3.0517578e-05,293.29047,292.02368,99144.5,0.010030076
18.399999618530273,45.29999923706055,2017-07-25 02:00:00,1.2624009,-4.6473284,291.28738,291.51883,0.0002707245,293.1643,-3.0517578e-05,292.82285,291.79218,99182.38,0.0009769984
18.399999618530273,45.29999923706055,2017-07-25 03:00:00,1.0806513,-3.288261,290.65213,291.3219,0.0007863045,292.6889,-3.0517578e-05,292.1553,291.80728,99241.93,0.009133104
18.399999618530273,45.29999923706055,2017-07-25 04:00:00,1.4440136,-2.5259883,289.63864,290.63522,0.00041127612,292.01596,-3.0517578e-05,291.40417,291.58298,99278.82,0.025590919
18.399999618530273,45.29999923706055,2017-07-25 05:00:00,1.729718,-2.569316,288.29956,289.83484,0.00010883933,291.1066,-3.0517578e-05,290.5218,291.05566,99314.74,0.059630267
18.399999618530273,45.29999923706055,2017-07-25 06:00:00,2.0980108,-2.3351755,287.69858,289.55582,3.3140153e-05,290.3925,0.18121338,289.92557,291.05792,99351.81,0.07144095
18.399999618530273,45.29999923706055,2017-07-25 07:00:00,2.4880807,-2.0275984,287.4776,289.54346,2.910383e-11,291.76526,35.170013,291.22443,292.15643,99364.7,0.0728392
18.399999618530273,45.29999923706055,2017-07-25 08:00:00,2.3880978,-2.3727505,287.44196,290.4085,2.910383e-11,292.05743,20.637604,291.75665,293.27954,99391.99,0.05491644
18.399999618530273,45.29999923706055,2017-07-25 09:00:00,2.4117923,-2.4091017,287.54034,291.2525,2.910383e-11,293.1283,98.906525,292.1322,294.34894,99416.805,0.026644612
18.399999618530273,45.29999923706055,2017-07-25 10:00:00,2.133758,-2.4590387,285.89874,294.84833,2.910383e-11,294.71576,250.74371,293.3162,297.41675,99457.88,0.0014149249
18.399999618530273,45.29999923706055,2017-07-25 11:00:00,2.5245128,-1.7888068,285.42194,295.9677,2.910383e-11,296.04163,376.6536,294.969,300.2266,99427.7,0.0
18.399999618530273,45.29999923706055,2017-07-25 12:00:00,2.5797088,-1.9938174,284.98346,296.80698,2.910383e-11,296.8615,427.78326,296.23334,300.5602,99381.69,0.0
18.399999618530273,45.29999923706055,2017-07-25 13:00:00,1.8649001,-2.1414251,284.86453,297.3407,2.910383e-11,297.5436,478.26727,296.99557,299.30624,99360.82,0.00019562244
18.399999618530273,45.29999923706055,2017-07-25 14:00:00,1.585907,-1.6396079,284.11093,298.04337,2.910383e-11,297.68054,369.15518,297.59882,298.17102,99366.875,0.0
18.399999618530273,45.29999923706055,2017-07-25 15:00:00,1.2151487,-1.7081488,284.15375,298.01685,2.910383e-11,297.71085,297.42188,297.62015,297.83362,99336.63,0.0
18.399999618530273,45.29999923706055,2017-07-25 16:00:00,0.76659566,-1.5738821,284.2492,297.5823,2.910383e-11,297.63394,199.08168,297.4337,297.60626,99312.82,0.0
18.399999618530273,45.29999923706055,2017-07-25 17:00:00,0.10629821,-1.4864925,285.45834,296.47528,2.910383e-11,297.37265,94.34177,296.72815,295.9672,99316.33,0.0
18.399999618530273,45.29999923706055,2017-07-25 18:00:00,-0.5954989,-1.1052339,283.74683,296.56973,2.910383e-11,296.51505,32.700745,295.3416,293.7781,99326.88,0.0
18.399999618530273,45.29999923706055,2017-07-25 19:00:00,-1.3178406,-0.6198176,284.7915,294.91553,2.910383e-11,295.16714,0.24917603,293.52634,292.192,99360.63,0.0
18.399999618530273,45.29999923706055,2017-07-25 20:00:00,-1.7151694,-0.4411217,285.31424,292.31268,2.910383e-11,293.26038,-3.0517578e-05,292.5367,291.1642,99420.68,0.0
18.399999618530273,45.29999923706055,2017-07-25 21:00:00,-2.0596309,-0.68578815,285.65472,291.68814,2.910383e-11,292.49768,-3.0517578e-05,291.95276,290.29382,99439.805,0.0
18.399999618530273,45.29999923706055,2017-07-25 22:00:00,-1.2421001,-0.91845995,285.97043,288.49817,2.910383e-11,291.88562,-3.0517578e-05,290.88394,290.4421,99447.195,0.00017116964
18.399999618530273,45.29999923706055,2017-07-25 23:00:00,-1.2263494,-0.68946004,285.97488,288.25146,2.910383e-11,290.66037,-3.0517578e-05,290.17487,290.20795,99441.89,0.0
18.399999618530273,45.29999923706055,2017-07-26 00:00:00,-1.2305952,-0.7072072,285.90244,288.25766,2.910383e-11,290.0323,-3.0517578e-05,289.72653,290.1039,99401.74,4.890561e-05
18.399999618530273,45.29999923706055,2017-07-26 01:00:00,-0.9496846,-0.7474749,285.81064,288.32706,2.910383e-11,289.71497,-3.0517578e-05,289.4819,290.2261,99435.93,0.00014671683
18.399999618530273,45.29999923706055,2017-07-26 02:00:00,-1.0528176,-1.1483166,285.7043,288.12866,2.910383e-11,289.4431,-3.0517578e-05,289.20395,290.28775,99428.38,0.005950911
18.399999618530273,45.29999923706055,2017-07-26 03:00:00,-1.2603161,-1.4614017,285.5635,288.13123,2.910383e-11,289.16324,-3.0517578e-05,288.83862,289.88452,99431.8,0.0050261505
18.399999618530273,45.29999923706055,2017-07-26 04:00:00,-1.6154606,-1.3473301,285.79437,288.37247,2.910383e-11,288.90625,2.2653503,288.6162,290.07556,99457.195,0.0021473952
18.399999618530273,45.29999923706055,2017-07-26 05:00:00,-2.179747,-0.9362072,286.30392,289.7687,2.910383e-11,291.03198,46.757446,289.3118,291.80087,99432.945,2.4452806e-05
18.399999618530273,45.29999923706055,2017-07-26 06:00:00,-2.6080296,-0.67599666,285.9102,290.7497,2.910383e-11,292.82727,172.48611,291.3612,293.93094,99454.805,0.0
18.399999618530273,45.29999923706055,2017-07-26 07:00:00,-2.8767505,-0.094867826,285.73703,291.95154,2.910383e-11,293.22665,233.67406,292.52356,295.39297,99462.695,0.00036567822
18.399999618530273,45.29999923706055,2017-07-26 08:00:00,-2.846345,0.8474468,285.46997,294.49588,2.910383e-11,293.95276,271.72113,293.43018,297.30023,99421.49,0.0017139167
18.399999618530273,45.29999923706055,2017-07-26 09:00:00,-2.3590314,1.1151234,285.69345,295.50665,2.910383e-11,295.1886,457.53903,294.12988,299.16437,99424.19,0.001268208
18.399999618530273,45.29999923706055,2017-07-26 10:00:00,-2.191389,2.2223034,285.83368,296.89963,6.203307e-06,295.87897,439.416,295.384,300.80118,99407.89,0.00012226403
18.399999618530273,45.29999923706055,2017-07-26 11:00:00,-1.5890267,1.5425247,286.16293,297.55432,2.910383e-11,296.57336,449.7348,296.02408,302.02716,99386.56,0.0
18.399999618530273,45.29999923706055,2017-07-26 12:00:00,-1.3016789,1.0039893,286.28223,298.5008,2.910383e-11,297.28177,493.20746,296.70447,302.55676,99330.3,0.0
18.399999618530273,45.29999923706055,2017-07-26 13:00:00,-1.1043155,0.9918722,286.36746,298.78564,2.910383e-11,297.722,491.93884,297.39746,303.57507,99292.016,0.0
18.399999618530273,45.29999923706055,2017-07-26 14:00:00,-1.0354233,1.0371581,286.04828,299.22708,2.910383e-11,298.1717,471.8336,297.7999,302.70694,99283.01,0.0
18.399999618530273,45.29999923706055,2017-07-26 15:00:00,-1.0766491,0.85858476,286.06125,299.62637,2.910383e-11,298.4161,439.37067,298.13806,301.3376,99226.625,0.0
18.399999618530273,45.29999923706055,2017-07-26 16:00:00,-0.8250485,0.9032587,285.66498,297.88242,2.910383e-11,298.32977,252.99776,297.90076,299.58047,99204.83,0.0
18.399999618530273,45.29999923706055,2017-07-26 17:00:00,-0.35019863,1.0441347,286.5007,296.29398,2.910383e-11,297.78003,118.72861,297.37964,297.30743,99243.05,7.335842e-05
18.399999618530273,45.29999923706055,2017-07-26 18:00:00,1.1984394,-0.8214012,287.10922,295.103,2.910383e-11,297.33978,18.666718,296.31226,294.54184,99324.12,0.0016839057
18.399999618530273,45.29999923706055,2017-07-26 19:00:00,1.6656194,-2.9691787,287.41058,292.74176,0.0006883119,295.4956,-3.0517578e-05,292.9681,291.7483,99416.74,0.0018061697
18.399999618530273,45.29999923706055,2017-07-26 20:00:00,1.1363952,-4.264234,288.0739,289.58197,2.910383e-11,292.859,-3.0517578e-05,291.8721,291.32953,99510.445,0.0032711104
18.399999618530273,45.29999923706055,2017-07-26 21:00:00,0.8694547,-3.2850785,288.2399,289.40213,0.00016260508,291.6369,-3.0517578e-05,291.01544,290.46176,99549.695,0.0015616417
18.399999618530273,45.29999923706055,2017-07-26 22:00:00,1.0147722,-1.3541842,288.13376,288.66385,0.000109319284,290.91364,-3.0517578e-05,290.6396,289.85614,99670.13,0.018359574
18.399999618530273,45.29999923706055,2017-07-26 23:00:00,0.69071835,-0.6373199,288.0166,288.5941,2.910383e-11,290.58118,-3.0517578e-05,290.15588,289.45102,99645.08,0.0069067907
