,date,time,temp-out,hi-temp,low-temp,out-hum,dew-pt,wind-speed,wind-dir,bar,rain,rain-rate
23,13.07.17,00:00:00,21.8,22.6,21.6,81,18.4,0.0,E,99970,0.0,0.0
24,13.07.17,01:00:00,21.4,21.8,20.8,83,18.4,0.0,SW,100010,0.0,0.0
25,13.07.17,02:00:00,22.8,22.9,21.1,74,17.9,1.6,NW,100270,0.0,0.0
26,13.07.17,03:00:00,19.4,22.7,19.3,89,17.5,3.2,NW,100190,5.0,22.6
27,13.07.17,04:00:00,19.6,19.7,19.4,90,17.9,0.0,NW,100280,0.6,5.4
28,13.07.17,05:00:00,19.4,19.7,19.4,90,17.8,0.0,NW,100300,0.0,0.0
29,13.07.17,06:00:00,19.3,19.4,19.2,91,17.8,0.0,WNW,100380,0.0,0.0
30,13.07.17,07:00:00,21.6,21.6,19.3,80,18.0,0.0,NW,100420,0.0,0.0
31,13.07.17,08:00:00,22.9,22.9,21.6,73,17.8,1.6,NW,100480,0.0,0.0
32,13.07.17,09:00:00,23.8,23.8,22.6,60,15.6,3.2,NW,100590,0.0,0.0
33,13.07.17,10:00:00,22.7,23.9,22.0,62,15.1,6.4,NW,100640,0.0,0.0
34,13.07.17,11:00:00,24.6,24.6,22.7,54,14.6,4.8,NW,100660,0.0,0.0
35,13.07.17,12:00:00,25.8,26.0,24.6,45,12.9,4.8,NW,100650,0.0,0.0
36,13.07.17,13:00:00,24.8,26.3,24.8,46,12.4,4.8,NW,100640,0.0,0.0
37,13.07.17,14:00:00,26.8,26.8,24.6,44,13.5,4.8,NW,100610,0.0,0.0
38,13.07.17,15:00:00,25.4,27.0,25.4,43,11.9,3.2,NW,100600,0.0,0.0
39,13.07.17,16:00:00,26.9,26.9,25.2,41,12.5,3.2,NW,100600,0.0,0.0
40,13.07.17,17:00:00,26.9,27.3,26.7,36,10.6,3.2,NW,100570,0.0,0.0
41,13.07.17,18:00:00,26.6,26.9,25.6,37,10.7,3.2,NW,100550,0.0,0.0
42,13.07.17,19:00:00,24.6,26.5,24.6,43,11.2,1.6,E,100550,0.0,0.0
43,13.07.17,20:00:00,22.3,24.6,22.3,48,10.7,0.0,E,100610,0.0,0.0
44,13.07.17,21:00:00,18.9,22.3,18.9,57,10.2,0.0,NNW,100650,0.0,0.0
45,13.07.17,22:00:00,17.4,18.9,17.4,66,11.0,0.0,N,100680,0.0,0.0
46,13.07.17,23:00:00,15.1,17.4,15.1,77,11.1,0.0,NNW,100690,0.0,0.0
47,14.07.17,00:00:00,13.9,15.1,13.9,79,10.3,0.0,E,100700,0.0,0.0
48,14.07.17,01:00:00,13.1,14.2,13.0,82,10.1,0.0,NNE,100740,0.0,0.0
49,14.07.17,02:00:00,12.8,13.1,12.4,81,9.6,0.0,---,100710,0.0,0.0
50,14.07.17,03:00:00,11.6,12.8,11.6,84,8.9,0.0,---,100680,0.0,0.0
51,14.07.17,04:00:00,10.4,11.6,10.4,88,8.5,0.0,---,100660,0.0,0.0
52,14.07.17,05:00:00,11.3,11.3,10.1,84,8.7,0.0,N,100660,0.0,0.0
53,14.07.17,06:00:00,12.3,12.7,11.3,79,8.8,0.0,N,100660,0.0,0.0
54,14.07.17,07:00:00,16.3,16.3,12.3,66,10.0,0.0,E,100660,0.0,0.0
55,14.07.17,08:00:00,18.0,18.0,16.2,63,10.8,1.6,E,100620,0.0,0.0
56,14.07.17,09:00:00,19.8,19.8,17.9,58,11.3,4.8,E,100630,0.0,0.0
57,14.07.17,10:00:00,21.6,21.6,19.8,52,11.3,3.2,E,100600,0.0,0.0
58,14.07.17,11:00:00,23.1,23.3,21.6,47,11.2,1.6,E,100570,0.0,0.0
59,14.07.17,12:00:00,24.6,24.8,23.1,40,10.1,1.6,E,100570,0.0,0.0
60,14.07.17,13:00:00,25.7,25.7,24.6,37,9.9,1.6,E,100500,0.0,0.0
61,14.07.17,14:00:00,26.5,26.6,25.2,34,9.4,1.6,NW,100450,0.0,0.0
62,14.07.17,15:00:00,26.3,27.1,26.2,36,10.0,1.6,E,100390,0.0,0.0
63,14.07.17,16:00:00,24.7,26.3,24.7,40,10.2,1.6,E,100350,0.0,0.0
64,14.07.17,17:00:00,24.0,24.7,24.0,43,10.6,1.6,E,100330,0.0,0.0
65,14.07.17,18:00:00,23.6,24.1,23.5,45,10.9,1.6,NW,100320,0.0,0.0
66,14.07.17,19:00:00,23.1,23.7,23.1,44,10.1,1.6,NW,100330,0.0,0.0
67,14.07.17,20:00:00,22.3,23.1,22.3,51,11.7,1.6,NW,100300,0.0,0.0
68,14.07.17,21:00:00,20.3,22.3,20.3,55,10.9,0.0,NW,100360,0.0,0.0
69,14.07.17,22:00:00,20.3,20.3,20.0,56,11.2,0.0,NW,100380,0.0,0.0
70,14.07.17,23:00:00,18.9,20.3,18.9,63,11.7,0.0,NW,100360,0.0,0.0
71,15.07.17,00:00:00,16.3,18.9,16.2,76,12.0,0.0,NW,100390,0.0,0.0
72,15.07.17,01:00:00,16.3,16.6,16.3,74,11.6,0.0,NW,100400,0.0,0.0
73,15.07.17,02:00:00,15.7,16.3,15.6,76,11.4,0.0,NW,100400,0.0,0.0
74,15.07.17,03:00:00,14.3,15.7,14.3,83,11.5,0.0,NW,100410,0.0,0.0
75,15.07.17,04:00:00,13.1,14.3,13.0,87,10.9,0.0,---,100410,0.0,0.0
76,15.07.17,05:00:00,14.1,14.7,13.1,85,11.6,0.0,NW,100400,0.0,0.0
77,15.07.17,06:00:00,14.1,14.1,13.7,87,12.0,0.0,SW,100430,0.0,0.0
78,15.07.17,07:00:00,15.7,15.7,14.1,82,12.6,0.0,W,100470,0.0,0.0
79,15.07.17,08:00:00,18.5,18.5,15.7,67,12.3,0.0,NW,100530,0.0,0.0
80,15.07.17,09:00:00,21.4,21.4,18.5,58,12.8,0.0,NW,100510,0.0,0.0
81,15.07.17,10:00:00,23.4,23.4,21.4,56,14.2,1.6,NW,100530,0.0,0.0
82,15.07.17,11:00:00,24.1,24.1,23.0,51,13.3,1.6,NW,100530,0.0,0.0
83,15.07.17,12:00:00,25.7,25.7,24.1,45,12.8,1.6,NW,100520,0.0,0.0
84,15.07.17,13:00:00,26.6,26.6,25.1,43,13.0,1.6,NW,100480,0.0,0.0
85,15.07.17,14:00:00,24.8,26.6,24.2,42,11.0,3.2,NW,100490,0.0,0.0
86,15.07.17,15:00:00,24.5,26.3,24.3,41,10.4,4.8,NW,100480,0.0,0.0
87,15.07.17,16:00:00,24.5,26.2,24.5,46,12.1,4.8,NW,100520,0.0,0.0
88,15.07.17,17:00:00,23.6,24.6,23.4,44,10.6,4.8,NW,100550,0.0,0.0
89,15.07.17,18:00:00,23.4,23.6,23.3,43,10.1,3.2,NW,100580,0.0,0.0
90,15.07.17,19:00:00,23.2,24.2,23.2,44,10.2,3.2,NW,100590,0.0,0.0
91,15.07.17,20:00:00,21.3,23.2,21.3,49,10.2,1.6,NW,100660,0.0,0.0
92,15.07.17,21:00:00,19.4,21.3,19.4,50,8.7,1.6,NW,100710,0.0,0.0
93,15.07.17,22:00:00,18.2,19.4,18.2,56,9.3,0.0,NW,100780,0.0,0.0
94,15.07.17,23:00:00,17.3,18.2,17.3,60,9.5,1.6,NW,100810,0.0,0.0
95,16.07.17,00:00:00,16.7,17.3,16.7,63,9.6,1.6,NW,100840,0.0,0.0
96,16.07.17,01:00:00,16.2,16.7,16.2,65,9.6,1.6,NW,100850,0.0,0.0
97,16.07.17,02:00:00,15.4,16.2,15.4,68,9.5,3.2,NW,100850,0.0,0.0
98,16.07.17,03:00:00,14.6,15.4,14.6,71,9.4,1.6,NW,100870,0.0,0.0
99,16.07.17,04:00:00,13.8,14.7,13.8,77,9.8,0.0,NW,100890,0.0,0.0
100,16.07.17,05:00:00,12.8,13.7,12.0,82,9.8,0.0,WNW,100910,0.0,0.0
101,16.07.17,06:00:00,13.4,13.4,12.8,79,9.8,1.6,NW,100940,0.0,0.0
102,16.07.17,07:00:00,15.2,15.2,13.4,73,10.4,1.6,NW,100990,0.0,0.0
103,16.07.17,08:00:00,17.2,17.2,15.2,68,11.3,3.2,NW,101010,0.0,0.0
104,16.07.17,09:00:00,19.8,19.9,17.2,60,11.8,1.6,NW,101040,0.0,0.0
105,16.07.17,10:00:00,21.2,21.7,19.9,53,11.3,1.6,E,101050,0.0,0.0
106,16.07.17,11:00:00,23.1,23.1,20.7,48,11.5,1.6,NW,101040,0.0,0.0
107,16.07.17,12:00:00,24.1,24.3,23.1,43,10.7,3.2,NW,101050,0.0,0.0
108,16.07.17,13:00:00,25.2,25.3,23.8,40,10.6,3.2,NW,101010,0.0,0.0
109,16.07.17,14:00:00,24.9,25.4,24.1,40,10.4,3.2,NW,100970,0.0,0.0
110,16.07.17,15:00:00,24.1,25.4,23.9,41,10.0,3.2,NW,100960,0.0,0.0
111,16.07.17,16:00:00,25.2,26.3,24.0,35,8.6,3.2,NW,100920,0.0,0.0
112,16.07.17,17:00:00,23.8,25.8,23.8,40,9.4,3.2,E,100910,0.0,0.0
113,16.07.17,18:00:00,23.0,23.8,22.5,44,10.1,1.6,E,100920,0.0,0.0
114,16.07.17,19:00:00,22.9,24.2,22.9,41,9.0,1.6,NW,100900,0.0,0.0
115,16.07.17,20:00:00,21.8,22.9,21.8,47,10.0,1.6,NW,100940,0.0,0.0
116,16.07.17,21:00:00,18.6,21.8,18.6,56,9.6,0.0,NNW,100970,0.0,0.0
117,16.07.17,22:00:00,17.7,18.6,17.4,59,9.6,0.0,NNW,100990,0.0,0.0
118,16.07.17,23:00:00,16.9,17.7,16.9,61,9.3,0.0,NNW,101000,0.0,0.0
119,17.07.17,00:00:00,16.2,16.8,16.1,63,9.1,0.0,NW,101000,0.0,0.0
120,17.07.17,01:00:00,15.3,16.2,14.8,67,9.2,0.0,NW,101020,0.0,0.0
121,17.07.17,02:00:00,14.8,15.3,14.7,69,9.1,0.0,NW,101030,0.0,0.0
122,17.07.17,03:00:00,14.8,15.0,14.7,68,9.0,0.0,NW,101010,0.0,0.0
123,17.07.17,04:00:00,14.7,14.8,14.4,69,9.0,0.0,NW,101020,0.0,0.0
124,17.07.17,05:00:00,14.2,14.7,14.2,71,9.0,0.0,NW,101050,0.0,0.0
125,17.07.17,06:00:00,14.3,14.3,13.7,72,9.3,0.0,NW,101090,0.0,0.0
126,17.07.17,07:00:00,17.9,17.9,14.3,61,10.3,0.0,NW,101090,0.0,0.0
127,17.07.17,08:00:00,19.5,19.7,17.9,59,11.3,1.6,NW,101140,0.0,0.0
128,17.07.17,09:00:00,21.9,21.9,19.4,54,12.2,1.6,E,101130,0.0,0.0
129,17.07.17,10:00:00,23.8,23.9,21.9,52,13.4,1.6,E,101130,0.0,0.0
130,17.07.17,11:00:00,25.6,25.6,23.9,40,11.0,1.6,ENE,101130,0.0,0.0
131,17.07.17,12:00:00,26.8,26.8,25.3,33,9.2,3.2,E,101090,0.0,0.0
132,17.07.17,13:00:00,27.8,27.8,26.4,31,9.1,3.2,E,101050,0.0,0.0
133,17.07.17,14:00:00,28.1,28.4,27.4,27,7.3,3.2,E,101030,0.0,0.0
134,17.07.17,15:00:00,28.4,28.9,27.7,28,8.1,3.2,ENE,100990,0.0,0.0
135,17.07.17,16:00:00,28.8,28.9,28.3,28,8.5,1.6,E,100930,0.0,0.0
136,17.07.17,17:00:00,28.6,28.8,28.4,26,7.2,1.6,E,100920,0.0,0.0
137,17.07.17,18:00:00,28.3,28.6,28.3,26,6.9,1.6,E,100910,0.0,0.0
138,17.07.17,19:00:00,26.9,28.3,26.9,31,8.4,0.0,E,100920,0.0,0.0
139,17.07.17,20:00:00,24.1,26.9,24.1,40,9.6,0.0,ENE,100950,0.0,0.0
140,17.07.17,21:00:00,19.9,24.1,19.9,55,10.6,0.0,---,100970,0.0,0.0
141,17.07.17,22:00:00,17.0,20.0,17.0,74,12.3,0.0,ENE,100990,0.0,0.0
142,17.07.17,23:00:00,15.7,17.0,15.7,79,12.0,0.0,---,101030,0.0,0.0
143,18.07.17,00:00:00,14.7,15.7,14.7,82,11.7,0.0,---,101040,0.0,0.0
144,18.07.17,01:00:00,13.8,14.7,13.8,84,11.2,0.0,---,101030,0.0,0.0
145,18.07.17,02:00:00,13.1,13.8,13.1,85,10.6,0.0,---,101050,0.0,0.0
146,18.07.17,03:00:00,12.4,13.1,12.4,86,10.1,0.0,---,101020,0.0,0.0
147,18.07.17,04:00:00,12.0,12.4,12.0,86,9.7,0.0,---,101020,0.0,0.0
148,18.07.17,05:00:00,11.7,12.3,11.7,87,9.6,0.0,ENE,101040,0.0,0.0
149,18.07.17,06:00:00,11.9,11.9,11.4,89,10.2,0.0,---,101080,0.0,0.0
150,18.07.17,07:00:00,19.6,19.6,11.9,60,11.6,0.0,ENE,101080,0.0,0.0
151,18.07.17,08:00:00,22.0,22.0,19.6,51,11.4,0.0,E,101100,0.0,0.0
152,18.07.17,09:00:00,25.9,25.9,22.0,44,12.7,0.0,ENE,101100,0.0,0.0
153,18.07.17,10:00:00,28.8,28.8,25.9,32,10.4,1.6,E,101080,0.0,0.0
154,18.07.17,11:00:00,28.8,28.9,27.8,30,9.5,1.6,E,101060,0.0,0.0
155,18.07.17,12:00:00,29.1,29.4,28.6,29,9.2,3.2,E,101050,0.0,0.0
156,18.07.17,13:00:00,29.5,29.6,28.9,27,8.5,3.2,E,101010,0.0,0.0
157,18.07.17,14:00:00,30.3,30.6,29.5,28,9.8,1.6,E,100960,0.0,0.0
158,18.07.17,15:00:00,29.9,30.7,29.8,26,8.4,3.2,E,100950,0.0,0.0
159,18.07.17,16:00:00,30.2,30.9,29.9,24,7.4,3.2,E,100920,0.0,0.0
160,18.07.17,17:00:00,30.3,30.6,30.1,24,7.5,1.6,E,100880,0.0,0.0
161,18.07.17,18:00:00,30.1,30.3,29.6,26,8.5,1.6,E,100830,0.0,0.0
162,18.07.17,19:00:00,28.8,30.1,28.8,28,8.5,0.0,E,100800,0.0,0.0
163,18.07.17,20:00:00,24.8,28.9,24.8,41,10.6,0.0,E,100790,0.0,0.0
164,18.07.17,21:00:00,20.6,24.8,20.6,63,13.3,0.0,---,100820,0.0,0.0
165,18.07.17,22:00:00,19.8,20.5,19.7,69,14.0,0.0,NE,100840,0.0,0.0
166,18.07.17,23:00:00,16.8,19.8,16.8,80,13.3,0.0,---,100820,0.0,0.0
167,19.07.17,00:00:00,17.1,17.2,16.3,80,13.6,0.0,---,100820,0.0,0.0
168,19.07.17,01:00:00,15.6,17.1,15.6,85,13.1,0.0,---,100810,0.0,0.0
169,19.07.17,02:00:00,15.1,15.6,14.9,86,12.8,0.0,NE,100780,0.0,0.0
170,19.07.17,03:00:00,14.4,15.2,14.4,86,12.1,0.0,---,100780,0.0,0.0
171,19.07.17,04:00:00,13.8,14.5,13.8,86,11.5,0.0,---,100750,0.0,0.0
172,19.07.17,05:00:00,13.7,13.8,13.4,89,11.9,0.0,---,100750,0.0,0.0
173,19.07.17,06:00:00,15.3,15.3,13.6,87,13.2,0.0,NE,100720,0.0,0.0
174,19.07.17,07:00:00,21.1,21.1,15.3,67,14.7,0.0,NE,100740,0.0,0.0
175,19.07.17,08:00:00,24.2,24.7,21.1,53,14.0,0.0,E,100800,0.0,0.0
176,19.07.17,09:00:00,27.3,27.4,24.2,37,11.4,1.6,E,100800,0.0,0.0
177,19.07.17,10:00:00,29.4,29.5,27.3,33,11.5,1.6,SE,100790,0.0,0.0
178,19.07.17,11:00:00,31.2,31.3,29.4,30,11.5,1.6,SE,100750,0.0,0.0
179,19.07.17,12:00:00,31.6,31.6,30.9,28,10.8,3.2,SE,100690,0.0,0.0
180,19.07.17,13:00:00,32.4,32.7,31.6,27,11.0,3.2,ESE,100640,0.0,0.0
181,19.07.17,14:00:00,33.8,33.8,32.3,25,11.0,3.2,SE,100560,0.0,0.0
182,19.07.17,15:00:00,34.3,34.3,33.4,25,11.4,1.6,SE,100510,0.0,0.0
183,19.07.17,16:00:00,33.7,34.6,33.6,26,11.5,1.6,SW,100450,0.0,0.0
184,19.07.17,17:00:00,33.6,33.9,33.4,29,13.1,1.6,SE,100410,0.0,0.0
185,19.07.17,18:00:00,32.4,33.9,32.4,30,12.6,1.6,E,100380,0.0,0.0
186,19.07.17,19:00:00,30.8,32.4,30.8,35,13.5,1.6,E,100360,0.0,0.0
187,19.07.17,20:00:00,27.7,30.8,27.7,48,15.7,0.0,E,100360,0.0,0.0
188,19.07.17,21:00:00,24.7,27.7,24.7,57,15.6,0.0,E,100350,0.0,0.0
189,19.07.17,22:00:00,21.2,24.7,21.2,68,15.0,0.0,E,100370,0.0,0.0
190,19.07.17,23:00:00,19.9,21.2,19.9,74,15.1,0.0,---,100330,0.0,0.0
191,20.07.17,00:00:00,18.6,19.9,18.6,80,15.0,0.0,---,100300,0.0,0.0
192,20.07.17,01:00:00,18.4,18.6,18.2,82,15.3,0.0,---,100280,0.0,0.0
193,20.07.17,02:00:00,19.1,19.6,18.4,77,15.0,0.0,WSW,100250,0.0,0.0
194,20.07.17,03:00:00,17.8,19.1,17.8,82,14.7,0.0,---,100220,0.0,0.0
195,20.07.17,04:00:00,17.6,18.4,17.6,82,14.4,0.0,SE,100220,0.0,0.0
196,20.07.17,05:00:00,16.6,17.6,16.6,84,13.8,0.0,SE,100180,0.0,0.0
197,20.07.17,06:00:00,16.8,17.2,16.1,82,13.7,0.0,E,100240,0.0,0.0
198,20.07.17,07:00:00,20.9,20.9,16.8,71,15.5,0.0,SE,100250,0.0,0.0
199,20.07.17,08:00:00,25.2,25.2,20.9,59,16.6,0.0,SW,100280,0.0,0.0
200,20.07.17,09:00:00,27.8,27.8,25.1,52,17.0,0.0,WNW,100270,0.0,0.0
201,20.07.17,10:00:00,29.2,29.2,27.7,48,17.0,1.6,NW,100280,0.0,0.0
202,20.07.17,11:00:00,31.1,31.2,29.2,45,17.8,1.6,NW,100250,0.0,0.0
203,20.07.17,12:00:00,33.5,33.5,31.1,32,14.5,0.0,SW,100200,0.0,0.0
204,20.07.17,13:00:00,35.3,35.3,33.6,25,12.3,1.6,SE,100160,0.0,0.0
205,20.07.17,14:00:00,34.8,35.3,33.7,28,13.6,1.6,SE,100110,0.0,0.0
206,20.07.17,15:00:00,35.3,35.4,34.6,26,12.9,1.6,SE,100050,0.0,0.0
207,20.07.17,16:00:00,35.1,36.1,35.1,25,12.1,3.2,SE,100000,0.0,0.0
208,20.07.17,17:00:00,35.2,35.6,34.8,24,11.6,1.6,SW,99980,0.0,0.0
209,20.07.17,18:00:00,34.8,35.3,34.6,28,13.6,1.6,SE,99940,0.0,0.0
210,20.07.17,19:00:00,33.2,34.8,33.2,30,13.3,1.6,SE,99950,0.0,0.0
211,20.07.17,20:00:00,28.6,33.1,28.6,53,18.0,1.6,SE,99950,0.0,0.0
212,20.07.17,21:00:00,25.2,28.6,25.2,61,17.2,0.0,E,99990,0.0,0.0
213,20.07.17,22:00:00,23.7,25.2,23.3,66,16.9,0.0,---,100020,0.0,0.0
214,20.07.17,23:00:00,21.2,23.7,21.2,75,16.6,0.0,---,100020,0.0,0.0
215,21.07.17,00:00:00,21.5,22.3,20.8,73,16.5,0.0,ENE,100050,0.0,0.0
216,21.07.17,01:00:00,21.4,21.4,20.8,72,16.2,0.0,ENE,100050,0.0,0.0
217,21.07.17,02:00:00,20.0,21.9,20.0,77,15.8,0.0,ENE,100070,0.0,0.0
218,21.07.17,03:00:00,18.9,20.1,18.9,81,15.6,0.0,---,100040,0.0,0.0
219,21.07.17,04:00:00,18.7,19.1,18.6,83,15.7,0.0,---,100060,0.0,0.0
220,21.07.17,05:00:00,18.4,19.1,18.4,84,15.7,0.0,ENE,100090,0.0,0.0
221,21.07.17,06:00:00,18.4,18.4,18.1,84,15.6,0.0,---,100140,0.0,0.0
222,21.07.17,07:00:00,23.3,23.3,18.4,68,17.1,0.0,NW,100200,0.0,0.0
223,21.07.17,08:00:00,24.1,24.2,23.3,65,17.1,3.2,NW,100270,0.0,0.0
224,21.07.17,09:00:00,25.9,25.9,24.1,60,17.6,3.2,NW,100330,0.0,0.0
225,21.07.17,10:00:00,27.8,27.8,25.9,55,17.9,3.2,NW,100370,0.0,0.0
226,21.07.17,11:00:00,28.9,29.3,27.8,54,18.7,1.6,NW,100400,0.0,0.0
227,21.07.17,12:00:00,30.4,30.5,28.8,54,20.1,1.6,NW,100410,0.0,0.0
228,21.07.17,13:00:00,31.1,31.3,30.3,49,19.1,3.2,NW,100400,0.0,0.0
229,21.07.17,14:00:00,32.0,32.0,31.1,46,18.9,3.2,NW,100380,0.0,0.0
230,21.07.17,15:00:00,32.4,32.4,31.9,42,17.9,3.2,NW,100340,0.0,0.0
231,21.07.17,16:00:00,32.2,32.8,32.2,43,18.1,3.2,NW,100300,0.0,0.0
232,21.07.17,17:00:00,32.1,32.6,32.1,40,16.8,1.6,NW,100270,0.0,0.0
233,21.07.17,18:00:00,32.2,32.3,31.9,41,17.2,1.6,NW,100240,0.0,0.0
234,21.07.17,19:00:00,30.6,32.2,30.6,49,18.7,1.6,NW,100270,0.0,0.0
235,21.07.17,20:00:00,27.4,30.6,27.4,52,16.7,0.0,NW,100290,0.0,0.0
236,21.07.17,21:00:00,24.4,27.4,24.4,64,17.2,0.0,---,100310,0.0,0.0
237,21.07.17,22:00:00,22.6,24.4,22.6,75,18.0,0.0,NNW,100320,0.0,0.0
238,21.07.17,23:00:00,21.8,22.6,21.8,75,17.1,0.0,---,100330,0.0,0.0
239,22.07.17,00:00:00,21.6,21.8,21.1,74,16.8,0.0,---,100300,0.0,0.0
240,22.07.17,01:00:00,21.8,22.2,21.3,74,16.9,0.0,NNW,100300,0.0,0.0
241,22.07.17,02:00:00,21.8,22.4,21.8,76,17.4,0.0,NNW,100290,0.0,0.0
242,22.07.17,03:00:00,20.2,21.8,20.2,80,16.7,0.0,---,100270,0.0,0.0
243,22.07.17,04:00:00,20.8,21.1,19.9,76,16.4,0.0,E,100270,0.0,0.0
244,22.07.17,05:00:00,18.8,20.8,18.8,83,15.8,0.0,---,100280,0.0,0.0
245,22.07.17,06:00:00,19.4,19.4,18.6,86,17.0,0.0,E,100320,0.0,0.0
246,22.07.17,07:00:00,23.6,23.6,19.4,72,18.2,0.0,E,100340,0.0,0.0
247,22.07.17,08:00:00,26.7,26.7,23.6,61,18.5,1.6,E,100410,0.0,0.0
248,22.07.17,09:00:00,27.2,28.1,26.7,61,19.0,0.0,ESE,100490,0.0,0.0
249,22.07.17,10:00:00,26.2,27.2,26.0,66,19.3,1.6,E,100420,0.0,0.0
250,22.07.17,11:00:00,27.2,27.4,26.2,64,19.8,1.6,E,100370,0.0,0.0
251,22.07.17,12:00:00,29.4,29.4,27.2,56,19.7,4.8,E,100410,0.0,0.0
252,22.07.17,13:00:00,31.8,31.8,29.5,49,19.7,4.8,E,100390,0.0,0.0
253,22.07.17,14:00:00,32.7,32.8,31.5,44,18.8,8.0,E,100320,0.0,0.0
254,22.07.17,15:00:00,34.0,34.2,32.7,43,19.7,6.4,E,100310,0.0,0.0
255,22.07.17,16:00:00,34.1,34.5,33.7,39,18.1,4.8,E,100260,0.0,0.0
256,22.07.17,17:00:00,33.7,34.1,33.6,37,17.0,3.2,E,100200,0.0,0.0
257,22.07.17,18:00:00,33.7,33.9,33.7,37,17.0,3.2,E,100180,0.0,0.0
258,22.07.17,19:00:00,32.5,33.7,32.5,47,19.7,0.0,E,100170,0.0,0.0
259,22.07.17,20:00:00,29.7,32.5,29.7,58,20.6,0.0,NE,100210,0.0,0.0
260,22.07.17,21:00:00,26.6,29.7,26.6,65,19.4,0.0,NE,100220,0.0,0.0
261,22.07.17,22:00:00,24.1,26.6,24.1,74,19.2,0.0,---,100270,0.0,0.0
262,22.07.17,23:00:00,25.1,25.2,23.8,68,18.7,0.0,NE,100280,0.0,0.0
263,23.07.17,00:00:00,24.5,25.1,24.4,69,18.4,0.0,NE,100280,0.0,0.0
264,23.07.17,01:00:00,23.7,24.5,23.7,71,18.1,0.0,NE,100270,0.0,0.0
265,23.07.17,02:00:00,23.4,23.7,23.1,69,17.4,0.0,NNW,100230,0.0,0.0
266,23.07.17,03:00:00,22.3,23.4,22.3,72,17.0,0.0,E,100190,0.0,0.0
267,23.07.17,04:00:00,21.0,22.3,21.0,76,16.6,0.0,E,100240,0.0,0.0
268,23.07.17,05:00:00,19.8,21.0,19.8,80,16.2,0.0,---,100290,0.0,0.0
269,23.07.17,06:00:00,19.7,19.7,19.4,83,16.8,0.0,NE,100270,0.0,0.0
270,23.07.17,07:00:00,23.7,23.7,19.7,69,17.6,0.0,NW,100310,0.0,0.0
271,23.07.17,08:00:00,26.4,26.4,23.7,63,18.8,0.0,NW,100280,0.0,0.0
272,23.07.17,09:00:00,28.2,28.3,26.5,52,17.4,1.6,NW,100320,0.0,0.0
273,23.07.17,10:00:00,29.7,29.7,27.4,54,19.4,1.6,NW,100320,0.0,0.0
274,23.07.17,11:00:00,29.8,30.5,29.7,50,18.3,3.2,NW,100330,0.0,0.0
275,23.07.17,12:00:00,33.5,33.5,29.8,46,20.3,1.6,NW,100300,0.0,0.0
276,23.07.17,13:00:00,34.1,35.3,33.5,39,18.1,1.6,NW,100260,0.0,0.0
277,23.07.17,14:00:00,34.9,34.9,33.9,35,17.2,3.2,NW,100230,0.0,0.0
278,23.07.17,15:00:00,34.2,35.4,33.6,36,17.0,3.2,NW,100190,0.0,0.0
279,23.07.17,16:00:00,34.3,34.7,33.9,35,16.7,3.2,NW,100120,0.0,0.0
280,23.07.17,17:00:00,34.1,34.4,34.1,38,17.7,3.2,NW,100090,0.0,0.0
281,23.07.17,18:00:00,33.1,34.2,33.0,38,16.8,3.2,NW,100070,0.0,0.0
282,23.07.17,19:00:00,31.1,33.0,31.1,46,18.1,1.6,NW,100100,0.0,0.0
283,23.07.17,20:00:00,29.7,31.1,29.7,47,17.2,1.6,NW,100110,0.0,0.0
284,23.07.17,21:00:00,27.5,29.7,27.5,55,17.7,0.0,N,100150,0.0,0.0
285,23.07.17,22:00:00,26.8,27.5,26.8,59,18.1,0.0,WNW,100190,0.0,0.0
286,23.07.17,23:00:00,26.2,26.9,26.2,62,18.3,0.0,NW,100180,0.0,0.0
287,24.07.17,00:00:00,25.8,26.2,25.8,63,18.3,1.6,NW,100280,0.0,0.0
288,24.07.17,01:00:00,24.1,25.9,24.1,76,19.6,0.0,NW,100220,0.2,0.0
289,24.07.17,02:00:00,23.6,24.2,23.6,75,18.9,0.0,NW,100200,0.0,0.0
290,24.07.17,03:00:00,22.1,23.6,22.0,82,18.8,0.0,WNW,100180,0.0,0.0
291,24.07.17,04:00:00,20.9,22.2,20.9,86,18.5,0.0,SE,100140,0.0,0.0
292,24.07.17,05:00:00,20.6,21.0,20.6,87,18.3,0.0,---,100060,0.0,0.0
293,24.07.17,06:00:00,20.7,20.7,20.3,88,18.6,0.0,SE,100000,0.0,0.0
294,24.07.17,07:00:00,22.6,22.6,20.7,81,19.2,0.0,SE,99960,0.0,0.0
295,24.07.17,08:00:00,26.7,26.7,22.6,67,20.1,0.0,SW,99960,0.0,0.0
296,24.07.17,09:00:00,27.9,28.0,26.4,62,20.0,0.0,SW,99940,0.0,0.0
297,24.07.17,10:00:00,30.7,31.1,27.9,52,19.7,0.0,SW,99860,0.0,0.0
298,24.07.17,11:00:00,31.1,32.2,30.4,49,19.1,1.6,SE,99780,0.0,0.0
299,24.07.17,12:00:00,31.8,31.9,30.8,48,19.4,3.2,SE,99720,0.0,0.0
300,24.07.17,13:00:00,33.8,33.8,31.7,42,19.1,4.8,SE,99640,0.0,0.0
301,24.07.17,14:00:00,34.6,34.6,33.7,39,18.6,4.8,SE,99520,0.0,0.0
302,24.07.17,16:00:00,30.3,30.3,24.6,56,20.5,4.8,ESE,99270,0.0,0.0
303,24.07.17,17:00:00,30.8,32.1,30.3,57,21.3,0.0,E,99210,0.0,0.0
304,24.07.17,18:00:00,28.6,30.8,28.6,64,21.1,0.0,E,99160,0.0,0.0
305,24.07.17,19:00:00,27.1,28.6,27.1,70,21.2,0.0,E,99100,0.0,0.0
306,24.07.17,20:00:00,26.1,27.1,26.1,75,21.3,0.0,E,99130,0.0,0.0
307,25.07.17,01:00:00,17.9,18.1,17.9,89,16.0,1.6,NW,99280,0.0,0.0
308,25.07.17,02:00:00,17.8,18.1,17.8,87,15.6,3.2,NW,99410,0.0,0.0
309,25.07.17,03:00:00,16.8,17.8,16.8,87,14.7,3.2,NW,99410,0.0,0.0
310,25.07.17,04:00:00,17.1,17.1,16.8,79,13.4,3.2,NW,99420,0.0,0.0
311,25.07.17,05:00:00,18.6,19.1,17.1,74,13.8,3.2,NW,99450,0.0,0.0
312,25.07.17,06:00:00,19.1,19.1,18.4,71,13.7,3.2,NW,99490,0.0,0.0
313,25.07.17,07:00:00,19.5,19.5,18.9,75,14.9,1.6,NW,99510,0.0,0.0
314,25.07.17,08:00:00,20.5,20.5,19.5,67,14.2,3.2,NW,99520,0.0,0.0
315,25.07.17,09:00:00,21.3,21.4,20.4,65,14.5,3.2,NW,99560,0.0,0.0
316,25.07.17,10:00:00,22.0,22.3,21.3,61,14.1,1.6,NW,99580,0.0,0.0
317,25.07.17,11:00:00,23.6,23.8,21.9,51,12.9,3.2,NW,99570,0.0,0.0
318,25.07.17,12:00:00,24.1,24.3,23.3,47,12.0,3.2,NW,99560,0.0,0.0
319,25.07.17,13:00:00,23.2,24.4,22.9,50,12.2,1.6,NW,99520,0.0,0.0
320,25.07.17,14:00:00,23.8,24.8,23.2,48,12.1,1.6,NW,99530,0.0,0.0
321,25.07.17,15:00:00,24.1,25.3,23.8,48,12.4,1.6,NW,99520,0.0,0.0
322,25.07.17,16:00:00,23.9,24.5,23.9,51,13.1,0.0,NW,99500,0.0,0.0
323,25.07.17,17:00:00,21.3,23.9,21.3,68,15.2,0.0,NW,99490,0.0,0.0
324,25.07.17,18:00:00,17.8,21.3,17.8,84,15.1,0.0,---,99520,0.0,0.0
325,25.07.17,19:00:00,16.6,17.8,16.6,89,14.7,0.0,---,99570,0.0,0.0
326,25.07.17,20:00:00,16.2,16.6,16.1,89,14.4,0.0,---,99590,0.0,0.0
327,25.07.17,21:00:00,17.4,17.4,16.1,79,13.8,0.0,E,99580,0.0,0.0
328,25.07.17,22:00:00,15.6,17.7,15.6,89,13.7,0.0,E,99560,0.0,0.0
329,25.07.17,23:00:00,15.2,15.6,15.1,90,13.5,0.0,NE,99580,0.0,0.0
330,26.07.17,00:00:00,15.7,15.7,15.1,88,13.7,0.0,E,99590,0.0,0.0
331,26.07.17,01:00:00,15.1,15.9,15.1,86,12.7,0.0,E,99560,0.0,0.0
332,26.07.17,02:00:00,15.3,16.5,14.5,77,11.3,0.0,E,99590,0.0,0.0
333,26.07.17,03:00:00,14.8,15.3,14.2,84,12.1,0.0,E,99620,0.0,0.0
334,26.07.17,04:00:00,16.8,16.8,14.8,71,11.5,0.0,E,99640,0.0,0.0
335,26.07.17,05:00:00,17.8,17.8,16.8,68,11.8,1.6,E,99630,0.0,0.0
336,26.07.17,06:00:00,20.1,20.1,17.8,61,12.3,3.2,E,99650,0.0,0.0
337,26.07.17,07:00:00,21.1,21.1,20.1,54,11.4,6.4,E,99620,0.0,0.0
338,26.07.17,08:00:00,22.3,22.3,21.1,52,11.9,4.8,E,99600,0.0,0.0
339,26.07.17,09:00:00,23.7,23.7,22.3,48,12.0,3.2,ESE,99590,0.0,0.0
340,26.07.17,10:00:00,25.3,25.6,23.7,50,14.2,3.2,SE,99570,0.0,0.0
341,26.07.17,11:00:00,25.8,26.6,25.1,45,12.9,3.2,SE,99520,0.0,0.0
342,26.07.17,12:00:00,26.6,26.6,25.3,45,13.7,3.2,SE,99490,0.0,0.0
343,26.07.17,13:00:00,26.2,27.1,25.4,45,13.3,3.2,SE,99480,0.0,0.0
344,26.07.17,14:00:00,27.2,27.6,26.2,39,12.1,1.6,SE,99410,0.0,0.0
345,26.07.17,15:00:00,27.0,27.6,26.8,41,12.6,3.2,SE,99380,0.0,0.0
346,26.07.17,16:00:00,25.2,27.0,25.2,42,11.4,3.2,SE,99400,0.0,0.0
347,26.07.17,17:00:00,22.1,25.2,22.1,59,13.7,1.6,SE,99410,0.0,0.0
348,26.07.17,18:00:00,20.7,22.1,20.4,62,13.1,0.0,E,99460,0.0,0.0
349,26.07.17,19:00:00,17.8,20.8,17.7,67,11.6,4.8,NW,99710,0.0,0.0
350,26.07.17,20:00:00,15.3,17.7,15.2,87,13.1,3.2,NW,99810,3.6,11.0
351,26.07.17,21:00:00,15.3,15.4,15.1,88,13.4,0.0,SSE,99800,7.4,13.0
352,26.07.17,22:00:00,15.1,15.3,15.1,89,13.3,0.0,E,99730,3.2,14.0
353,26.07.17,23:00:00,15.0,15.1,14.9,89,13.2,0.0,NNW,99750,0.0,0.0
