,Wind speed.mean,Wind direction.mean,u10,v10
0,0.620833333,64.49722222,0.46176773,-2.1023803
1,0.725,167.2652778,1.9684187,1.2726923
2,3.127777778,90.94722222,1.5535513,0.9882312
3,7.358333333,49.52638889,3.6085923,-3.6675668
4,8.995833333,46.41666667,2.1024582,-5.819141
5,5.266666667,47.68055556,1.6744969,-6.1963167
6,3.522222222,52.10277778,1.0571921,-3.9150534
7,1.783333333,90.37222222,0.772746,-4.0282063
8,1.980555556,115.3138889,1.6481369,0.74111605
9,3.445833333,102.2847222,2.9390845,1.6279436
10,5.531944444,58.79861111,2.8453603,-2.3953881
11,6.9625,45.84722222,2.022517,-4.901656
12,1.358333333,199.5902778,0.14872198,-3.195075
13,0.077777778,152.6708333,-0.025115743,-0.96862346
14,1.056944444,166.4444444,0.03484018,1.5315129
15,1.497222222,168.4611111,0.41662848,2.8079648
16,0.361111111,198.9416667,1.5332214,1.61085
17,1.258333333,154.3708333,0.6693737,0.0962013
18,1.538888889,92.56111111,0.14458708,-1.6889734
19,2.441666667,85.98194444,-0.6551698,-3.9683785
20,4.259722222,65.06527778,2.1424289,-3.1517835
21,2.622222222,48.96111111,2.3378024,-3.345388
22,1.5,151.5902778,1.3707546,0.98432934
23,2.016666667,146.4611111,3.3269029,0.78459346
24,1.729166667,145.0055556,1.1838231,1.6195825
25,1.388888889,128.8763889,2.5917537,1.3174704
26,2.444444444,113.9555556,3.267464,2.8902745
27,3.913888889,55.01944444,3.4256234,-3.0666866
28,3.911111111,83.82222222,2.5533338,-4.3279033
29,4.213888889,105.4,4.456934,-2.8600762
30,1.886111111,134.7027778,4.1259704,1.076115
31,1.098611111,142.0930556,2.860177,1.0449005
32,2.081944444,199.5888889,2.514569,2.99711
33,2.868055556,173.5916667,2.7783406,3.5985475
34,2.318055556,186.3236111,0.7965216,2.595037
35,2.323611111,63.24444444,0.88473266,-4.2024875
36,0.383333333,121.2166667,0.50156605,-1.372183
37,0.411111111,294.1805556,-1.6337608,-1.0108002
38,0.670833333,114.3916667,-0.9003344,-0.80790573
39,0.908333333,69.99166667,1.8410985,-1.1756057
40,0.311111111,259.5847222,-0.55748296,-0.75346607
41,0.404166667,313.3291667,-1.9938408,-0.77631956
42,0.454166667,162.3138889,-2.0927336,-1.124882
43,2.011111111,57.95694444,-1.7829615,-2.2931976
44,0.195833333,49.89722222,-0.24598785,-1.635277
45,0.927777778,78.50694444,0.20747189,-0.7172349
46,3.8,52.50416667,0.082736,-2.06522
47,5.254166667,55.8,2.4758043,-2.4925623
48,3.065277778,42.01805556,1.5027266,-2.7270427
49,3.765277778,35.37361111,0.5649677,-3.8124914
50,2.998611111,59.94027778,1.6607139,-3.8424053
51,0.509722222,132.1388889,2.7445724,0.08263779
52,1.311111111,222.55,0.5377463,1.6870283
53,1.218055556,239.5458333,-0.81315714,2.1041512
54,1.354166667,178.9097222,-1.4249488,2.0214696
55,1.277777778,60.20555556,0.23124751,-0.7599691
56,0.247222222,17.30277778,1.6588187,0.042133212
57,1.147222222,57.85972222,-0.008576185,-1.270364
58,0.0,33.8875,-0.1677695,-1.1564682
59,0.066666667,225.8125,0.08084084,0.6456144
60,0.422222222,268.7444444,-1.5515798,-0.91455543
61,0.543055556,283.7847222,-1.7319645,0.08300936
62,1.444444444,224.9152778,-1.093813,1.4202181
63,1.127777778,231.0638889,-1.6544353,2.2351408
64,3.690277778,233.9625,-1.5767337,3.382275
65,2.4,242.1972222,-2.340827,3.8044147
66,1.920833333,216.9555556,-3.9460266,2.3999462
67,1.290277778,157.2972222,0.03552933,1.282354
68,3.847222222,50.95555556,1.2522211,-4.17183
69,1.751388889,42.83472222,0.3292789,-3.4226813
70,1.480555556,41.57638889,-0.30335945,-1.6248721
71,3.377777778,38.56527778,-0.46186364,-2.4234443
72,4.116666667,59.55555556,0.53430057,-1.9641445
73,1.488888889,55.73194444,0.63560545,-2.8292332
74,0.4125,106.1083333,0.17869994,-1.6484687
75,1.230555556,248.5666667,-2.5882313,1.4014524
76,1.334722222,123.7402778,-1.2979732,-0.8688484
77,0.788888889,197.9111111,0.23469326,-0.79304165
78,2.240277778,215.725,-0.24650471,1.0352389
79,1.458333333,239.6472222,-0.058539435,1.9664727
80,0.945833333,238.7944444,-0.46806598,1.5175778
81,3.847222222,211.1972222,-0.08972342,2.7362456
82,4.191666667,162.8208333,0.63560545,3.695907
83,5.497222222,71.34583333,2.4301484,-2.2450752
84,10.02777778,44.74027778,2.6394773,-3.8752923
85,8.445833333,45.56111111,2.4499614,-7.099309
86,3.863888889,60.44166667,1.876245,-3.2822156
87,2.004166667,77.65,-0.14933477,-2.9626384
88,1.836111111,107.4305556,2.9557965,0.6112412
89,2.744444444,67.97222222,2.7991874,-2.8756835
90,1.872222222,56.14722222,1.2258611,-2.180974
91,1.458333333,292.8444444,-2.0181334,-2.7233267
92,0.3,106.7694444,0.9615727,-0.80270326
93,0.441666667,225.8416667,0.6120021,0.8691329
94,0.218055556,245.6347222,0.4495353,1.891595
95,0.423611111,238.6041667,-0.4029414,0.8992326
96,0.138888889,239.525,0.22986922,1.670492
97,0.798611111,266.1930556,-1.1120753,0.8249123
98,0.334722222,235.2027778,-0.63983625,1.5850235
99,0.461111111,180.6777778,0.6698906,0.465016
100,1.125,77.6375,2.3004162,-0.36031145
101,0.879166667,21.11527778,0.57117003,-1.6460534
102,0.106944444,135.2208333,0.5770278,-0.83243144
103,0.6375,91.75833333,1.942748,-0.2900787
104,1.818055556,80.28194444,1.6346985,0.47096157
105,8.480555556,176.9902778,3.1658144,-4.829008
106,7.976388889,226.9291667,-2.1127188,-4.6998763
107,2.798611111,319.2569444,-2.4224913,-4.5597825
108,1.244444444,174.7513889,-0.67860085,-2.0815706
109,1.027777778,276.5180556,-0.8927538,-1.8472757
110,0.704166667,294.3069444,0.87353396,-0.6769161
111,0.801388889,132.4458333,-1.9001168,0.020951867
112,2.491666667,102.8944444,1.7945809,1.1090018
113,6.701388889,48.08888889,3.4199378,-3.344273
114,2.116666667,64.8375,0.69607824,-3.1278152
115,1.527777778,61.11666667,0.0532749,-3.2268472
116,2.073611111,140.5944444,2.0948775,1.2344173
117,1.693055556,119.8305556,3.715238,1.9376737
118,0.375,139.5583333,3.0991392,0.09341431
119,0.859722222,165.8888889,2.0893643,0.39905667
120,1.763888889,73.83611111,1.9842691,-1.2621888
121,1.461111111,78.75555556,0.97966284,-2.8262606
122,0.85,118.0972222,0.78256637,-0.49668926
123,0.802777778,177.9138889,1.3313009,1.7537307
124,1.493055556,139.8194444,1.7139506,2.106195
125,2.8625,133.4541667,3.0686445,3.8967576
126,3.913888889,124.9666667,3.4407847,-1.3892766
127,1.198611111,153.2208333,0.059649527,1.2267996
128,0.893055556,147.9277778,1.9268975,1.3042785
129,1.456944444,229.9847222,-0.3795104,1.6691915
130,1.436111111,223.5180556,0.19592865,2.4512272
131,2.655555556,191.7027778,2.0781658,4.0407534
132,1.280555556,151.1458333,1.323548,2.2784324
133,1.336111111,121.0944444,2.9685457,0.5493696
134,1.1625,127.6847222,2.2785356,-0.59795076
135,2.506944444,122.325,1.7401382,3.0926118
136,4.094444444,137.7305556,5.8534937,1.0725847
137,3.091666667,126.0,4.1175284,2.9798307
138,2.283333333,101.4125,2.3898332,0.45646918
139,3.786111111,114.9180556,-0.798685,2.2200909
140,5.088888889,57.95416667,2.8310604,-2.1369393
141,3.081944444,68.48888889,0.09841413,-4.455177
142,1.772222222,171.9597222,1.2637643,1.4986261
143,1.772222222,200.2625,-0.34918785,2.000846
144,1.868055556,60.86111111,0.3759687,-1.2164818
145,1.197222222,116.8222222,2.0395734,-1.0438728
146,2.054166667,147.8194444,0.6187213,3.5322165
147,1.619444444,123.6388889,2.504921,-2.61965
148,2.754166667,147.6791667,2.0933268,1.4726142
149,0.781944444,256.4138889,-1.2678229,-0.8630886
150,1.9875,171.6402778,0.71416837,1.6619452
151,1.9375,122.9777778,2.881024,2.7039165
152,2.791666667,161.475,3.3499894,0.54453874
153,7.001388889,63.4875,0.39664316,-4.958883
154,2.688888889,63.18333333,0.8802532,-1.4310818
155,2.398611111,150.4194444,-0.4113835,-2.9199042
156,2.441666667,63.19166667,0.8165069,-1.4009821
157,0.892537313,30.41791045,-1.5141935,-2.233184
158,1.322222222,63.47638889,-0.5499024,-1.980495
159,0.7,280.7277778,-1.7450583,-1.084749
160,0.569444444,232.7861111,-0.42137617,-1.7309644
161,0.680555556,109.2236111,-0.48770672,-1.2333897
162,0.448611111,191.9305556,-0.084037945,-1.2764955
163,0.963888889,245.0986111,-1.0309281,-1.7789011
164,0.515277778,73.26388889,0.96553534,-0.8721928
165,0.701388889,242.775,0.45746052,1.0736996
166,2.093055556,179.6944444,1.5421803,-0.030514896
167,6.033333333,165.4680556,-2.1935215,-4.2968745
168,4.061111111,67.54166667,3.0565844,-1.9221535
169,2.916666667,58.125,-0.25529134,-3.3548641
170,1.405555556,86.6625,1.2799593,-1.7045807
171,1.075,124.9097222,-0.95305425,-3.1246567
172,1.431944444,72.14166667,0.3788976,-1.8556368
173,1.352777778,48.06388889,-0.64672774,-2.293755
174,1.530555556,79.39166667,0.8566498,-1.5475789
175,2.304166667,238.7569444,-1.0462617,-3.0105748
176,0.276388889,242.9236111,1.2685883,-1.2815121
177,0.545833333,200.7513889,-0.13624094,-0.74491924
178,0.184848485,154.5712121,0.17266989,-0.2400983
179,0.659722222,255.8458333,-0.87914306,-1.0364407
180,1.359722222,65.50972222,0.82184786,-1.7623647
181,1.983333333,137.3958333,-1.1570423,-2.7012165
182,0.488888889,109.5902778,-2.1568244,-1.8729162
183,0.902777778,279.3013889,-1.6222175,-0.09870386
184,1.019444444,237.9805556,-1.668046,1.6913017
185,1.497222222,216.6333333,0.40370694,1.9800361
186,1.248611111,230.6458333,-1.5057515,1.8967975
187,2.441666667,221.5194444,-1.0915731,4.4259186
188,2.979166667,246.3375,-3.2758293,2.1364803
189,2.169444444,164.2291667,-4.152254,2.092074
190,0.595833333,162.3388889,-1.1422256,0.6497021
191,1.266666667,273.2958333,0.7058986,0.7058139
192,0.219444444,308.4166667,-1.1486002,-1.6298888
193,1.044444444,203.2888889,-0.13451807,-0.44856685
194,0.883333333,98.3,1.5485549,-0.6562922
195,0.501388889,263.3194444,-1.1175885,-1.1665014
196,1.348611111,77.94722222,1.2122505,-1.2904305
197,1.290277778,88.78055556,0.88835067,-1.4072993
198,0.666666667,74.55694444,0.3640809,-1.0622671
199,2.047222222,155.4722222,-0.8638095,-1.8221927
200,0.633333333,46.475,-0.19206198,-0.8537985
201,5.623611111,70.90138889,1.6838003,-1.887037
202,5.222222222,70.71111111,2.1891186,-2.8847878
203,4.266666667,81.24305556,1.9630778,-2.2045708
204,3.422222222,67.05972222,1.8517803,-1.1713322
205,2.552777778,73.87777778,1.1760702,-2.4425817
206,1.708333333,68.10138889,0.81478405,-1.2127658
207,1.833333333,64.02222222,0.4555654,-1.8933544
208,3.447222222,74.28194444,0.045177415,-1.9344163
209,2.840277778,86.94722222,-1.6735592,-3.608482
210,0.084722222,81.51111111,0.120639175,-1.8325975
211,0.548611111,214.2888889,-1.3792927,-0.8255568
212,1.227777778,147.3444444,1.4701643,-0.05113882
213,1.741666667,213.6597222,0.37303984,-3.3110151
214,0.709722222,55.99166667,-0.8460639,-1.8049132
215,1.205555556,293.5916667,-2.9534802,-1.5994174
216,1.072222222,201.6027778,0.68074465,-1.6018329
217,2.125,63.55,0.12615237,-3.465044
218,1.023611111,150.6458333,0.021057203,-1.6999357
219,1.779166667,285.4125,-2.3892398,-1.7720264
220,0.172222222,176.3125,1.9181108,1.2920157
221,0.655555556,223.0194444,0.73398143,1.2171379
222,0.236111111,212.8138889,0.7470752,1.8388275
223,0.713888889,268.1555556,0.19437808,2.3436484
224,1.309722222,243.7375,-1.2161368,1.7033788
225,2.695833333,267.2791667,-5.4369993,1.9787356
226,0.697222222,250.0972222,-1.4942082,2.2100577
227,1.348611111,252.5902778,0.07791196,3.0420737
228,0.129166667,200.4972222,0.7989336,1.7724966
229,0.472222222,180.3013889,1.4379466,1.7141551
230,0.204166667,209.3930556,1.1529837,1.6193968
231,1.361111111,184.6472222,0.4388535,2.7983031
232,0.652777778,124.3444444,2.2225423,-0.14199543
233,0.558333333,135.6416667,0.49829257,-1.9596853
234,0.866666667,100.9152778,2.7972922,0.41707933
235,1.204166667,200.2791667,1.0142926,-1.8305537
236,0.679166667,167.2055556,-0.07059954,-1.1501509
237,1.684722222,71.13472222,0.5882265,-2.370491
238,1.440277778,64.64722222,1.3369863,-1.84133
239,0.986111111,95.05138889,2.528352,-1.5451635
240,3.611111111,85.18611111,4.65472,-0.55781776
241,2.104166667,61.05972222,2.517498,-3.3069272
242,0.294444444,87.39305556,2.3839755,-0.43351698
243,0.525,134.2944444,2.7904007,1.526682
244,0.615277778,129.225,2.5028534,2.132207
245,0.805555556,85.54027778,4.2892985,2.0097642
246,0.469444444,65.95833333,-0.6773948,0.32975292
247,0.981944444,98.0375,0.654557,0.006459475
248,1.740277778,93.2875,-1.321232,-0.9106536
249,4.994444444,76.44305556,2.61105,-3.264007
250,3.963888889,77.5625,2.995767,-2.4659925
251,3.536111111,72.13888889,3.0236776,-3.6021647
252,3.990277778,74.14583333,3.3189776,-2.204385
253,2.213888889,69.20277778,2.7223473,-3.1138802
254,0.186111111,126.9222222,1.3294057,1.2702769
255,0.6375,230.9375,-0.58160317,2.8100085
256,0.027777778,221.7916667,-0.18120788,1.7262322
257,0.0125,218.7347222,-0.42930138,1.1916832
258,0.245833333,63.01527778,2.9175487,-0.4833116
259,0.194444444,120.9166667,1.5811172,-0.776877
260,0.097222222,137.4402778,1.3802304,-0.8268574
261,0.35,222.5097222,0.1993744,2.3146634
262,0.730555556,91.43888889,-1.107079,-0.79118365
263,2.154166667,224.8305556,-3.3929846,-0.81552356
264,2.884722222,103.3097222,-2.1785326,-4.876387
265,5.175,68.05555556,-1.7295525,-5.514799
266,4.840277778,64.47916667,-0.3872633,-6.4989862
267,3.852777778,65.125,2.1258893,-4.9834085
268,0.541666667,93.35,2.336941,-1.349701
269,0.379166667,86.75694444,2.8395026,0.54360974
270,0.465277778,74.45972222,1.426231,-0.030514896
271,0.119444444,90.79722222,0.357534,-0.4558131
272,0.088888889,132.1347222,-0.43791574,-1.0150737
273,0.556944444,292.2291667,-1.5751832,-0.43983424
274,0.147222222,291.8986111,-1.5526136,-0.5076515
275,0.890277778,249.9930556,-1.8570448,-0.21259975
276,0.125,142.3458333,0.97793996,0.20879662
277,0.169444444,200.1125,-1.0752059,2.3575835
278,0.1875,199.5236111,-0.6479337,1.5844661
279,0.569444444,141.8222222,2.9678564,2.568839
280,0.319444444,140.2833333,1.8717656,1.8538774
281,0.447222222,148.2902778,3.517108,1.9657296
282,0.65,161.7833333,2.7688649,1.8614954
283,0.740277778,93.0125,3.6199634,-0.76851594
284,0.443055556,119.6680556,2.341076,0.5027336
285,1.440277778,59.56111111,2.6749685,-3.075791
286,2.4375,72.18472222,2.1531105,-1.1349152
287,1.630555556,68.71944444,2.3074799,-1.9773364
288,0.591666667,73.79444444,1.8889943,-0.18324322
289,0.7625,68.78888889,1.9630778,-1.2735226
290,0.030555556,112.2833333,0.87904716,1.2676758
291,0.172222222,220.3819444,-1.4426943,0.7035843
292,0.011111111,161.1194444,-0.23944093,1.0369111
293,0.133333333,270.5611111,-0.82177144,0.9111239
294,1.133333333,236.9680556,-1.9612786,1.5850235
295,0.438888889,159.3236111,0.54532695,3.4660716
296,0.190277778,120.8027778,-1.0929514,0.61514306
297,1.193055556,107.1638889,0.12908125,-0.08346814
298,3.577777778,82.34305556,2.736475,-0.06953311
299,3.255555556,81.15,4.113738,-1.247139
300,1.993055556,74.86944444,2.701156,-1.1670588
301,0.704166667,47.56805556,1.4215794,-1.5576122
302,1.911111111,75.03333333,1.9999472,-1.3071526
303,0.886111111,200.2180556,-0.84554714,-2.5808177
304,0.0,215.875,1.100953,0.04603505
305,0.052777778,155.5833333,-0.5881501,-1.2475106
306,0.904166667,66.15,0.52327424,-1.07453
307,1.056944444,238.0152778,0.07791196,-3.5285878
308,0.579166667,176.1652778,0.5766832,-0.75885427
309,0.775,165.875,-0.18017416,-2.6670291
310,0.119444444,237.4875,-0.7457928,0.24818635
311,0.188888889,210.2375,-0.5569661,-0.71630585
312,0.041666667,211.9555556,-0.061123744,0.7186341
313,0.25,164.9027778,1.7280781,2.3098326
314,0.236111111,124.3166667,1.769944,0.7786478
315,0.348611111,117.2597222,2.76473,1.8518337
316,0.711111111,103.7680556,1.7018905,0.48210967
317,1.266666667,59.98611111,2.261996,-2.1789303
318,0.415277778,57.48611111,0.30309126,-1.982353
319,0.1,45.4875,0.27259642,-1.2922885
320,0.084722222,67.62083333,-1.026621,-0.8718212
321,0.1625,265.95,-2.0117586,0.113666534
322,0.543055556,282.2402778,-1.6556413,0.9711375
323,0.644444444,271.3736111,-2.4664245,0.68611896
324,0.343055556,226.1819444,-1.7052599,0.48526824
325,0.563888889,257.1472222,-2.871127,1.7342216
326,0.015277778,239.5069444,-1.6733868,1.3165413
327,0.065277778,63.1,0.89817107,-0.142367
328,0.226388889,65.01805556,2.5591915,-0.5873601
329,0.458333333,62.33055556,2.0793717,-0.9743833
330,0.198611111,114.6638889,0.039147362,0.8581706
331,0.197222222,132.0944444,-0.14433844,0.5720372
332,0.086111111,132.6222222,-0.848476,0.558288
333,0.741666667,155.9486111,-0.88689595,-0.89931977
334,1.511111111,76.60277778,1.9611826,-2.0752535
335,0.505555556,64.20694444,0.43988723,-1.6928751
336,0.047222222,94.38611111,-0.17224897,-1.1443911
337,0.151388889,281.0958333,-0.9509868,-0.1098519
338,0.063888889,228.6,-0.98820084,0.79536986
339,0.425,252.0305556,-0.42826766,1.1940986
340,0.0625,121.0069444,-0.10230039,-0.5840157
341,0.225,66.525,1.3330237,-0.6362257
342,0.283333333,107.8361111,1.1355827,0.15249896
343,0.040277778,285.1402778,1.2837496,-0.3642133
344,0.080555556,270.5930556,-0.19809203,-0.3329987
345,0.895833333,188.3444444,-2.6523223,0.28961992
346,0.290277778,132.6416667,-0.23565061,0.48935592
347,0.384722222,227.5569444,-0.71340287,-1.5070744
348,1.452777778,70.525,1.5187492,-1.2332039
349,0.448611111,287.8861111,-0.23289402,-3.2536025
350,0.343055556,192.5736111,0.3871674,-1.3530455
351,0.369444444,278.1236111,-1.9709266,-0.47216356
352,0.120833333,280.5625,-1.1486002,-0.995193
353,0.184722222,294.0680556,-1.748504,-0.30327058
354,0.070833333,262.7611111,1.393841,0.0252254
355,0.077777778,120.9666667,2.0402625,0.3067137
356,1.222222222,69.83611111,1.8398925,-3.582656
357,1.433333333,78.00555556,0.43592465,-3.574852
358,0.147222222,71.28333333,0.14820512,-1.4773462
359,0.158333333,279.2388889,-1.8184527,-0.1308474
360,0.020833333,267.1166667,0.5096635,0.9289607
361,0.083333333,208.0486111,-1.4201248,1.6998485
362,0.052777778,210.6916667,-0.53904825,1.6063906
363,0.041666667,190.1847222,-0.09851007,0.8576132
364,0.888888889,91.32638889,1.3154504,-1.0147021
365,0.802777778,102.1708333,-0.76543355,-3.1960044
366,0.643055556,83.33472222,0.68074465,-1.825537
367,0.523611111,264.7291667,-1.4435558,-1.6759673
368,0.854166667,97.54583333,-1.3892853,-1.7077394
369,1.166666667,84.42222222,-0.6429374,-3.0665011
370,0.045833333,81.51388889,0.3067093,-0.304757
371,0.05,178.8,0.85544384,0.9350922
372,0.058333333,200.5402778,0.4605617,-0.80270326
373,0.058333333,186.1583333,-0.22445197,1.7884756
374,0.6,114.9777778,0.9638125,1.5283543
375,1.3,145.0555556,0.68729156,-0.4639883
376,0.443055556,94.62777778,2.4718418,-0.9875752
377,0.405555556,270.2416667,-1.5899999,-1.9975886
378,0.008333333,107.5402778,0.48709393,-1.3127267
379,0.206944444,263.6125,0.29757807,-0.41289312
380,0.302777778,172.9666667,-0.31283528,-1.7467575
381,1.072222222,68.03194444,1.1622872,-1.1364017
382,0.727777778,66.35833333,1.8423045,-0.6865778
383,0.883333333,73.7875,2.4654672,-0.7716746
384,0.008333333,72.06666667,1.1738304,0.6924362
385,0.055555556,194.0541667,0.95537037,-0.96973825
386,0.084722222,209.2708333,0.5355066,0.716962
387,0.134722222,110.2166667,1.6808715,-1.7497303
388,2.038888889,75.42222222,2.9604483,-0.7538377
389,1.734722222,183.2916667,2.224782,-2.9379268
390,0.575,107.8625,1.0878592,-1.638993
391,0.204166667,272.4513889,-1.425638,-2.0845435
392,0.790277778,228.7333333,1.308559,-1.0308667
393,0.525,233.2180556,-0.421893,-2.4240017
394,0.234722222,252.5013889,2.0912595,-0.17766923
395,0.734722222,99.10138889,1.4164107,-1.6709507
396,0.001388889,149.3916667,0.2918926,1.0527042
397,0.626388889,200.4416667,-0.2344446,-0.67059886
398,0.072222222,144.4694444,0.2140188,1.0543762
399,0.050909091,252.0927273,-0.16759722,0.7712158
400,0.072222222,144.4694444,0.4648689,0.8193382
401,0.043548387,199.5403226,-0.6798068,1.6329602
402,0.011111111,186.0847222,0.8664702,1.4583074
403,0.077777778,114.0597222,0.89989394,1.2907151
404,0.745833333,64.43472222,0.8940362,-2.1200314
405,1.027777778,66.51666667,0.36373633,-2.236157
406,0.955555556,66.38888889,1.1908869,-1.1033291
407,2.191666667,67.40138889,1.9975352,-2.6203933
408,0.116666667,113.1597222,-0.4001848,-1.4550501
409,0.261111111,259.1361111,-0.9861334,-2.5198748
410,0.043055556,241.675,1.027214,0.43342984
411,0.075,135.4888889,0.19058776,-0.75885427
412,0.330555556,128.3305556,-0.71753776,1.5590113
413,0.148611111,122.4958333,0.08084084,-0.6640959
414,0.033333333,105.0430556,0.2462365,0.81543636
415,0.201388889,218.7513889,0.06619644,1.1123463
416,0.402777778,239.6236111,-0.8228052,-0.9050796
417,0.206944444,220.3097222,-3.9263856,1.9324712
418,0.409722222,143.9847222,-0.6777394,0.7875663
419,0.897222222,84.89861111,0.701936,-1.6363918
420,0.9,78.94027778,1.8393756,-0.16763598
421,1.083333333,70.06666667,2.0864356,-1.409529
422,0.929166667,70.66666667,1.801817,-0.45748532
423,1.283333333,65.475,1.5745703,-2.0341914
424,2.588888889,67.90277778,1.4138263,-2.6244807
425,0.829166667,65.24861111,1.3593837,-1.4478039
426,0.166666667,127.8486111,0.32083684,-1.1102037
427,0.523611111,222.1736111,-1.7354102,-0.3642133
428,1.315277778,65.72638889,1.1042265,-1.6163253
429,2.298611111,72.41527778,2.7526698,-2.406908
430,1.486111111,76.00555556,2.166549,-1.9949875
431,1.606944444,76.60277778,2.1420841,-2.587878
432,0.020833333,91.88333333,1.9894377,-0.18565863
433,0.075,170.1888889,0.29499376,1.2676758
434,0.018055556,183.2125,0.45022446,1.778814
435,0.068055556,141.7666667,1.380575,0.5008756
436,0.027777778,131.7375,0.85733896,1.1953992
437,0.219444444,89.05972222,3.7509015,0.8962598
438,0.541666667,166.7138889,1.3524922,-0.5033781
439,0.725,289.0472222,-2.2324586,-2.9081988
440,0.080555556,66.78055556,0.20747189,-0.6544342
441,0.145833333,276.3263889,-1.3069321,-0.04482156
442,0.097222222,282.2319444,0.30877674,1.5701596
443,0.143055556,262.0013889,-0.7366616,1.192798
444,0.868055556,144.2277778,0.082391426,-1.2764955
445,0.276388889,254.4847222,-0.6110643,-1.5143206
446,0.036111111,277.4347222,-0.1796573,-0.10966611
447,0.026388889,248.8083333,-0.405698,0.1508267
448,2.030555556,116.7055556,-0.08041991,0.7526357
449,2.738888889,76.25972222,1.1733136,-3.695437
450,2.5125,72.69305556,1.9346504,-2.9553921
451,1.119444444,66.30972222,2.887743,-2.1947234
452,0.116666667,74.95972222,0.20661046,-0.91697085
453,0.181944444,225.2930556,-0.72959787,-1.1306418
454,0.158333333,231.3694444,0.7579293,0.45609748
455,1.116666667,61.48472222,2.3259146,-1.6302603
456,0.093055556,59.88194444,1.8795185,-0.79898727
457,0.094444444,223.7263889,0.056203783,0.263422
458,0.080555556,227.3555556,0.6504221,1.9426903
459,0.202777778,229.0305556,-0.01719053,1.5790778
460,0.098611111,266.3236111,0.22849092,1.5677441
461,0.084722222,307.7222222,-0.23513375,0.13354719
462,0.058333333,291.3319444,-0.06491406,-1.0457308
463,0.209722222,283.6708333,-1.6985408,0.33978617
464,0.948611111,234.2736111,-1.0307558,1.8969833
465,3.770833333,83.71944444,-0.5561047,-4.2340736
466,1.591666667,69.66944444,1.2661763,-3.0055585
467,0.577777778,121.4972222,-0.84813136,-1.9570841
468,0.406944444,109.3513889,-0.49253076,-1.4661982
469,0.418055556,252.9305556,-2.308954,-1.7162862
470,0.083333333,111.5347222,-0.6725708,-1.812531
471,0.495833333,253.025,-2.385105,-0.93908113
472,0.454166667,83.73055556,0.756551,-1.0708139
473,0.234722222,157.9180556,-1.4473461,0.3095007
474,0.131944444,164.0583333,0.061027825,-1.0529771
475,0.347222222,301.0319444,-2.0980744,-0.6299085
476,0.151388889,249.9833333,-0.5781574,1.2531832
477,0.459722222,286.6805556,-1.8823711,-0.75086486
478,0.020833333,277.7013889,-0.29595113,-0.6100278
479,0.305555556,294.3666667,-1.7543617,0.36449766
480,0.025,294.3875,-0.60606796,0.9653777
481,0.1,328.3138889,-1.2828119,-0.24511492
482,0.398611111,244.0013889,-0.2492613,-1.1022143
483,0.204166667,302.9416667,-1.6091237,-1.5068886
484,0.119444444,255.3777778,0.26570493,-1.7586488
485,0.451388889,289.2708333,-1.0043958,-1.8121593
486,0.098611111,307.3152778,1.2584234,-0.7761338
487,0.3125,226.3694444,-1.6484052,0.85464036
488,0.013888889,227.7805556,-0.99044055,0.7749318
489,2.361111111,192.1208333,-0.2721755,-1.3504442
490,5.047222222,71.80694444,1.8286939,-3.4299273
491,0.913888889,79.90694444,2.4832127,-1.9838394
492,0.226388889,123.5236111,0.9469283,-0.5767695
493,0.3125,238.9222222,-1.7588413,-0.5685942
494,0.072222222,195.075,0.5484281,-0.53515005
495,0.3,302.3125,-1.7621148,-0.2690832
496,0.6125,202.5875,-1.4642303,-1.5321574
497,1.043055556,185.1666667,-1.5901722,-2.143814
498,1.026388889,98.32361111,0.9231527,-0.5479703
499,0.211111111,138.25,-0.58332604,-0.64700216
500,0.088888889,97.22916667,0.08256371,-0.27038383
501,0.345833333,287.7097222,-1.8206924,0.021880984
502,0.025,184.0111111,0.40181178,0.8800951
503,0.25,115.0819444,3.2018225,-0.59293413
504,0.183333333,120.6958333,1.3028735,-0.53775126
505,0.425,305.8,-2.716241,-0.013792813
506,0.193055556,245.9458333,-1.2692012,-1.2272582
507,0.465277778,265.1263889,-2.1940384,-0.51675576
508,0.870833333,63.81388889,0.14165822,-1.898371
509,0.775,98.84722222,-0.3040486,-2.803407
510,1.270833333,65.00833333,1.1385115,-1.5966303
511,1.055555556,63.41527778,0.69556135,-3.1068196
512,0.905555556,62.87916667,1.800611,-0.83410364
513,0.852777778,286.4125,-1.4780133,-3.6696105
514,0.072222222,284.3180556,-0.5195798,-1.8682712
515,0.108333333,192.4888889,-0.54559517,0.17033577
516,0.0875,137.9902778,1.0020602,1.4677833
517,0.206944444,103.1666667,1.0690799,-0.20033687
518,0.052777778,107.6833333,1.1324816,0.3977561
519,0.459722222,298.6291667,-1.2502496,-1.2174108
520,0.291666667,242.4111111,-1.398072,-2.3411345
521,0.0,139.3125,0.7629256,-0.9985374
522,0.027777778,53.82361111,-0.7992018,-1.0251069
523,0.313888889,210.3097222,-0.9279004,-1.7530746
524,0.519444444,86.11388889,-0.2921608,-3.0826654
525,0.495833333,89.78194444,-0.8581241,-2.1140857
526,0.083333333,47.28888889,0.4192128,-0.16299093
527,0.351388889,233.8625,-1.8703111,0.7334982
528,0.090277778,225.2055556,-1.372229,1.28607
529,0.075,192.925,-1.1946009,1.4785596
530,0.002777778,199.1944444,-0.1274543,1.536158
531,0.030555556,268.5972222,-0.6110643,0.8711767
532,1.615277778,69.17777778,-1.1582483,-2.924549
533,0.2,86.275,1.4953182,-1.4940683
534,0.022222222,160.5222222,0.45263648,1.2061757
535,0.036111111,261.1388889,-0.12538685,0.8579848
536,0.252777778,220.8680556,0.41163215,-0.36830086
537,0.809722222,69.06527778,2.014764,-1.5804658
538,0.041666667,90.85416667,1.7997496,0.41838002
539,0.0625,199.3458333,0.5415366,2.3449492
540,0.059722222,186.4513889,0.014682591,1.8889939
541,0.880555556,74.63888889,3.0004187,-1.0587369
542,0.094444444,88.73472222,0.5086298,-0.68118954
543,0.188888889,209.9861111,-1.0962249,2.431161
544,0.4125,171.35,1.0682185,2.4462104
545,1.304166667,153.8333333,5.6855135,0.5439813
546,0.159722222,312.0472222,-1.6175658,-1.1412325
547,0.216666667,219.2875,-1.7266235,2.6983423
548,0.115277778,196.25,0.22366688,1.704122
549,1.443055556,97.54305556,0.634744,2.7722912
550,4.384722222,70.71527778,1.2697943,-2.1603503
551,1.840277778,56.02777778,2.1460469,-3.6069956
552,0.597222222,78.125,0.40749726,-2.914516
553,0.258333333,83.20555556,-0.21652676,-1.5849249
554,0.016666667,108.8777778,0.9135046,1.211564
555,0.118055556,129.4236111,1.2844387,2.0422797
556,2.140277778,65.35277778,3.0369437,-1.4375849
557,1.030555556,78.84861111,1.4534525,-2.85283
558,0.075,98.44166667,-1.1746156,0.35093427
559,0.606944444,152.0805556,-3.1512659,-2.4037495
560,0.161111111,64.12083333,-1.4035852,-1.1479213
561,0.272222222,225.1958333,-1.6806229,1.8912233
562,0.034722222,211.4138889,0.13390529,1.7882897
563,0.272222222,103.7736111,2.0998738,2.6962986
564,0.056944444,81.49722222,1.3397429,-0.97902834
565,0.675,293.4097222,-2.9117866,-0.5448117
566,0.055555556,302.1527778,1.3064915,0.07446253
567,0.247222222,288.0875,-1.7726243,1.7178713
568,0.016666667,299.5291667,0.046727985,1.7409104
569,0.05,208.7125,0.13666189,1.8228487
570,0.001388889,226.3263889,0.8917964,1.5785207
571,0.015277778,94.59583333,0.77377975,1.8297232
572,0.0125,105.4375,0.7382886,1.6842412
573,0.084722222,269.2319444,-0.35366732,0.9191133
574,0.041666667,269.8013889,1.3094203,0.37007177
575,0.061111111,93.11111111,0.02433066,1.169387
576,0.023611111,96.0875,0.5415366,1.1814641
577,0.445833333,60.97777778,1.003783,-0.88334084
578,0.025,77.00833333,1.0006819,-0.24567229
579,0.023611111,290.7194444,-0.8529554,-0.29806817
580,0.015277778,278.3388889,0.7360489,0.597492
581,0.154166667,87.96805556,2.762318,1.072399
582,0.019444444,92.54166667,1.0380682,1.4218904
583,0.055555556,102.3,0.8507921,1.9077598
584,0.002777778,84.93333333,0.6786772,1.7528018
585,0.058333333,172.0597222,0.2047153,1.7596763
586,0.025,149.7083333,1.5554464,1.5042001
587,0.054166667,117.5444444,0.7072769,2.2158175
588,0.031944444,128.7888889,1.1276575,1.3490566
589,0.040277778,263.9291667,-0.913945,0.8310437
590,0.004166667,275.2083333,-1.8122503,1.7449981
591,0.033333333,309.1319444,-1.0491905,0.23462296
592,0.0,314.975,0.091694936,0.13224661
593,0.038888889,254.075,0.039491937,-0.25291854
594,0.094444444,247.2833333,0.46090627,-0.2218898
595,0.306944444,57.0375,0.26725554,-1.5436771
596,0.141666667,36.24305556,1.3056301,-1.0524197
597,0.008333333,227.7416667,-0.75078917,0.2255187
598,0.127777778,212.6833333,0.1766325,1.4324812
599,0.120833333,145.4930556,0.79221445,0.054767728
600,0.326388889,144.0694444,1.6786317,-0.30252737
601,0.197222222,264.4791667,0.057926655,-1.345056
602,0.275,94.16944444,0.20505987,-1.9254979
603,0.288888889,113.6222222,-0.8968887,-2.385541
604,0.165277778,113.7847222,-0.5399097,-1.2711072
605,0.419444444,265.7194444,-1.1351619,-1.7880054
606,0.420833333,324.8736111,-1.2197548,-1.1596267
607,0.202777778,328.7555556,-2.4309332,-0.7960145
608,0.041666667,259.0722222,-0.9656312,-0.79508543
609,0.055555556,210.8083333,-2.8733666,1.5892969
610,0.156944444,235.0930556,-1.5328006,1.5696021
611,0.011111111,250.3930556,-0.9237655,1.9915558
612,0.1625,233.9611111,-0.6353568,1.8280512
613,0.251388889,234.8902778,-1.8825434,3.3605366
614,0.141666667,165.4597222,-1.5543364,2.821714
615,0.8875,77.13888889,4.120285,-0.06414485
616,0.322222222,179.6041667,0.36235803,2.9402552
617,0.8125,162.3888889,-0.064741775,5.076779
618,0.055555556,126.7791667,0.7975553,-0.9082382
619,0.020833333,299.7541667,-0.6922115,-0.515641
620,0.133333333,284.4847222,0.83563083,-0.39096856
621,0.0125,79.01388889,0.013132006,0.08523905
622,0.069444444,118.3541667,-1.757463,-0.36885828
623,0.298611111,269.4513889,-1.317614,0.26769543
624,0.430555556,228.9347222,-2.0500064,0.99696386
625,0.294444444,71.25277778,1.2742738,0.96184754
626,1.6,86.88888889,-1.738856,-1.0193471
627,1.647222222,80.57916667,2.2986932,-2.075811
628,0.073611111,167.1597222,0.70538175,0.23462296
629,0.156944444,249.3555556,-2.1256404,1.1647421
630,0.005555556,241.7819444,-2.291553,-0.36124045
631,0.640277778,195.25,-3.6934533,0.17758203
632,1.2375,251.7638889,-3.3311336,3.196846
633,1.852777778,144.0097222,-3.6328084,3.0062141
634,0.904166667,111.0347222,0.7568956,-3.2301917
635,0.079166667,315.5472222,-1.1978743,-0.81923956
636,0.363888889,246.7375,-0.38709098,0.45535433
637,0.307462687,252.7835821,-2.0811903,2.3700323
638,2.777272727,69.58181818,-2.983286,2.9976673
639,0.790277778,76.67222222,-0.31180155,1.0824322
640,0.206944444,115.7708333,-2.4783123,1.3890036
641,0.969444444,241.9,-4.097467,1.7182428
642,0.611111111,188.1486111,-3.646936,2.467206
643,0.204166667,140.3944444,3.413908,1.5168346
644,0.047222222,203.1180556,-1.872723,1.0716559
645,0.152777778,249.1333333,-1.7285187,1.070541
646,0.147222222,168.8388889,-2.5906434,-0.18324322
647,0.113888889,214.2166667,-3.9737647,1.3836154
648,0.134722222,188.6791667,0.9319393,1.7228879
649,0.015277778,263.3347222,-0.7931718,1.0828038
650,0.119444444,239.2958333,-0.8567458,1.4506897
651,0.416666667,282.9694444,-2.011414,1.1571242
652,0.398611111,259.9527778,-2.1911097,0.8473941
653,0.575,283.6152778,-2.7966988,0.7688004
654,0.216666667,299.2375,-2.3813145,0.8113488
655,0.3125,311.1777778,-2.8847375,-0.26239437
656,0.020833333,244.6430556,-2.1706073,-0.6423571
657,0.602777778,71.80277778,-2.0546582,0.20749605
658,0.286111111,72.23888889,-1.7002636,-0.8965327
659,0.002777778,231.9958333,-1.8024298,1.2071046
660,0.330555556,242.9722222,-0.27941155,0.82751346
661,0.404166667,230.9569444,-0.55145293,2.526105
662,0.027777778,215.8125,-1.5746663,1.6651038
663,0.011111111,149.7555556,1.6850064,2.4517846
664,0.072222222,90.33194444,1.0466825,0.5995358
665,0.194444444,135.9597222,2.8524241,0.97596836
666,2.704166667,60.46666667,1.448973,-1.5171076
667,1.677777778,68.80416667,2.329188,-3.3756738
668,0.359722222,111.5916667,-0.6257087,0.03841722
669,0.840277778,248.7402778,-2.5193167,1.6011883
670,1.1375,224.2083333,-1.2452533,1.5142335
671,3.220833333,70.1625,1.5749148,-3.9824991
672,0.705555556,65.8375,1.9153543,-0.3783341
673,0.7875,77.80555556,2.361061,-0.95022917
674,0.044444444,105.5305556,0.5678966,-0.9974226
675,0.9,290.0541667,-2.1413186,0.3925537
676,1.015277778,294.7097222,-3.128007,0.08951247
677,0.045833333,276.9013889,-0.92755574,0.8236116
678,0.893055556,206.8652778,-0.4150015,0.6918788
679,0.5,226.1319444,-0.5300893,1.4542197
680,0.527777778,152.425,-0.52940017,1.1706876
681,0.626388889,59.12916667,0.15475203,-0.7118467
682,0.120833333,121.2083333,1.1052601,0.50867915
683,0.85,221.8777778,0.51483214,1.9146343
684,0.186111111,221.6583333,0.27449158,2.6883092
685,0.973611111,213.4666667,-0.5505915,1.2009732
686,4.238888889,60.63055556,1.0320381,-2.7917016
687,4.869444444,47.48472222,1.8619453,-4.5449185
688,3.098611111,58.70277778,0.73174167,-2.1313653
689,0.047222222,295.8569444,-0.43481457,-0.61745983
690,0.088888889,138.6680556,-2.7537994,0.44030452
691,0.058333333,74.41527778,0.5408475,0.2727121
692,0.684722222,146.8569444,0.41714534,0.27085412
693,0.729166667,209.5388889,-0.7218449,1.8919667
694,2.851388889,85.61805556,-1.9223417,-1.6943617
695,0.427777778,125.6819444,3.6528702,-0.044449985
696,0.370833333,217.7777778,0.4753784,1.6768092
697,0.4875,197.4916667,0.42472598,1.7470418
698,1.565277778,147.2875,0.91643345,2.0012174
699,0.098611111,194.0263889,0.03432332,1.990441
700,0.351388889,214.3319444,0.46125084,2.0302024
701,0.268055556,241.1847222,-0.50803655,1.6496822
702,0.261111111,204.4,0.8866278,1.8518337
703,0.472222222,204.4472222,-0.088345125,1.3981079
704,0.4375,242.1152778,-0.46823823,1.7966508
705,0.143055556,209.3041667,-1.2853962,-0.042034566
706,0.420833333,215.6555556,-0.7461374,1.7728683
707,0.823611111,202.4791667,-0.35177213,1.968145
708,0.504166667,249.2777778,-0.5068306,2.580359
709,0.604166667,219.1597222,-2.2972383,2.1440983
710,0.320833333,232.7111111,4.2591486,2.5391111
711,3.104166667,213.925,-3.805957,0.09341431
712,8.247222222,73.2125,4.4829493,-3.3574653
713,10.27222222,55.28194444,5.4456897,-4.729976
714,7.594444444,59.80138889,4.594936,-3.760653
715,2.506944444,112.4444444,4.1895447,-4.947549
716,0.355555556,169.3763889,1.5070337,0.22124529
717,1.05,72.16527778,2.8806791,-0.942983
718,5.713888889,59.47222222,2.8892937,-2.2454472
719,1.688888889,91.09444444,2.5028534,-4.0309935
720,0.605555556,167.9361111,2.014764,-0.4156801
721,3.579166667,60.43611111,1.7649475,-2.5278645
722,4.948611111,61.52777778,2.3305664,-3.5137239
723,5.465277778,49.31527778,1.6078217,-6.050277
724,3.172222222,46.80138889,1.8643572,-3.6318932
725,2.045833333,47.82777778,0.13166556,-4.26696
726,0.6625,59.08611111,0.36511463,-1.8214494
727,0.144444444,315.9347222,0.27655903,-0.22690642
728,1.044444444,184.3069444,0.39457572,2.0170107
729,0.697222222,120.9208333,0.91643345,1.563099
730,2.275,73.30972222,2.3647437,-1.5798697
731,1.308333333,61.66111111,2.2703815,-1.733202
732,0.438888889,102.8708333,1.7536548,-0.27188557
733,0.345833333,168.1111111,1.5442456,1.5186989
734,0.819444444,248.2527778,0.30492887,1.8992329
735,1.013888889,246.7680556,-0.6274643,0.21863765
736,0.672222222,170.1041667,-0.4365729,-0.65405095
737,0.819444444,54.40985915,1.126018,0.34843403
738,5.420833333,62.01111111,3.40785,0.6630214
739,4.761111111,62.55416667,1.2696298,-7.7996106
740,1.291666667,65.43333333,0.71645844,-2.687683
741,0.091666667,178.0638889,-0.7190685,-0.81041247
742,0.455555556,204.7319444,0.45563266,1.8640459
743,0.440277778,261.7888889,-0.43420893,0.95383984
744,0.216666667,106.4305556,1.6925853,-0.37651497
745,0.063888889,182.3444444,1.613983,-0.5748215
746,0.795833333,213.9236111,0.48853138,1.554352
747,0.894444444,224.6375,-1.0533748,1.5366418
748,0.377777778,205.8333333,-0.65307415,2.1308625
749,0.219444444,17.04166667,0.8303236,0.8391903
750,0.440277778,21.35972222,1.5383357,-0.19848186
751,1.023611111,61.81944444,1.2580069,-2.5124464
752,0.391666667,136.9083333,0.8464774,-1.5425854
753,0.402777778,309.4722222,-0.45922774,-0.18869472
754,0.166666667,213.2222222,-1.0967144,-0.28074062
755,0.951388889,224.1472222,-0.3898843,0.5784324
756,2.105555556,216.3083333,-1.512381,1.0799077
757,0.7375,230.4375,-0.81500673,0.1109789
758,1.227777778,224.1819444,-0.29946208,0.45283037
759,0.790277778,234.125,-0.9485717,0.6821297
760,0.731944444,162.7619718,0.3258107,-0.006700099
761,0.951388889,200.3458333,0.21450666,-0.8215978
762,0.372222222,239.7291667,-1.2665269,0.6996067
763,0.343055556,253.5805556,-1.6368839,-0.2108323
764,0.095833333,136.1305556,0.11009753,-0.47112417
765,1.147222222,60.23472222,0.4924713,-0.7733611
766,0.65,48.85694444,0.57954454,-0.023711145
767,0.109722222,45.93333333,1.0326408,-1.7711854
768,0.088888889,78.30833333,0.15560412,-1.4584624
769,0.040277778,70.5,0.33349368,-0.6829463
770,0.255555556,151.5777778,0.7568431,-0.16049832
771,0.806944444,209.0944444,-0.51556927,1.4250216
772,0.394444444,216.7902778,-0.3321638,1.7848165
773,2.131944444,52.46527778,0.535614,-0.6598766
774,0.794444444,81.77638889,2.1582894,-1.5248752
775,0.381944444,149.1472222,0.83564246,0.4810267
776,0.040277778,101.0694444,-1.4755422,1.7603486
777,0.595833333,156.1111111,0.22021961,0.13521379
778,0.105555556,149.3861111,0.7814679,1.469763
779,0.095833333,237.2111111,-0.66292405,-0.12834054
780,0.004166667,17.80277778,-0.8390405,-0.5902013
781,0.3875,213.8291667,-0.18815799,-0.2348342
782,2.481944444,60.88194444,0.38924417,-1.7264441
783,1.301388889,103.2416667,1.5603994,-0.8926712
784,2.405555556,217.5873239,-0.4397249,1.5468953
785,3.15,176.2458333,1.1413839,3.8245075
786,1.765277778,156.1583333,1.2231382,1.0314381
787,0.7875,99.04027778,1.1250331,-0.25557363
788,0.995833333,97.41111111,0.9516746,0.31114966
789,1.168055556,194.4097222,2.3897626,0.94638294
790,1.493055556,178.3319444,2.2051752,2.5845673
791,3.634722222,119.9930556,6.0627966,1.7733979
792,1.693055556,122.7430556,3.4823153,0.5597901
793,1.920833333,141.5027778,3.2650263,2.9068446
794,0.738888889,114.1388889,3.2482815,2.995628
795,1.195833333,128.7916667,1.4656433,0.398768
796,1.202777778,149.3527778,5.559269,1.8421412
797,0.422222222,60.6375,2.1710944,-2.527127
798,0.622222222,195.4013889,0.9278377,1.9931431
799,10.45555556,52.83611111,4.7677293,-3.3403938
800,9.873611111,48.125,4.2984796,-5.7757654
801,13.26388889,42.9625,3.2384315,-7.735528
802,5.672222222,50.74861111,1.013335,-7.0853806
803,2.798611111,64.05138889,1.8503811,-2.7892833
804,4.423611111,74.12361111,3.432278,-1.0802585
805,3.368055556,73.06111111,2.5650911,-3.459704
806,1.334722222,265.2708333,0.4371148,-1.843657
807,0.858333333,279.0875,-2.2426538,0.44607264
808,0.527777778,254.7408451,-1.3652232,1.3814456
809,1.023611111,159.225,-0.53960305,1.8896787
810,1.7,199.0277778,2.0044336,3.6711752
811,5.363888889,119.5388889,4.0545955,4.9360495
812,3.230555556,189.3333333,1.0170779,3.004017
813,2.420833333,160.95,2.4732897,0.042002738
814,2.101388889,109.2569444,1.3149395,1.9549265
815,0.547222222,279.6694444,-1.7558709,-0.5188949
816,0.870833333,153.9611111,1.4195457,0.23285228
817,1.522222222,234.5416667,-3.2146437,2.4247103
818,0.316666667,209.0361111,0.53187096,2.995628
819,1.944444444,68.37638889,1.1673877,-1.4288678
820,1.244444444,57.26527778,2.2384677,-2.0235543
821,0.591666667,203.125,0.17609197,-1.1049594
822,0.630555556,239.7958333,-0.6172204,1.9073889
823,0.958333333,231.1555556,-1.0385998,1.7188697
824,0.883333333,208.0708333,0.10477856,2.2217433
825,1.580555556,159.3125,2.1468635,1.9048257
826,2.17761194,100.1671642,3.2532063,1.2409298
827,0.590277778,46.7625,0.5588598,-1.6607304
828,0.711111111,98.63472222,-1.8043325,-1.4738421
829,2.434722222,218.3236111,-3.1847,1.2896326
830,4.329166667,60.97638889,0.66208696,-4.8131285
831,2.552777778,58.31805556,1.6084671,-4.5402527
832,0.868055556,159.8263889,0.8746482,1.9663448
833,3.272222222,69.83943662,0.7607831,-0.5645683
834,1.198611111,73.48333333,2.2804284,-1.4405192
835,0.713888889,142.2472222,1.4788421,1.0726838
836,0.5125,182.0805556,1.1642357,2.9254868
837,1.236111111,158.6944444,1.9451373,2.3142552
838,5.043055556,72.25833333,6.2383223,1.1635647
839,1.044444444,100.4861111,1.4607183,-0.55827653
840,0.541666667,216.5888889,-1.3683751,2.0987046
841,1.2625,192.3444444,1.2999676,0.56794614
842,2.6125,175.5388889,1.9023886,4.316429
843,4.659722222,74.79027778,1.733758,-3.1169202
844,4.401388889,63.30138889,2.9679527,0.02545768
845,3.761111111,153.6083333,3.1186564,-2.8233054
846,7.029166667,132.1319444,-0.06562501,3.2512596
847,8.1125,51.80694444,5.096717,-6.8903365
848,1.6125,130.0236111,2.0438335,-0.07590932
849,1.965277778,202.05,-0.45981872,4.0486803
850,1.231944444,198.0333333,1.0535227,3.889755
851,1.405555556,228.2708333,-0.6564231,2.0348551
852,3.398611111,169.7361111,-2.8909755,2.2145193
853,3.0125,199.7486111,4.248245,1.023282
854,1.379166667,198.2888889,-2.697917,4.0563703
855,1.831944444,205.0013889,0.5596478,-1.4607927
856,5.870833333,58.48591549,0.8352485,-3.1425533
857,3.013888889,56.89444444,1.8830829,-4.374803
858,0.4125,100.7763889,1.6559436,-0.84093904
859,1.568055556,240.4541667,0.44006976,0.6336599
860,1.305555556,258.0194444,-1.1723617,2.0120184
861,0.833333333,201.6013889,-2.3939486,1.4466932
862,2.4625,67.34166667,1.5117408,-1.5726459
863,1.801388889,51.90138889,0.32994768,-3.325713
864,3.893055556,65.70138889,1.6734765,-2.1904023
865,1.540277778,169.2472222,0.3159608,-3.9553537
866,0.351388889,248.6152778,1.137444,0.06367427
867,0.801388889,229.7861111,-1.1140503,-0.18543231
868,2.083333333,65.96111111,1.0509617,-1.0704713
869,1.975,81.60277778,0.9784663,-3.4217203
870,2.179166667,138.9916667,1.3291234,1.8712697
871,1.144444444,56.15694444,2.7323427,1.9022622
872,1.022222222,186.4847222,0.42056695,1.907855
873,1.163888889,153.5916667,1.3409433,1.0237482
874,1.938888889,86.54027778,2.451226,-0.19521946
875,3.681944444,187.3263889,-0.027013332,-4.750444
876,1.3875,107.9361111,1.5867972,-1.1492347
877,2.6125,200.2777778,-1.3995008,-2.2838464
878,4.256944444,231.9194444,-0.92828083,-3.773592
879,1.941666667,300.1166667,-2.08801,-3.2401917
880,1.677777778,298.8887324,-1.9865559,0.45352954
881,1.4375,257.8055556,-3.311961,2.27767
882,0.797222222,165.9486111,1.1065153,1.4369061
883,2.229166667,25.93888889,1.8216193,-1.944325
884,0.590277778,78.25416667,1.3974818,-0.022778988
885,0.648611111,263.375,-1.8555521,-0.75565094
886,0.679166667,283.8375,0.47907546,2.1450772
887,1.019444444,221.8263889,-1.9105146,1.0162914
888,0.725,228.2055556,0.12506938,2.2552993
889,0.583333333,244.8458333,-0.9174459,0.97947294
890,0.769444444,129.9375,1.5686734,0.7042672
891,7.330555556,78.525,4.0055428,-1.6952184
892,4.520833333,49.98611111,-0.76024127,-4.4281664
893,2.984848485,89.53939394,-0.72714555,-3.5920634
894,3.722222222,81.22777778,-1.4337785,-3.7123058
895,2.981944444,202.3708333,0.9536445,-4.532796
896,4.758333333,227.2777778,-1.8029535,-2.8358889
897,4.711111111,301.2694444,-3.5140812,-3.4091368
898,4.552777778,310.2194444,-4.2234726,-0.86424184
899,5.223611111,305.9013889,-5.978531,0.9540729
900,5.369444444,303.7486111,-4.622394,-1.0653447
901,5.605555556,292.3611111,-6.6715713,0.40226346
902,4.804166667,292.175,-4.652929,0.001688898
903,2.2125,219.05,-5.4206314,0.5940452
904,0.565277778,61.06197183,-0.782305,-0.73537755
905,0.422222222,187.2458333,-0.4623797,-0.48673704
906,0.0,149.662963,1.8021164,-0.009729445
907,,,2.2729425,-2.7394154
908,10.91666667,49.55,1.8275292,-3.0050669
909,5.063888889,50.56111111,1.9224825,-4.399504
910,1.742424242,174.3454545,-1.0955324,-2.812353
911,2.695833333,148.4763889,-2.9900656,-2.4148078
912,1.444444444,82.72916667,-0.5857007,-2.8235383
913,2.326388889,273.525,-3.886408,-2.264971
914,1.0125,215.5527778,-0.6587871,1.915545
915,1.619444444,251.1319444,-2.8724575,1.1034436
916,0.477777778,180.8986111,0.12408441,-0.06961757
917,1.730555556,232.2361111,0.2322365,-0.8267244
918,2.920833333,133.9361111,0.38707718,-2.7086556
919,4.018055556,149.8861111,-1.8023624,-4.206324
920,2.416666667,72.07361111,-0.63613224,-3.140922
921,2.461111111,297.2416667,-2.6417725,-2.0016499
922,2.570833333,202.2791667,-2.3850837,0.16807061
923,3.965277778,273.8138889,-5.485247,1.1787114
924,1.180701754,279.7666667,-3.186473,1.3401997
925,,,-4.2380505,0.8009737
926,0.508333333,265.3983333,-1.7330191,1.5650713
927,1.772222222,266.8638889,-3.4937904,0.12496048
928,0.298611111,126.6680556,0.35240552,-0.13300109
929,0.7875,252.7888889,-1.2438722,-0.2909938
930,2.141666667,51.10138889,2.0241337,-0.17378092
931,2.509722222,64.99722222,-0.35974357,-3.8784544
932,0.927777778,32.02816901,0.54172087,-1.8916607
933,1.6125,208.5111111,-0.54157305,-2.2808168
934,0.811111111,240.8569444,-1.4538724,1.2947593
935,1.227777778,231.8958333,-1.7578409,2.4806368
936,2.769444444,159.1069444,0.4315988,1.9041266
937,4.079166667,118.1861111,5.414672,1.9644806
938,4.143055556,74.83888889,3.400167,0.9591995
939,3.319444444,53.68888889,3.4277468,-3.410069
940,2.011111111,81.78472222,1.3224255,-2.906496
941,1.380555556,93.875,1.2339731,-1.1243007
942,1.023611111,166.9625,1.1754646,1.3562787
943,1.348611111,237.6055556,-0.25297046,2.151136
944,0.472222222,102.6708333,2.6245847,0.423935
945,1.133333333,79.95,3.045964,-0.15117723
946,0.297222222,250.1819444,1.5332137,0.94079036
947,0.994444444,105.4041667,1.7371069,0.21444315
948,0.197222222,88.35972222,1.5172569,-1.1152127
949,3.159722222,211.6583333,1.4510654,-1.3174806
950,1.277777778,293.0361111,-0.9820614,-1.74998
951,3.320833333,306.1263889,-2.9660318,-2.483551
952,1.843055556,266.9111111,-3.325554,-2.4045546
953,2.131944444,256.3722222,-4.8528824,-0.8001592
954,0.677777778,259.5486111,-1.8537791,0.13148528
955,1.345833333,281.6416667,-3.665376,0.042468727
956,0.208333333,283.9736111,-1.6333379,-0.916207
957,0.818055556,290.4323944,-2.4518661,-1.2284641
958,0.140277778,149.6013889,1.015502,-0.7717299
959,0.408333333,217.1180556,-0.18244505,2.3909214
960,0.727777778,149.4430556,1.4380635,1.7869136
961,1.491666667,180.3069444,4.1572313,1.8179064
962,0.131944444,321.0638889,0.88824105,-1.2501357
963,0.145833333,242.2736111,0.033268154,-0.730717
964,0.476388889,270.5527778,-0.65721107,-0.56247103
965,0.713888889,251.3763889,-1.9445953,1.3325098
966,0.533333333,208.9208333,0.9282317,1.5145044
967,1.106944444,157.925,3.419276,1.4163997
968,0.083333333,189.3888889,1.5150899,1.4222255
969,0.816666667,91.87222222,3.8469594,2.3340626
970,1.477777778,71.66527778,2.31904,-1.2827594
971,0.704166667,79.41666667,1.0714495,-0.9998639
972,0.072222222,79.39444444,0.5921525,1.9563248
973,1.720833333,52.00138889,3.1344163,-0.86494094
974,0.476388889,58.7375,0.40874705,1.5065813
975,0.701388889,107.7847222,0.5066552,-1.2552623
976,3.308333333,69.53888889,1.4800241,-1.9033122
977,3.286111111,61.28472222,2.314706,-3.9607134
978,1.913888889,75.24583333,2.6070516,-1.92778
979,1.177777778,77.90277778,1.6023601,-2.937955
980,0.051388889,77.53888889,1.0166839,2.0458074
981,0.986111111,80.95070423,1.3425193,-1.4197798
982,2.554166667,65.88888889,1.6898273,-0.8854474
983,2.408333333,63.15416667,2.4116294,-5.123754
984,2.936111111,72.21111111,2.6696973,-1.89469
985,2.391666667,70.10972222,2.8948662,-3.8241591
986,0.202777778,101.9513889,1.7847805,-1.1734695
987,0.541666667,222.0208333,-1.4844072,1.9731028
988,0.173611111,181.7902778,1.2278662,2.1070936
989,0.294444444,221.1277778,2.1253908,1.1390967
990,0.084722222,141.4347222,2.2999313,0.22283214
991,0.154166667,100.9652778,1.2180163,2.8061767
992,0.080555556,118.5166667,1.5406996,1.6944017
993,0.1875,160.1666667,0.013962314,3.8403533
994,1.955555556,91.27361111,3.1099885,2.2000716
995,2.026388889,64.66388889,2.2989464,-3.9276233
996,0.373611111,114.7638889,-0.9923053,-0.14907998
997,0.2,237.9833333,-0.9706354,2.0325248
998,0.070833333,109.6861111,0.89947,0.73945445
999,0.893055556,279.3666667,-0.4505598,-1.2058604
1000,0.145833333,120.7486111,-0.6775019,-2.744775
1001,2.668055556,80.82361111,2.8934872,-0.103173554
1002,1.540277778,77.23055556,1.0826784,-2.6748667
1003,0.129166667,143.8958333,-0.32782984,0.069266856
1004,0.440277778,96.56527778,-0.50828034,-1.9000497
1005,0.283333333,273.6225352,0.67863476,-2.239571
1006,0.211111111,336.9180556,-1.0892285,-0.22924149
1007,0.5875,242.4875,-3.297777,0.9447518
1008,0.123611111,181.4083333,-2.097269,-0.7267555
1009,0.288888889,123.9611111,-3.2146437,-0.5741224
1010,0.258333333,136.4208333,-1.1321741,-2.6592538
1011,1.634722222,78.24722222,-0.42357105,-4.1522617
1012,1.019444444,78.47638889,-0.24706051,-2.5625474
1013,1.318055556,72.92638889,-0.7153256,-5.1549797
1014,0.269444444,122.3875,1.1266091,-2.0174956
1015,0.605555556,81.5625,0.897697,-1.0159428
1016,0.005555556,94.42916667,0.6689819,1.461374
1017,0.105555556,237.4041667,0.3289627,0.024059594
1018,3.984722222,95.69722222,2.1616385,-0.16189653
1019,2.277777778,49.55694444,2.7431777,-3.7798839
1020,1.522222222,47.71944444,2.5274644,-0.85911524
1021,2.513888889,75.98472222,2.819416,-1.996057
1022,3.325,74.7125,2.6821082,-2.8568614
1023,2.795833333,90.79722222,3.1415083,-4.222636
1024,2.902777778,72.40555556,1.9014037,-3.098744
1025,1.269444444,84.27916667,0.51177716,-4.524407
1026,1.458333333,76.59027778,1.4325476,-1.159954
1027,1.656944444,104.7194444,0.015538305,-3.0374577
1028,3.258333333,69.29861111,2.4035525,-3.2483478
1029,1.048611111,89.81971831,1.7875385,-2.2668352
1030,1.973611111,76.52916667,2.3718357,-1.5220789
1031,2.426388889,79.44583333,1.7010562,-1.6253102
1032,2.111111111,84.3,2.9711046,-1.2960421
1033,2.354166667,73.00138889,3.043009,-4.348238
1034,2.106944444,75.3875,2.706142,-1.9233525
1035,1.469444444,67.64722222,2.0040398,-2.0524497
1036,1.643055556,76.63194444,2.3608038,-1.9580736
1037,1.601388889,105.125,2.1370137,-3.6526508
1038,1.381944444,76.00277778,2.4090683,-0.70834637
1039,1.641666667,90.15,3.6994076,-1.6152899
1040,0.155555556,134.9875,2.2995372,1.8736
1041,0.501388889,146.8930556,3.7196984,2.9620721
1042,0.208333333,225.4972222,-0.4984304,4.3394985
1043,0.045833333,193.5,1.5200148,3.6397164
1044,0.068055556,145.5666667,-0.33393678,1.3297133
1045,0.268055556,291.8875,-1.6770716,2.279534
1046,0.025,272.3861111,-1.6382629,0.65905994
1047,0.177777778,201.1097222,0.5941225,1.5844126
1048,1.366666667,167.4583333,0.35634544,0.323034
1049,0.588888889,159.8208333,1.7099212,-2.2013545
1050,0.340277778,88.74166667,1.5007089,-1.3025669
1051,0.855555556,130.1222222,0.4828184,-0.520293
1052,0.052777778,90.4625,2.0381205,0.7126562
1053,0.2375,167.9577465,1.1861026,0.8946509
1054,0.177777778,151.3180556,1.8241804,0.9554711
1055,0.311111111,144.1458333,0.2430714,-0.5927646
1056,0.326388889,97.12222222,2.0735803,0.752271
1057,0.830555556,80.60972222,3.0599508,-0.80388767
1058,0.008333333,85.07083333,3.2602983,-0.14395338
1059,0.029166667,62.24583333,2.4043405,-0.6859757
1060,0.109722222,70.10833333,2.8702416,0.8883591
1061,1.648611111,83.14027778,4.1162558,0.6145516
1062,1.375,75.75277778,1.3498082,-1.3699119
1063,3.586111111,70.59444444,2.5270703,-2.6284943
1064,2.734722222,74.28333333,1.7566098,-1.4009045
1065,3.129166667,70.8875,3.6883757,-2.8671145
1066,1.384722222,81.0875,2.6568923,-0.45504528
1067,1.127777778,86.71944444,2.92678,0.55303234
1068,1.0,89.7,2.6472394,0.008679748
1069,1.1,91.86527778,2.5944438,-2.6723034
1070,0.206944444,129.7625,1.1082882,0.92401236
1071,0.722222222,194.1416667,2.9118083,-0.8353464
1072,1.209722222,145.6513889,1.4390484,-1.4794348
1073,2.458333333,74.66944444,3.43149,-1.6190183
1074,2.969444444,76.07361111,4.239183,-2.0093398
1075,2.9,73.13472222,3.171058,-3.6144342
1076,4.088888889,69.49583333,2.6921551,-3.5389333
1077,4.320833333,65.26478873,2.2605317,-3.9094472
1078,3.138888889,68.92083333,2.2932334,-4.415583
1079,2.802777778,60.80555556,1.9480922,-6.1029363
1080,2.019444444,78.42361111,2.203993,-2.2575142
1081,1.066666667,67.59166667,0.50370026,-3.4659956
1082,0.194444444,121.6375,0.5976684,-1.4927174
1083,0.4625,293.2111111,-2.6461065,0.11750358
1084,0.401388889,168.2916667,-0.37254846,-1.1956072
1085,0.130555556,227.3222222,-1.632353,1.4026511
1086,0.079166667,182.1041667,-0.82800865,1.2283463
1087,0.115277778,121.5361111,0.16033208,0.26361197
1088,0.105555556,91.57222222,1.6711125,0.031050384
1089,0.047222222,170.7902778,0.527143,-0.48580495
1090,0.065277778,115.1611111,1.1488699,0.4234689
1091,2.030555556,89.22222222,1.378767,1.9073889
1092,0.047222222,108.575,1.9963567,-0.33666724
1093,0.193055556,222.4763889,-1.6575687,0.28318626
1094,0.209722222,219.8319444,-1.7698578,1.0223498
1095,0.527777778,245.9222222,-2.099239,1.0444875
1096,0.844444444,100.8569444,0.8094417,-1.0464694
1097,0.623611111,74.23055556,1.605512,-0.54662514
1098,1.498611111,75.13888889,1.8123603,-0.28004152
1099,3.440277778,74.30694444,3.1523433,-3.7929335
1100,1.883333333,71.5125,2.6123707,-1.716424
1101,1.122222222,75.91126761,-0.38417137,-1.8497157
1102,0.780555556,78.10138889,0.58840954,-1.3981082
1103,0.3625,81.16666667,0.32226476,-1.8096349
1104,0.491666667,70.53333333,1.2995737,-0.8057519
1105,0.305555556,241.5305556,-0.6483462,-0.016021192
1106,4.231944444,79.96111111,2.3881865,-6.707643
1107,1.6625,66.08472222,0.8531754,-3.957684
1108,0.101388889,116.6875,1.266478,-1.64069
1109,0.220833333,252.9,-1.264557,0.26104861
1110,0.120833333,306.9083333,1.2743578,0.904671
1111,0.388888889,247.0611111,-2.3033292,1.578121
1112,0.269444444,261.1416667,-1.5655705,1.4000878
1113,0.570833333,278.4638889,-2.3220441,1.7927394
1114,0.140277778,215.325,-1.5565085,0.06344122
1115,3.351388889,93.6375,0.8358395,-0.59812427
1116,4.197222222,75.58472222,3.7155614,-3.292157
1117,1.818055556,61.40694444,1.3370034,-4.1830215
1118,0.1875,97.57361111,-0.27917123,-1.4137211
1119,0.476388889,212.8569444,-2.0476255,-2.2791858
1120,0.202777778,208.6916667,-1.5779814,-0.54709125
1121,0.701388889,279.5472222,-3.4731057,-2.205316
1122,0.123611111,252.9833333,-0.8187498,-0.5918325
1123,0.351388889,60.40694444,0.68257475,0.14826328
1124,0.555555556,28.59444444,0.4471617,0.5183112
1125,1.036111111,60.1915493,1.132125,-0.72465825
1126,0.284722222,48.77361111,-0.6032336,-2.1407673
1127,0.8625,122.2194444,1.248551,-1.498077
1128,1.384722222,90.11388889,2.189809,0.03454584
1129,0.383333333,169.8972222,0.001354426,-1.1485356
1130,1.006944444,65.83333333,0.44066074,-1.1583227
1131,0.119444444,192.5138889,2.1502125,-0.28633326
1132,0.436111111,190.3013889,1.8787489,-0.36789298
1133,0.430555556,86.97916667,0.25370932,0.03361374
1134,0.072222222,87.96388889,1.0480068,1.0430894
1135,0.1,65.80277778,-0.1761411,1.3863392
1136,0.784722222,97.16666667,0.7511302,1.3224895
1137,0.384722222,307.9763889,-2.1691735,-1.3603578
1138,0.191666667,139.6055556,-0.40840214,-1.4603266
1139,0.276388889,125.7694444,-1.4193977,-1.3132861
1140,0.086111111,114.9930556,-0.0912348,-0.82882166
1141,0.295833333,293.1013889,-2.4136484,1.3655996
1142,0.695833333,106.5708333,2.0974169,-0.8178693
1143,0.268055556,81.50138889,2.919294,-1.3011687
1144,0.847222222,76.3,0.77043605,-1.6702845
1145,0.373611111,78.87916667,0.31655177,-0.52192426
1146,0.938888889,62.87777778,1.2320032,-1.2885852
1147,0.690277778,195.7527778,0.7678751,-1.4733762
1148,0.134722222,299.2,-0.34851468,1.6995282
1149,0.202777778,204.4277778,-1.3618742,2.8078077
1150,0.065277778,212.2295775,-0.68676084,-0.058665276
1151,0.266666667,288.0388889,-2.0860403,0.013806343
1152,0.111111111,203.3861111,-1.9499142,-0.06821942
1153,0.223611111,175.6625,-2.3685358,-0.460638
1154,0.047222222,114.6236111,-1.3717241,-1.278099
1155,0.725,75.60555556,0.764132,-1.0937741
1156,0.147222222,111.325,-1.3002137,-2.7920797
1157,0.552777778,206.6819444,-0.54295206,-1.852046
1158,0.195833333,300.7625,-1.5809363,-0.823462
1159,0.506944444,267.1333333,-2.2692487,1.1465538
1160,0.126388889,255.6680556,-3.1202815,0.5243699
1161,0.369444444,285.1791667,-1.0033371,-0.8379097
1162,0.647222222,153.7222222,1.6510187,-1.8452883
1163,1.458333333,139.8722222,-0.54177004,-1.4542679
1164,2.322222222,68.80833333,-0.6233274,-3.1299698
1165,0.965277778,75.15277778,0.31517282,-3.7710288
1166,1.0,68.20416667,-0.1385144,-1.1587888
1167,0.377777778,79.47222222,-1.7154862,-0.9071189
1168,0.590277778,73.22777778,0.72177744,-2.442305
1169,0.634722222,193.2694444,-2.7432268,-1.498543
1170,0.179166667,124.6930556,-0.73778343,-1.1310585
1171,0.227777778,55.12361111,-1.2499791,-1.481765
1172,0.352777778,26.75972222,0.26434723,-2.1356406
1173,0.543055556,83.66111111,-1.0951384,-2.745241
1174,0.058333333,56.13661972,0.58446956,-1.4225761
1175,0.116666667,283.6791667,-2.0438826,-0.7381739
1176,0.015277778,346.1736111,-0.5719108,-1.3137522
1177,0.220833333,213.2472222,-2.5229826,-0.65941054
1178,0.122222222,153.8138889,-0.89006317,-0.34156084
1179,0.270833333,81.00694444,-1.3435533,-2.1908681
1180,0.061111111,92.40277778,1.13902,-0.47461963
1181,0.069444444,203.4777778,-2.1926162,1.881989
1182,0.429166667,90.88472222,-0.10699467,-1.5332642
1183,0.352777778,77.55,0.4507077,-1.3060622
1184,0.634722222,100.3930556,1.9084957,-0.28866357
1185,0.401388889,78.10833333,1.7635047,0.6145516
1186,0.029166667,64.60555556,1.1983165,-0.46879393
1187,0.066666667,136.6180556,-1.6800265,0.16807061
1188,0.079166667,165.5027778,-1.5273528,1.4215262
1189,0.302777778,258.6902778,-1.8338822,0.6912177
1190,0.506944444,107.1986111,0.31891575,-0.26629287
1191,0.123611111,83.95138889,0.25883126,-1.0921428
1192,1.030555556,77.45138889,2.7374647,-0.56083983
1193,2.122222222,72.71666667,3.3889382,-3.1803036
1194,0.466666667,71.05972222,2.1443026,-0.103173554
1195,0.770833333,53.01944444,1.6305308,-2.4970665
1196,0.045833333,70.14583333,1.0909524,-0.70252067
1197,0.095833333,203.775,-1.2287033,1.830956
1198,0.169444444,214.8408451,-0.19111297,1.8943393
1199,0.144444444,241.0194444,-2.0694923,1.1647298
1200,1.8125,118.7194444,-0.25592542,-1.1932769
1201,1.245833333,74.38472222,0.88193715,-3.7670672
1202,0.773611111,78.1625,0.5025183,-1.532099
1203,0.622222222,96.55833333,-0.6451942,-2.702597
1204,0.5125,67.18611111,0.9160178,-1.7530093
1205,0.659722222,87.39027778,1.7741426,-1.6556036
1206,0.213888889,164.0236111,1.143945,0.44840294
1207,0.131944444,139.6722222,-0.19268896,3.3747642
1208,0.2625,143.2513889,1.7144521,-0.25021398
1209,0.134722222,232.9472222,-1.9700081,-0.49768937
1210,0.281944444,229.4166667,-1.9130756,-0.5494215
1211,0.306944444,212.9847222,-2.5308623,1.7272587
1212,0.097222222,204.1416667,-0.001403555,1.8740659
1213,0.386111111,222.3486111,-1.2832718,2.0514
1214,0.281944444,220.4125,0.4016551,2.2156844
1215,0.15,211.2125,0.66070795,2.3156533
1216,0.306944444,95.69305556,1.5822662,-0.60231876
1217,1.541666667,141.8833333,-0.08079389,-4.4556637
1218,0.877777778,97.66527778,1.5239547,-2.390107
1219,1.919444444,62.38194444,4.0717344,-1.9934938
1220,0.501388889,56.39583333,1.7991614,-0.63587475
1221,0.288888889,248.9915493,-0.671592,-1.2750696
1222,0.075,294.1319444,0.061438918,-1.6546717
1223,0.768055556,82.00416667,-0.18993098,-2.2088113
1224,0.652777778,71.96527778,2.0588052,-1.0641795
1225,0.616666667,75.13611111,1.3186824,-1.5549358
1226,0.009722222,85.75555556,1.1673877,0.6112892
1227,0.077777778,214.6972222,-1.4178218,1.8130128
1228,0.040277778,219.0555556,0.29980692,1.0943556
1229,0.068055556,137.7597222,-0.7155226,-0.24625254
1230,2.690277778,56.81527778,0.09492865,-1.3946128
1231,2.065277778,72.42361111,1.497754,-2.8596575
1232,1.190277778,107.6638889,1.3909808,-2.3854463
1233,0.211111111,77.90138889,-0.85736144,-1.4628899
1234,0.029166667,82.32777778,-0.92611384,-1.2596898
1235,0.172222222,255.7555556,-2.337804,0.8864948
1236,0.519444444,179.9819444,0.3496475,-1.151565
1237,0.565277778,71.0875,1.1078942,-1.3911173
1238,0.283333333,84.35833333,0.98851323,-1.7476497
1239,0.1875,278.2416667,-2.2926915,0.7303663
1240,0.038888889,244.9833333,-1.4306266,-1.1142805
1241,0.226388889,125.5208333,-1.6083192,-1.1592548
1242,0.227777778,39.68611111,-0.06582202,-1.0702382
1243,0.288888889,214.25,-1.1632999,-1.0467025
1244,0.219444444,88.11805556,0.18121392,-1.9865029
1245,0.744444444,292.0861111,-2.097269,-1.8366662
1246,0.061111111,283.1028169,-1.3991069,-1.362688
1247,0.347222222,250.7194444,-2.6476824,1.1174252
1248,0.190277778,242.2763889,-2.215074,0.4768322
1249,0.145833333,189.35,-1.983404,0.94265455
1250,0.143055556,142.0194444,0.08212376,-0.43686914
1251,0.831944444,67.48611111,-1.2866209,-1.8147616
1252,1.209722222,155.2597222,-2.6498494,-4.6535044
1253,0.788888889,99.88888889,0.14201126,-2.6531951
1254,0.098611111,125.1805556,-1.0023522,-1.3769027
1255,0.120833333,304.8569444,-1.1891067,-0.95186025
1256,0.044444444,316.3638889,0.2937,-1.2652824
1257,0.201388889,298.3763889,-1.8342762,0.002388001
1258,0.109722222,298.85,-2.471566,0.66511863
1259,0.313888889,299.025,-2.573611,0.4964066
1260,0.056944444,301.0694444,-1.9987699,0.20791835
1261,0.055555556,194.7194444,0.2089907,0.18181926
1262,0.073611111,194.7138889,0.18830585,1.427119
1263,0.2125,101.0111111,1.9136176,0.7564655
1264,0.113888889,92.58888889,1.4780542,0.6453113
1265,0.4625,59.61805556,2.9015644,1.0162914
1266,0.091666667,114.55,-0.5090683,1.4877062
1267,0.613888889,191.0541667,-2.839165,3.822643
1268,1.004166667,112.1583333,3.0374932,0.04060453
1269,1.411111111,226.4111111,0.20386875,-2.1708279
1270,0.254166667,307.1478873,0.2529213,-0.9539575
1271,1.041666667,282.8527778,-2.8267539,1.6692348
1272,0.326388889,240.6347222,-4.384223,1.3544142
1273,0.034722222,184.4333333,1.7971914,-0.28540117
1274,0.683333333,99.08888889,1.2930727,0.042468727
1275,0.408333333,46.52777778,3.3960302,-0.77965283
1276,1.448611111,47.44166667,1.9908409,0.036643088
1277,3.1125,71.44027778,4.585112,-4.479899
1278,1.681944444,75.96111111,3.9287136,-2.1848094
1279,0.127777778,211.5166667,3.7118185,-0.907818
1280,0.056944444,185.2458333,1.7857656,2.052565
1281,0.155555556,202.4125,0.6614959,2.9150004
1282,0.304166667,205.2625,-1.991481,2.3149543
1283,0.876388889,220.4763889,-1.3207015,5.7227507
1284,1.091666667,130.2208333,-0.53743607,6.6576576
1285,0.244444444,86.09583333,2.7786372,1.4821134
1286,0.030555556,74.23472222,-1.5671464,0.9727151
1287,0.684722222,83.13888889,1.737698,-0.5778509
1288,0.286111111,152.4388889,0.5888035,0.007048547
1289,0.255555556,103.2083333,1.1226691,1.7393761
1290,0.0,84.6,1.0442637,1.9362843
1291,2.201388889,76.81527778,-1.029932,0.14639908
1292,4.805555556,76.00972222,4.1440325,-3.2040725
1293,2.804166667,70.14444444,3.4557207,-5.5727983
1294,0.018055556,66.43802817,2.706339,-0.435704
1295,0.158333333,75.99027778,1.3360183,-0.4557444
1296,0.036111111,97.93888889,1.2729789,1.0405262
1297,0.122222222,266.2208333,-1.3459173,1.0845683
1298,1.513888889,96.24027778,0.6662239,-1.5609945
1299,0.090277778,268.9791667,-0.7498003,-1.1308255
1300,4.934722222,74.69722222,2.9973054,-1.0182731
1301,3.204166667,73.08472222,3.2250357,-1.7746809
1302,4.370833333,79.31666667,3.1450543,-2.0452259
1303,2.644444444,91.20277778,5.87683,-2.271263
1304,0.218055556,136.9944444,1.373054,2.3774056
1305,0.275,125.4125,3.3755424,3.2740963
1306,0.058333333,143.8402778,-1.7933006,0.52926344
1307,0.677777778,165.0722222,-2.3104212,-0.8334822
1308,0.863888889,72.50416667,2.6125677,-0.010894597
1309,0.597222222,194.675,1.86358,-0.95092815
1310,0.191666667,283.0208333,0.67016387,0.60686165
1311,0.886111111,63.78472222,2.7782433,-1.7679231
1312,0.2125,77.35138889,1.61418,0.52600116
1313,0.266666667,195.5333333,-0.040803224,-1.885835
1314,0.081944444,278.7111111,1.3054836,1.4247887
1315,0.238888889,233.4680556,-1.9426253,2.6295416
1316,0.070833333,241.1222222,-1.3090786,1.5923355
1317,0.163888889,235.8055556,-1.6729345,0.9275077
1318,0.043055556,215.6985915,-0.47873056,2.0180771
1319,0.179166667,219.2541667,0.18909386,3.4202044
1320,0.090277778,204.8194444,0.5553138,2.042778
1321,0.176388889,220.8611111,1.8588519,2.2243066
1322,0.111111111,277.9819444,1.1967405,2.0187762
1323,0.111111111,114.5958333,1.6571256,1.680187
1324,0.005555556,179.5236111,1.8038895,1.6042199
1325,0.011111111,167.0875,1.012941,1.1143959
1326,0.108333333,310.5194444,-1.0953355,0.014971495
1327,0.130555556,68.73611111,0.4355388,-0.44758838
1328,0.029166667,97.23333333,0.112855494,1.6524568
1329,0.043055556,174.2097222,0.45582965,2.9928317
1330,0.151388889,195.3347222,-0.0563661,2.1373873
1331,0.340277778,219.0958333,-3.2550285,1.7086163
1332,1.1625,66.16111111,1.1766467,-1.1702071
1333,0.3125,262.8638889,-0.37136647,0.50502867
1334,0.001388889,132.2625,0.6075183,0.9452178
1335,0.279166667,79.74027778,-0.24646951,0.7793022
1336,0.026388889,78.1375,1.2796768,-0.100610256
1337,0.013888889,148.2138889,-0.11960257,0.744348
1338,0.838888889,113.3375,1.866338,0.8690178
1339,1.284722222,135.1361111,2.456151,-3.0789366
1340,0.251388889,266.5652778,-2.120909,0.2305221
1341,0.120833333,273.1638889,-1.4016678,1.0556729
1342,0.1125,179.2647887,-0.56304586,1.3898346
1343,0.0125,275.7861111,1.0844514,1.1060069
1344,0.080555556,267.9972222,1.728242,0.15688533
1345,0.013888889,163.8805556,1.5296677,-0.6964619
1346,0.401388889,202.5888889,-1.6061522,-0.11482495
1347,1.143055556,59.18888889,-0.5366481,-2.375193
1348,3.854166667,65.29027778,1.1254271,-2.2847784
1349,2.068055556,61.3625,0.37328735,-3.2022083
1350,1.665277778,64.37777778,1.0824814,-1.7837689
1351,0.2375,56.90277778,0.6636629,-0.7829152
1352,0.030555556,99.51388889,1.4069377,0.38129097
1353,0.077777778,268.5083333,-0.3898843,0.98133713
1354,0.011111111,238.6666667,-1.026386,1.2432601
1355,0.127777778,142.3166667,0.34629855,0.14336973
1356,0.102777778,66.50833333,0.94674957,0.07369441
1357,0.002777778,84.9,0.3730903,-0.2933241
1358,0.302777778,157.3458333,-1.1248852,-0.019516647
1359,0.568055556,274.2680556,-2.104558,0.113309085
1360,0.027777778,238.0694444,-1.3882719,-0.70788026
1361,0.098611111,359.5,-2.0147269,0.90397197
1362,0.005555556,359.5,0.46430054,0.11354214
1363,0.026388889,218.6972222,0.15658912,0.5523332
1364,0.001388889,202.8763889,0.6429781,-0.5687628
1365,0.034722222,253.7112676,-0.10246371,0.68772227
1366,0.164912281,240.5842105,-0.26459336,1.3958933
1367,0.12238806,199.3462687,-0.48089755,0.36427993
1368,0.256,237.136,-0.7226145,1.4198952
1369,0.292307692,217.4307692,-2.118742,1.4473925
1370,0.033333333,235.5583333,-1.4712082,1.6119099
1371,1.674626866,85.61791045,0.3236437,-0.9968346
