,Ground temperature.mean,skt
0,22.79166667,0.4234299999999962
1,4.518055556,6.423800000000028
2,4.372222222,-1.12036999999998
3,13.35,5.714170000000024
4,4.155555556,-0.3281599999999685
5,3.884722222,1.0903600000000324
6,3.634722222,-2.8644499999999766
7,3.363888889,1.0187999999999988
8,30.47361111,-3.790840000000003
9,12.13611111,0.5824200000000133
10,2.908333333,-0.3639599999999632
11,21.15138889,1.6644000000000003
12,12.0875,-2.4315199999999777
13,2.931944444,2.007140000000049
14,2.797222222,-5.723519999999951
15,2.651388889,1.5452999999999977
16,2.6,-3.151430000000005
17,2.643055556,5.235830000000021
18,2.8,-3.451539999999966
19,11.89861111,0.2596400000000471
20,2.797222222,-1.433499999999981
21,2.7625,1.351220000000012
22,2.697222222,-3.724769999999978
23,2.577777778,2.167500000000018
24,2.486111111,-0.6481999999999744
25,2.533333333,7.184320000000014
26,2.659722222,2.122100000000046
27,2.934722222,9.349630000000047
28,3.1,-0.8071999999999662
29,3.002777778,5.320500000000038
30,2.915277778,0.8020000000000209
31,2.983333333,10.178300000000036
32,12.19305556,1.7497200000000248
33,3.119444444,11.77233000000001
34,3.377777778,2.3327000000000453
35,3.458333333,3.285940000000039
36,3.480555556,-3.238869999999963
37,3.443055556,2.9796699999999987
38,3.526388889,-0.290300000000002
39,3.445833333,3.441500000000019
40,3.4625,-0.4155599999999708
41,3.4,2.613520000000051
42,3.397222222,-0.9813299999999572
43,12.4625,0.7021700000000237
44,12.39722222,-3.3764999999999645
45,3.269444444,0.2382800000000315
46,3.184722222,-2.82589999999999
47,3.1,0.2444700000000352
48,3.088888889,-2.8430999999999926
49,3.001388889,-2.775639999999953
50,2.929166667,-3.9532799999999497
51,2.9,-0.1216799999999693
52,2.9,-7.463480000000004
53,2.826388889,3.745020000000011
54,2.8,-4.365549999999985
55,2.719444444,2.373320000000035
56,2.695833333,-0.8216599999999517
57,2.611111111,3.7037300000000073
58,2.6,-1.0074799999999868
59,2.6,2.976920000000007
60,2.6,-1.019869999999969
61,2.591666667,3.0608799999999974
62,2.6,-3.3985399999999686
63,2.665277778,9.931200000000048
64,2.9,5.620570000000043
65,3.341666667,15.431880000000035
66,3.863888889,7.520200000000045
67,4.231944444,10.512100000000032
68,4.4,3.515160000000037
69,4.393055556,5.845640000000003
70,4.4,1.623770000000036
71,4.4,3.457330000000013
72,4.313888889,2.332030000000032
73,4.302777778,7.538780000000031
74,4.197222222,-2.692359999999951
75,3.901388889,7.812700000000007
76,3.793055556,-2.8348399999999856
77,3.6,5.778860000000009
78,3.498611111,-0.2393599999999764
79,3.406944444,6.359100000000012
80,3.3875,-1.9008499999999915
81,3.330555556,10.70965000000001
82,3.577777778,4.727869999999996
83,3.827777778,5.036220000000014
84,3.9,1.9851300000000265
85,3.9,7.220120000000008
86,3.7875,-0.6977599999999597
87,3.622222222,8.277300000000025
88,3.7,1.5790300000000457
89,3.833333333,10.45016000000004
90,4.088888889,4.089170000000024
91,4.065277778,9.307640000000047
92,4.083333333,0.3656200000000353
93,4.004166667,12.638180000000034
94,4.127777778,-1.845799999999997
95,4.025,12.916250000000048
96,4.181944444,-2.2071299999999496
97,4.127777778,14.34716000000003
98,4.318055556,-1.8272199999999543
99,4.272222222,15.979730000000018
100,4.469444444,0.8873200000000452
101,4.472222222,15.38094000000001
102,4.688888889,-0.5132999999999583
103,4.697222222,14.965940000000046
104,4.945833333,3.140039999999999
105,5.108333333,8.658600000000035
106,4.988888889,-3.423999999999978
107,4.419444444,2.835140000000024
108,4.034722222,-3.505899999999997
109,3.651388889,6.920040000000029
110,3.468055556,-2.146579999999972
111,3.481944444,9.49072000000001
112,3.6,-1.2807399999999802
113,3.7875,14.998300000000029
114,4.161111111,3.111800000000017
115,4.290277778,13.853000000000009
116,4.493055556,1.1454400000000078
117,4.570833333,17.767179999999996
118,4.976388889,5.388640000000009
119,5.154166667,18.861540000000048
120,5.4,4.195150000000012
121,14.57083333,12.01460000000003
122,14.68611111,2.095940000000041
123,5.7125,15.409170000000016
124,14.96666667,4.034780000000012
125,24.15,20.531980000000036
126,24.4875,7.63653000000005
127,33.75277778,16.639800000000037
128,6.626388889,4.217900000000043
129,15.6875,18.705300000000022
130,6.841666667,5.325980000000016
131,16.0,20.38192000000004
132,16.33055556,7.858150000000023
133,43.75416667,19.7962
134,71.23194444,6.231070000000045
135,25.7375,19.154750000000035
136,53.24583333,9.446680000000017
137,44.30972222,19.322000000000003
138,16.37083333,7.924900000000036
139,17.07222222,7.817530000000033
140,43.98194444,2.4180500000000507
141,7.327777778,12.084130000000016
142,25.22222222,-1.208469999999977
143,24.97361111,13.563900000000046
144,24.95555556,2.296230000000037
145,6.783333333,16.050620000000038
146,34.20694444,4.970850000000041
147,43.35416667,17.616450000000043
148,16.39166667,6.928280000000029
149,34.825,17.182860000000005
150,35.00972222,4.798100000000034
151,7.879166667,24.98165
152,8.293055556,9.013059999999996
153,26.50833333,11.976770000000045
154,8.268055556,4.1765700000000265
155,26.28055556,8.701960000000042
156,7.951388889,4.130460000000028
157,37.11044776,12.11993000000001
158,25.93194444,3.912959999999998
159,25.88611111,18.29095000000001
160,44.14861111,1.3402000000000385
161,25.875,20.67443000000003
162,26.06666667,3.0450700000000097
163,17.03888889,22.16525000000001
164,26.42083333,4.159400000000005
165,26.54722222,24.526700000000005
166,8.708333333,4.64530000000002
167,26.88472222,19.23046000000005
168,8.834722222,4.388570000000016
169,17.8,12.122670000000028
170,8.536111111,3.124900000000025
171,8.152777778,12.613400000000013
172,8.023611111,1.7621000000000322
173,17.02916667,18.33227000000005
174,8.069444444,1.7435500000000277
175,35.33472222,19.65994000000001
176,8.190277778,2.8041600000000244
177,17.33055556,23.161860000000047
178,18.45909091,3.400900000000036
179,8.576388889,25.314080000000047
180,8.948611111,5.070640000000026
181,9.002777778,25.05874
182,9.359722222,7.578700000000026
183,9.298611111,25.12963000000002
184,9.588888889,8.386740000000032
185,9.658333333,25.11724000000004
186,9.955555556,7.76934
187,10.03472222,23.92172000000005
188,10.27916667,10.271900000000016
189,10.12916667,13.674040000000048
190,9.968055556,4.328000000000031
191,9.777777778,21.016500000000008
192,10.02083333,5.702480000000037
193,19.13194444,24.916960000000017
194,10.5375,8.468650000000025
195,10.6875,17.08166
196,10.88472222,9.940150000000015
197,10.9875,24.56800000000004
198,11.37777778,8.822400000000016
199,20.5375,24.30782000000005
200,11.77916667,10.862450000000024
201,11.63611111,14.63763
202,11.18333333,7.178830000000005
203,10.44583333,7.66130000000004
204,19.01666667,6.109250000000031
205,18.71388889,8.347500000000025
206,27.64444444,6.529080000000022
207,18.45,10.979460000000016
208,18.50277778,6.156730000000039
209,36.86111111,18.17672000000005
210,37.09722222,4.078850000000045
211,18.83888889,21.19064000000003
212,28.18194444,3.489680000000021
213,19.02083333,20.75842
214,10.29583333,7.212550000000021
215,19.55138889,19.76937000000004
216,19.81111111,6.2427600000000325
217,19.83194444,23.37316000000004
218,20.15833333,7.164360000000045
219,11.03611111,23.615440000000035
220,11.20277778,6.421040000000005
221,29.28055556,26.10558000000003
222,20.45277778,6.692900000000009
223,11.36805556,26.13452000000001
224,11.78611111,10.3827
225,20.8625,17.73553000000004
226,11.87916667,10.152150000000006
227,12.04305556,28.155970000000025
228,12.58472222,10.808070000000043
229,12.76111111,29.45678000000004
230,13.1875,12.289900000000046
231,22.44305556,30.83680000000004
232,40.20972222,14.300350000000035
233,31.95972222,19.14100000000002
234,22.59583333,9.378530000000012
235,13.32361111,22.39993000000004
236,22.35694444,9.01030000000003
237,12.9375,12.723540000000014
238,12.71666667,9.448720000000035
239,12.32777778,15.468350000000044
240,12.18888889,9.15966000000003
241,12.21111111,20.21673000000004
242,12.36527778,8.496849999999995
243,12.44166667,25.39736000000005
244,12.82222222,11.018670000000045
245,12.85694444,24.332600000000014
246,13.0375,9.476950000000045
247,13.04722222,19.703970000000027
248,13.26666667,11.185940000000016
249,12.96805556,8.349570000000028
250,12.35555556,5.7712999999999965
251,11.72361111,8.002679999999998
252,11.27083333,5.263360000000034
253,11.04027778,14.672720000000028
254,11.00833333,5.810540000000003
255,11.02638889,21.34277000000003
256,11.38888889,9.886470000000031
257,11.525,12.930020000000011
258,11.61805556,8.182299999999998
259,11.68888889,23.846000000000004
260,12.11527778,8.481040000000007
261,12.38194444,25.264520000000005
262,13.03611111,11.503930000000024
263,13.26527778,23.516320000000007
264,13.59027778,12.417930000000013
265,13.39861111,15.13592
266,13.00833333,8.487900000000025
267,21.43055556,7.74526000000003
268,39.07916667,6.255150000000015
269,11.42083333,8.943540000000041
270,11.375,6.071370000000002
271,20.425,13.473749999999995
272,20.56944444,8.922200000000032
273,20.73194444,16.356930000000034
274,30.06805556,9.042660000000012
275,12.07083333,24.485400000000027
276,12.64444444,10.29806000000002
277,12.98888889,22.29600000000005
278,13.36805556,11.768200000000036
279,22.74722222,23.06756000000001
280,32.15,11.54797000000002
281,32.10416667,21.74883
282,23.11527778,12.189450000000022
283,14.12777778,24.49023
284,14.30277778,11.882470000000012
285,14.44722222,19.46792000000005
286,14.50694444,11.074430000000008
287,14.40555556,20.32342
288,14.53333333,10.950559999999996
289,14.57083333,26.595640000000003
290,14.87777778,11.458500000000017
291,14.91388889,26.771140000000003
292,15.41805556,15.696200000000031
293,15.57916667,19.091420000000028
294,15.71527778,15.197870000000025
295,15.72916667,25.38085000000001
296,15.87222222,13.587300000000027
297,15.99166667,19.717070000000035
298,16.00555556,13.411130000000014
299,15.6625,16.679040000000043
300,15.34305556,12.530100000000004
301,15.07777778,16.734770000000026
302,15.15,13.143370000000004
303,15.19305556,19.622770000000003
304,15.36805556,13.63757000000004
305,15.57361111,22.556880000000035
306,15.87777778,13.727040000000043
307,16.09722222,26.61285000000004
308,16.33333333,15.645260000000007
309,16.67916667,26.441460000000006
310,17.08194444,15.462150000000008
311,17.19305556,25.88534000000004
312,17.34027778,16.61984000000001
313,17.275,27.622550000000047
314,17.59166667,16.182100000000048
315,17.775,30.40246000000002
316,18.15694444,16.68386000000004
317,18.24027778,31.418360000000007
318,18.56944444,17.809169999999995
319,18.50416667,30.87945000000002
320,18.75138889,17.540729999999996
321,18.83611111,32.34133000000003
322,19.26388889,18.705300000000022
323,19.30416667,33.00277
324,19.62083333,17.77615000000003
325,19.57361111,31.89190000000002
326,19.78055556,19.854030000000023
327,19.92916667,36.21285
328,20.27222222,20.63730000000004
329,20.18888889,33.27120000000002
330,20.33611111,18.094100000000022
331,20.34027778,35.43167
332,20.6125,20.130700000000047
333,20.69166667,35.53490000000005
334,20.76666667,18.652300000000025
335,20.45277778,23.919640000000012
336,20.34166667,18.146420000000035
337,20.36666667,28.861440000000016
338,20.67361111,18.46786000000003
339,20.70277778,31.44726000000003
340,20.85555556,18.435500000000047
341,20.74166667,32.06740000000002
342,21.01111111,18.84432000000004
343,20.95277778,31.011600000000044
344,20.99722222,19.365350000000035
345,20.98055556,28.381700000000023
346,21.03194444,18.818870000000004
347,20.50833333,21.85208
348,20.28472222,18.18566000000004
349,20.06388889,21.975270000000023
350,20.00555556,18.283380000000022
351,20.24861111,29.1395
352,20.67916667,19.941430000000025
353,20.95833333,33.53686000000005
354,21.35,20.39020000000005
355,21.49583333,33.708920000000035
356,21.79305556,22.51077000000004
357,21.72083333,29.98055000000005
358,21.30555556,17.290900000000022
359,20.91944444,30.14092000000005
360,20.81111111,16.435400000000016
361,20.67916667,32.08874000000003
362,20.78888889,18.13198
363,20.92777778,36.85020000000003
364,21.35694444,21.54168000000004
365,21.50694444,35.55624
366,21.73611111,20.152030000000025
367,21.67222222,32.3021
368,21.62916667,20.17340000000001
369,21.35277778,20.772880000000043
370,20.95416667,18.765860000000032
371,20.71388889,32.50100000000003
372,20.94166667,19.195340000000044
373,21.02638889,35.470200000000034
374,21.38055556,21.885130000000004
375,21.4875,28.78158000000002
376,21.31805556,18.82162
377,21.1,27.25295
378,21.12361111,17.54006000000004
379,20.92361111,23.57412000000005
380,20.80555556,17.34734000000003
381,20.26805556,21.77432000000005
382,19.75,13.70500000000004
383,19.47083333,26.31207000000001
384,19.46666667,13.939020000000028
385,19.27361111,22.99874
386,19.37222222,15.55782000000005
387,19.33333333,22.87484000000001
388,19.20555556,15.07122000000004
389,19.13194444,24.74627000000004
390,19.17361111,15.159330000000011
391,19.06666667,26.58050000000003
392,19.2,15.139370000000042
393,19.10277778,27.79806000000002
394,19.22916667,16.50146000000001
395,19.24027778,30.20013
396,19.45138889,16.869680000000017
397,19.39305556,31.105200000000025
398,19.61805556,17.30743000000001
399,19.58,32.02540000000005
400,19.61805556,18.012900000000002
401,20.02903226,33.68620000000004
402,20.40277778,18.46786000000003
403,20.46666667,34.83013
404,20.84722222,21.520320000000027
405,20.90416667,33.65180000000004
406,20.99583333,20.301420000000007
407,20.81666667,32.67172000000005
408,20.93055556,21.19890000000004
409,20.88194444,30.97442000000001
410,21.04305556,19.028800000000047
411,21.08472222,35.93000000000001
412,21.31527778,20.69920000000002
413,21.1,24.10342000000003
414,21.06388889,21.14453000000003
415,21.0625,35.81573000000003
416,21.37222222,19.31924000000004
417,21.3,28.96743000000004
418,21.15972222,18.697720000000004
419,20.94166667,24.774470000000008
420,20.99583333,19.41216000000003
421,20.95694444,30.444450000000018
422,21.29861111,21.514120000000048
423,21.35694444,29.328760000000045
424,21.50694444,21.32623000000001
425,21.46111111,30.03150000000005
426,21.48611111,19.46447000000001
427,21.36944444,28.853880000000004
428,21.3625,18.95513
429,21.06944444,26.79937000000001
430,20.91111111,17.21105
431,20.58611111,26.92670000000004
432,20.43055556,17.12020000000001
433,20.21666667,30.24072000000001
434,20.36805556,16.964650000000006
435,20.39305556,30.704600000000028
436,20.77083333,20.81280000000004
437,21.02083333,34.84527000000003
438,21.39166667,21.11700000000002
439,21.45416667,31.62966
440,21.50972222,20.30346000000003
441,21.51388889,32.718500000000006
442,21.575,20.6173
443,21.59861111,36.06005000000005
444,21.82083333,21.331050000000005
445,21.82916667,34.351770000000045
446,22.11527778,21.73782
447,22.07638889,37.641020000000026
448,22.58888889,22.212730000000025
449,22.59722222,29.64263
450,22.18472222,19.965540000000036
451,21.10555556,18.70670000000001
452,20.58333333,16.375500000000045
453,20.12222222,27.29770000000002
454,19.86805556,14.789030000000023
455,19.43611111,22.52657000000005
456,19.5625,15.625300000000038
457,19.4875,29.36868000000004
458,19.625,15.24606
459,19.57361111,32.086659999999995
460,19.88888889,17.34802000000002
461,19.91666667,34.62914000000001
462,20.41666667,19.014340000000004
463,20.58333333,35.956140000000005
464,20.85,19.72120000000001
465,20.78888889,32.18096000000003
466,20.62083333,18.772760000000005
467,20.48611111,25.99340000000001
468,20.66388889,20.666200000000003
469,20.8,31.206380000000024
470,21.04583333,21.53890000000001
471,21.16111111,32.85480000000001
472,21.40277778,20.07910000000004
473,21.42638889,32.02474000000001
474,21.57083333,20.085300000000014
475,21.53472222,32.43630000000002
476,21.63472222,20.04055
477,21.51805556,32.63867000000005
478,21.56527778,20.24360000000001
479,21.56111111,35.48950000000002
480,21.49166667,20.62420000000003
481,21.48611111,33.12800000000004
482,21.42361111,19.252470000000017
483,21.1375,34.35247000000004
484,21.33333333,21.29940000000005
485,21.31944444,34.36828000000003
486,21.31111111,20.76600000000002
487,21.18472222,34.717250000000035
488,21.13472222,19.231130000000007
489,20.89583333,34.04205000000002
490,20.85,17.543499999999995
491,20.15833333,17.52905000000004
492,19.36527778,14.19780000000003
493,18.98611111,25.97207000000003
494,18.72777778,12.996800000000007
495,18.50416667,29.10302000000001
496,18.53888889,15.786339999999996
497,18.51111111,26.12005000000005
498,18.64861111,16.076099999999997
499,18.53472222,21.72200000000004
500,18.58472222,16.45052000000004
501,18.48333333,23.717280000000017
502,18.57222222,16.180720000000008
503,18.34583333,21.3476
504,18.00277778,12.768950000000018
505,17.74027778,25.60730000000001
506,17.63472222,13.663720000000012
507,17.59722222,26.83584000000002
508,17.95277778,16.90270000000004
509,18.07777778,26.52612000000005
510,18.19027778,15.541300000000035
511,18.07777778,27.21508
512,18.05138889,16.138059999999996
513,18.04444444,27.57300000000004
514,18.11388889,15.971500000000049
515,17.90972222,28.683160000000044
516,17.825,13.454499999999996
517,17.72083333,30.58898000000005
518,17.89444444,14.41876000000002
519,17.9875,30.01428000000004
520,18.275,17.186270000000036
521,17.81527778,17.21795000000003
522,17.22777778,12.596220000000017
523,16.87777778,19.26486
524,16.29583333,10.431600000000005
525,15.65694444,20.791440000000023
526,15.20138889,7.190500000000043
527,14.77222222,22.96087
528,14.57222222,7.646839999999997
529,14.36388889,25.332670000000007
530,15.00972222,14.252200000000016
531,15.27638889,21.919520000000038
532,15.45694444,14.04226
533,15.37916667,15.84277000000003
534,15.29583333,12.613400000000013
535,15.67361111,23.868700000000047
536,15.93611111,14.79937000000001
537,16.13333333,21.53134
538,16.05,12.550780000000032
539,15.875,25.272100000000023
540,15.97361111,12.804070000000024
541,16.00833333,24.29614000000004
542,16.25972222,15.109770000000026
543,16.24861111,24.524620000000027
544,16.41944444,14.908800000000042
545,16.4875,26.592200000000048
546,16.65833333,16.211700000000008
547,16.54027778,25.84957000000003
548,16.5,13.364300000000014
549,16.42638889,26.61974000000004
550,16.45972222,13.2115
551,15.79861111,13.29824000000002
552,15.24444444,9.848630000000014
553,14.81666667,17.568960000000004
554,14.42361111,6.789940000000001
555,14.01527778,18.1189
556,14.09722222,8.66894000000002
557,13.75555556,15.530300000000013
558,13.50833333,7.320600000000013
559,13.13333333,14.87026000000003
560,12.98055556,8.046040000000005
561,12.72083333,17.383140000000026
562,12.49166667,6.23037000000005
563,12.35138889,22.52108000000004
564,12.7375,11.254080000000044
565,12.94305556,13.411800000000028
566,12.98055556,6.560050000000047
567,12.78333333,20.286950000000047
568,12.73611111,7.445860000000039
569,12.58888889,22.933340000000044
570,12.82083333,9.180319999999996
571,12.8625,23.75033000000002
572,13.14166667,9.518950000000018
573,13.14444444,24.579000000000008
574,13.41527778,9.843800000000044
575,13.41527778,25.25765000000001
576,13.44444444,8.986900000000048
577,13.37916667,20.31518
578,13.71805556,12.696680000000017
579,13.71527778,23.16323
580,13.8375,11.29400000000004
581,13.72638889,22.778500000000008
582,13.73333333,10.786740000000009
583,13.57777778,24.164000000000044
584,13.57638889,9.685500000000047
585,13.44305556,24.8612
586,13.54861111,9.909880000000044
587,13.48333333,24.88806
588,13.79722222,10.920950000000005
589,13.82222222,26.58187000000004
590,13.97916667,10.68694000000005
591,13.70277778,25.614160000000027
592,13.73472222,9.41500000000002
593,13.47916667,25.09728000000001
594,13.47361111,8.58770000000004
595,13.22083333,23.70696000000004
596,13.2875,8.531270000000006
597,13.12777778,22.76815000000005
598,13.025,7.440359999999998
599,12.75,22.406120000000044
600,12.67083333,6.950300000000027
601,12.54861111,20.7543
602,12.77916667,8.72950000000003
603,12.63888889,10.74200000000002
604,12.22777778,7.281370000000038
605,11.95138889,9.070899999999996
606,11.60833333,4.920600000000036
607,11.31527778,10.178300000000036
608,10.98194444,5.54830000000004
609,10.60277778,10.333150000000046
610,10.51527778,4.9653299999999945
611,10.50277778,14.926000000000045
612,10.85555556,9.80734000000001
613,11.38888889,20.085300000000014
614,11.88888889,12.946529999999996
615,12.21111111,14.668600000000026
616,12.14722222,10.345540000000028
617,12.23194444,20.74877000000004
618,12.66388889,13.279660000000035
619,12.77083333,17.72520000000003
620,12.77777778,9.867200000000024
621,12.66666667,17.00872000000004
622,12.41666667,7.407300000000021
623,12.19722222,13.744230000000016
624,12.29861111,8.490660000000048
625,12.28888889,15.402980000000014
626,12.15555556,9.232630000000029
627,11.87361111,9.522400000000005
628,11.47638889,4.8868700000000445
629,11.29444444,11.110929999999996
630,11.03472222,5.850459999999998
631,10.76944444,9.927099999999996
632,10.92222222,10.699330000000032
633,11.23333333,14.120720000000006
634,11.37916667,7.365350000000035
635,11.11111111,11.630550000000028
636,11.1,7.32403000000005
637,11.18358209,14.376059999999995
638,11.1,9.568500000000029
639,11.22222222,16.476680000000044
640,11.17638889,8.646200000000022
641,11.00972222,16.43950000000001
642,11.2,11.475700000000018
643,11.26527778,15.86343000000005
644,10.96805556,5.264730000000043
645,10.56944444,15.470420000000049
646,10.39583333,7.533299999999997
647,10.40833333,12.14608000000004
648,10.5625,8.03710000000001
649,10.55972222,15.974240000000009
650,10.51388889,6.969600000000014
651,10.36388889,14.120050000000049
652,10.07083333,3.4711000000000354
653,9.536111111,13.095200000000034
654,9.244444444,3.9061000000000377
655,8.897222222,13.780020000000036
656,8.708333333,3.403650000000028
657,8.318055556,9.205100000000016
658,8.183333333,6.52633000000003
659,8.275,10.4495
660,8.355555556,6.666740000000004
661,8.463888889,11.00698
662,8.763888889,7.312340000000006
663,8.920833333,15.684470000000031
664,9.252777778,6.604120000000023
665,9.323611111,14.762200000000009
666,9.306944444,6.499500000000012
667,9.019444444,8.695100000000025
668,8.429166667,-1.8519999999999757
669,7.780555556,6.203550000000007
670,7.530555556,0.8315699999999993
671,7.2125,4.288080000000036
672,6.876388889,0.3380999999999972
673,6.715277778,4.709300000000042
674,6.443055556,-1.5580999999999676
675,6.0375,3.1641200000000254
676,5.773611111,-0.6089799999999741
677,5.5875,1.6588700000000358
678,5.431944444,-1.4169999999999732
679,5.3,5.443700000000035
680,5.225,-0.3012999999999692
681,5.265277778,8.903620000000046
682,5.3,2.789700000000039
683,5.419444444,8.547780000000046
684,5.520833333,1.636160000000018
685,5.5,10.196200000000031
686,5.819444444,5.330800000000011
687,6.073611111,5.377620000000036
688,6.047222222,1.9218000000000188
689,5.804166667,5.933040000000005
690,5.633333333,1.697400000000016
691,5.498611111,4.34384
692,5.425,0.4881200000000376
693,5.330555556,6.950300000000027
694,5.3,3.3011000000000195
695,5.505555556,6.045920000000024
696,5.469444444,-1.2112199999999689
697,5.370833333,9.57125000000002
698,5.584722222,1.5639000000000465
699,5.780555556,13.793800000000031
700,5.9625,2.635550000000024
701,6.018055556,14.983120000000042
702,6.115277778,3.505520000000047
703,6.140277778,14.596300000000042
704,6.383333333,4.918540000000007
705,6.488888889,13.392539999999997
706,6.575,2.8667800000000057
707,6.552777778,13.45034000000004
708,6.8,8.275230000000022
709,6.956944444,12.08068000000003
710,7.138888889,9.198200000000044
711,7.095833333,8.871270000000038
712,7.130555556,5.3810700000000224
713,7.151388889,7.984100000000012
714,7.1375,5.662560000000042
715,7.015277778,10.41094000000004
716,6.770833333,2.4676000000000045
717,6.5375,9.392300000000034
718,6.547222222,4.056120000000021
719,6.4,7.898740000000032
720,6.152777778,0.3140000000000214
721,5.929166667,7.6688800000000015
722,5.795833333,0.6092800000000125
723,5.486111111,4.052000000000021
724,5.130555556,-1.009559999999965
725,4.847222222,1.6326999999999998
726,4.620833333,-2.229159999999979
727,4.293055556,3.976280000000031
728,3.969444444,-2.975259999999992
729,3.673611111,1.6602700000000254
730,3.469444444,-2.73312999999996
731,3.35,5.655500000000018
732,3.255555556,-3.238900000000001
733,3.1,6.883500000000026
734,2.998611111,-3.520299999999964
735,2.852777778,5.90545000000003
736,2.797222222,-3.6200299999999856
737,2.701388889,5.289480000000026
738,2.7,-0.0212999999999965
739,2.777777778,5.498739999999998
740,2.751388889,-2.538979999999981
741,2.598611111,4.943140000000028
742,2.447222222,-3.5143999999999664
743,2.338888889,4.633500000000026
744,2.3,-3.806979999999953
745,2.208333333,4.6479400000000055
746,2.180555556,-2.8689299999999776
747,2.1,4.9057300000000055
748,2.1,-2.914199999999994
749,2.1,8.848839999999996
750,2.088888889,-1.7117700000000011
751,2.073611111,8.065580000000011
752,2.098611111,-2.3644799999999577
753,2.044444444,6.5135400000000345
754,2.083333333,-0.3958799999999769
755,2.080555556,2.194569999999999
756,2.098611111,-1.9872799999999984
757,2.081944444,5.636500000000012
758,2.1,-2.914829999999995
759,2.1,3.412740000000042
760,2.1,-1.58911999999998
761,2.1,5.195670000000007
762,2.173611111,-0.4286999999999921
763,2.2,0.6983000000000175
764,2.2,-1.9885999999999624
765,2.2,-0.6024999999999636
766,2.186111111,-1.6606199999999944
767,2.179166667,1.850180000000023
768,2.222222222,-1.3765599999999836
769,2.322222222,5.602380000000039
770,2.4,-0.2266300000000001
771,2.583333333,4.869000000000028
772,2.563888889,-3.048000000000002
773,2.318055556,5.974330000000009
774,2.166666667,-2.5671799999999507
775,2.070833333,4.9995400000000245
776,1.956944444,-3.404849999999953
777,1.9,6.729360000000042
778,1.840277778,-3.94932
779,1.8,7.912740000000042
780,1.8,-2.4097399999999998
781,1.845833333,7.193140000000028
782,2.0375,-0.4496800000000007
783,2.270833333,4.636770000000013
784,2.602777778,1.201400000000035
785,2.925,10.54060000000004
786,3.315277778,0.4647500000000377
787,3.193055556,8.629080000000044
788,3.077777778,-1.0905499999999506
789,3.076388889,10.473700000000008
790,3.147222222,0.8616300000000479
791,3.268055556,15.58970000000005
792,3.940277778,6.423670000000016
793,4.451388889,17.085300000000018
794,4.980555556,9.05218000000002
795,5.333333333,18.219480000000036
796,5.827777778,11.81057000000004
797,6.086111111,15.606700000000046
798,6.308333333,7.467980000000011
799,6.322222222,10.16473000000002
800,5.880555556,3.081450000000018
801,5.431944444,5.564360000000022
802,4.966666667,-0.8511399999999867
803,4.419444444,8.314200000000028
804,4.272222222,0.3926000000000158
805,4.215277778,7.706100000000049
806,4.398611111,2.7921699999999987
807,4.358333333,8.726830000000007
808,4.179166667,-2.08239999999995
809,3.970833333,11.044399999999996
810,4.102777778,2.5534000000000106
811,4.294444444,14.311180000000036
812,5.184722222,6.955000000000041
813,5.444444444,10.435630000000003
814,5.420833333,2.674770000000024
815,5.425,13.12515000000002
816,5.341666667,0.1604000000000383
817,5.072222222,13.041200000000003
818,5.204166667,5.0618500000000495
819,5.534722222,10.43694000000005
820,5.625,2.9338600000000383
821,5.525,14.674599999999998
822,5.509722222,1.5569700000000353
823,5.325,13.565330000000015
824,5.358333333,1.5982999999999947
825,5.45,17.19354000000004
826,5.826865672,6.1042000000000485
827,6.006944444,11.065400000000013
828,6.127777778,3.0375000000000227
829,6.236111111,13.508260000000009
830,6.330555556,4.714200000000005
831,6.193055556,10.772820000000024
832,5.963888889,-0.3873699999999758
833,5.645833333,8.692700000000002
834,5.459722222,-0.5034499999999866
835,5.261111111,12.888360000000034
836,5.390277778,1.9932000000000016
837,5.565277778,16.311239999999998
838,6.027777778,11.27923000000004
839,6.411111111,12.259900000000016
840,6.309722222,1.9400600000000168
841,6.113888889,18.429400000000044
842,6.334722222,9.772450000000047
843,6.443055556,14.029750000000035
844,6.229166667,2.04830000000004
845,6.063888889,11.520620000000008
846,6.051388889,4.62106
847,5.963888889,10.30510000000004
848,5.651388889,-0.0311599999999998
849,5.445833333,13.226200000000006
850,5.655555556,4.304860000000019
851,5.740277778,11.499000000000024
852,6.104166667,7.502769999999998
853,6.652777778,17.61337000000003
854,7.165277778,10.340540000000033
855,7.355555556,12.949370000000044
856,7.545833333,7.100000000000023
857,7.394444444,9.871500000000026
858,7.1,1.0761400000000094
859,6.873611111,15.796960000000013
860,6.973611111,3.312370000000044
861,6.911111111,15.189540000000022
862,7.122222222,5.2731
863,7.333333333,11.94833
864,7.248611111,3.391080000000045
865,6.843055556,8.809470000000033
866,6.740277778,3.286130000000014
867,6.718055556,14.36694
868,6.909722222,1.9978000000000409
869,6.822222222,15.489300000000014
870,6.945833333,4.413100000000043
871,7.265277778,19.015860000000032
872,7.791666667,5.633870000000002
873,8.208333333,23.73037000000005
874,8.686111111,8.24532000000005
875,8.661111111,16.082300000000032
876,8.5125,5.977599999999995
877,8.551388889,14.373500000000035
878,8.566666667,5.805750000000046
879,8.290277778,12.833920000000036
880,7.908333333,0.4424700000000143
881,7.611111111,15.681500000000028
882,7.65,0.7304300000000126
883,7.647222222,19.04600000000005
884,7.986111111,5.597800000000007
885,8.397222222,20.897850000000005
886,8.6875,4.161200000000008
887,8.763888889,21.647000000000048
888,9.018055556,3.983420000000024
889,9.080555556,23.18853000000001
890,9.331944444,5.056600000000003
891,9.356944444,21.47643000000005
892,9.443055556,5.682430000000011
893,8.948484848,8.5077
894,8.272222222,0.2384600000000318
895,7.647222222,8.437520000000006
896,7.194444444,-1.0465999999999551
897,6.5875,2.64590000000004
898,6.076388889,-1.4598799999999983
899,5.659722222,1.9498800000000076
900,5.313888889,-0.6621999999999844
901,5.338888889,6.40990000000005
902,5.691666667,4.584300000000042
903,6.215277778,16.556570000000022
904,6.668055556,2.040430000000015
905,7.030555556,20.98248000000001
906,7.6,5.004800000000046
907,,19.88436000000001
908,8.055555556,5.677819999999997
909,7.863888889,9.91873000000004
910,7.6,2.817100000000039
911,7.372222222,9.713400000000036
912,7.194444444,-0.7475000000000023
913,6.825,10.895470000000046
914,6.75,-2.5232299999999555
915,6.6375,13.52860000000004
916,6.961111111,-2.0450199999999654
917,7.052777778,17.20992000000001
918,7.515277778,0.6451700000000073
919,7.618055556,18.447100000000034
920,7.995833333,4.554130000000043
921,8.118055556,20.42425000000003
922,8.516666667,4.633500000000026
923,8.548611111,19.587850000000003
924,8.79122807,6.186200000000042
925,,20.77648000000005
926,8.898333333,3.8535400000000095
927,8.898611111,22.1626
928,9.240277778,3.41927000000004
929,9.318055556,25.68322000000001
930,9.801388889,5.7939400000000205
931,9.966666667,25.874780000000044
932,10.42916667,7.521780000000035
933,10.51527778,24.771420000000035
934,10.82361111,8.258450000000039
935,10.90694444,26.03220000000005
936,11.38472222,9.896420000000036
937,11.55555556,26.019740000000013
938,11.81388889,12.932299999999998
939,11.3625,6.661800000000028
940,10.73888889,2.859740000000045
941,10.34444444,18.67672000000005
942,10.40833333,3.5012800000000084
943,10.39027778,23.40566000000001
944,10.84027778,9.113850000000014
945,11.16111111,27.10930000000002
946,11.73472222,9.578270000000032
947,12.00277778,29.836880000000008
948,12.51666667,10.736750000000027
949,12.78888889,30.36102
950,13.21388889,9.56450000000001
951,13.125,22.18685000000005
952,12.98472222,9.486440000000016
953,12.61666667,21.54990000000004
954,12.47083333,6.817250000000001
955,12.28333333,23.320400000000006
956,12.30972222,7.15115000000003
957,12.14583333,24.23090000000002
958,12.27083333,6.762800000000027
959,12.28194444,26.67440000000005
960,12.62083333,9.829520000000002
961,12.71527778,28.41143
962,13.11666667,10.299200000000042
963,12.96805556,23.395170000000007
964,12.81111111,7.787440000000004
965,12.70972222,27.142800000000022
966,13.10277778,9.97186000000005
967,13.31944444,28.74993000000001
968,13.73194444,12.419340000000034
969,13.70833333,25.63796000000002
970,13.75694444,11.512100000000032
971,13.86666667,24.430960000000027
972,14.04027778,13.447900000000004
973,13.99583333,17.422480000000007
974,13.9625,10.38644000000005
975,13.8625,19.961100000000044
976,14.02777778,9.22338000000002
977,13.52361111,18.88006000000001
978,13.35277778,7.981620000000021
979,13.12083333,22.332480000000032
980,13.21527778,8.55758000000003
981,13.16805556,24.56610000000001
982,13.43333333,10.15817000000004
983,13.24305556,16.78683000000001
984,12.91666667,8.059050000000013
985,12.77361111,22.264250000000004
986,12.86666667,8.834400000000016
987,12.99444444,25.9384
988,13.34027778,10.260500000000036
989,13.64861111,29.57580000000001
990,14.24583333,12.905400000000045
991,14.41944444,28.609550000000013
992,14.73472222,13.651900000000012
993,14.94583333,27.57244000000003
994,15.0875,15.102300000000014
995,14.59027778,13.367200000000024
996,13.97777778,6.259029999999996
997,13.95833333,27.195250000000044
998,14.49583333,12.497400000000027
999,14.69861111,25.248320000000035
1000,14.76527778,13.743100000000029
1001,14.70694444,27.773830000000032
1002,14.72916667,10.911220000000014
1003,14.49166667,24.29647
1004,14.69027778,12.491480000000024
1005,14.85416667,24.480800000000045
1006,15.09583333,13.987760000000035
1007,15.24305556,27.493740000000003
1008,15.69027778,14.504020000000024
1009,15.61527778,24.970180000000028
1010,15.62916667,14.467280000000017
1011,15.31666667,16.406370000000038
1012,15.16805556,11.73843000000005
1013,14.90138889,22.127160000000003
1014,14.81111111,9.832150000000013
1015,14.41527778,25.502830000000017
1016,14.74305556,11.019460000000038
1017,14.91111111,26.152919999999995
1018,15.23194444,14.131430000000025
1019,15.11527778,21.31964000000005
1020,14.88611111,10.730200000000025
1021,14.64861111,23.314480000000003
1022,14.54305556,9.87805000000003
1023,14.26666667,20.66760000000005
1024,14.19722222,10.26968000000005
1025,14.20555556,22.563379999999995
1026,14.13333333,9.576960000000042
1027,14.19444444,25.35916000000003
1028,14.23888889,12.871939999999997
1029,14.39722222,18.660300000000007
1030,14.52638889,11.828270000000032
1031,14.39027778,24.017700000000048
1032,14.27083333,10.09716000000003
1033,14.0875,17.72555
1034,14.00555556,11.330399999999996
1035,14.12083333,23.75463000000002
1036,14.42777778,12.521000000000017
1037,14.48888889,22.5437
1038,14.56527778,11.768580000000044
1039,14.73472222,24.269600000000025
1040,14.83888889,13.181570000000022
1041,15.19305556,28.200860000000034
1042,15.70833333,16.746820000000014
1043,15.78194444,25.36703
1044,16.01388889,15.6087
1045,16.47361111,29.385580000000004
1046,16.80138889,15.947170000000028
1047,17.05833333,31.916350000000023
1048,17.37777778,14.654899999999998
1049,17.33472222,27.54818
1050,17.22638889,15.076040000000036
1051,17.43611111,25.75210000000004
1052,17.54166667,15.814020000000028
1053,16.77916667,25.974480000000028
1054,17.51388889,14.407600000000002
1055,17.49861111,28.801750000000027
1056,17.43333333,15.70052000000004
1057,17.37916667,27.953580000000045
1058,17.63611111,17.040700000000015
1059,17.80277778,30.923850000000016
1060,18.16944444,18.56190000000004
1061,18.29444444,31.148830000000032
1062,18.5625,17.049900000000036
1063,18.42777778,23.11834000000005
1064,18.45555556,16.89640000000003
1065,18.17083333,19.32614000000001
1066,18.05277778,17.31292000000002
1067,17.98472222,21.08022
1068,18.11388889,15.909780000000012
1069,18.14166667,22.97402
1070,18.01944444,15.072750000000042
1071,18.24027778,29.799500000000023
1072,18.02361111,15.974730000000022
1073,17.87222222,20.176930000000027
1074,17.75833333,14.422020000000032
1075,17.35277778,19.165400000000037
1076,17.08194444,15.865170000000036
1077,17.18472222,19.129999999999995
1078,17.12222222,16.723870000000034
1079,17.42361111,26.16076000000004
1080,17.45277778,15.94586000000004
1081,17.49305556,27.55800000000005
1082,17.51666667,13.954300000000046
1083,17.57916667,29.90118000000001
1084,18.0375,16.339440000000025
1085,18.36666667,32.930470000000014
1086,18.86388889,19.26120000000003
1087,19.24027778,35.93157000000002
1088,19.6125,19.72497000000004
1089,19.86944444,37.58070000000004
1090,20.225,20.0136
1091,20.46666667,34.20570000000004
1092,20.20555556,17.858060000000023
1093,20.01527778,29.51480000000004
1094,20.02916667,19.50323000000003
1095,20.15277778,36.84536000000003
1096,20.47083333,22.017600000000016
1097,20.61666667,33.80752000000001
1098,20.69305556,21.65353000000005
1099,20.38611111,20.95428000000004
1100,20.09444444,18.25622000000004
1101,19.95138889,25.10793000000001
1102,20.04861111,19.58196000000004
1103,20.08472222,33.633020000000045
1104,20.14027778,18.50550000000004
1105,20.25138889,37.47247000000005
1106,20.42638889,17.71900000000005
1107,19.70416667,24.23350000000005
1108,19.03472222,14.406270000000006
1109,18.74444444,33.05642
1110,18.78611111,15.501760000000049
1111,18.82083333,34.461540000000014
1112,19.25138889,19.30447000000004
1113,19.51666667,39.03896000000003
1114,19.84583333,20.815200000000004
1115,20.05555556,38.678830000000005
1116,19.97083333,17.294550000000015
1117,19.30972222,27.207060000000013
1118,18.8125,15.706450000000018
1119,18.39305556,27.13622000000004
1120,18.25,14.828730000000007
1121,18.05277778,29.42953
1122,18.14861111,14.395780000000002
1123,18.06111111,32.04950000000002
1124,18.24861111,16.052800000000047
1125,18.3375,34.19717000000003
1126,18.73333333,18.82955000000004
1127,18.16388889,15.527340000000038
1128,17.73888889,13.868370000000027
1129,17.6,27.40582000000001
1130,17.88055556,15.18100000000004
1131,17.90833333,23.008140000000022
1132,17.99444444,16.864900000000034
1133,18.18888889,29.492500000000007
1134,18.65972222,17.60680000000002
1135,18.97361111,34.75018
1136,19.46388889,18.878100000000018
1137,19.66805556,33.95250000000004
1138,20.025,20.297000000000025
1139,20.1125,25.419520000000038
1140,19.88194444,19.34908000000001
1141,19.93194444,31.082570000000032
1142,20.30555556,18.78494000000001
1143,20.19027778,24.99180000000001
1144,20.125,18.533040000000028
1145,20.11944444,29.43215000000004
1146,20.42222222,18.65637000000004
1147,20.35833333,33.39425
1148,20.34444444,17.932180000000017
1149,20.37222222,35.010580000000004
1150,20.51944444,19.250699999999995
1151,20.56666667,36.88998000000004
1152,20.88055556,21.052670000000035
1153,21.04722222,38.15405000000004
1154,21.47916667,23.431240000000003
1155,21.50555556,38.66635000000002
1156,21.50833333,23.662800000000004
1157,21.57222222,34.229330000000004
1158,21.42222222,19.91586000000001
1159,21.08472222,35.55898000000002
1160,21.01111111,21.16354000000001
1161,20.88055556,31.763480000000012
1162,21.12916667,20.233360000000005
1163,21.09027778,25.07842000000005
1164,20.76805556,17.970880000000022
1165,20.075,20.94640000000004
1166,19.76388889,19.03158000000002
1167,19.76388889,27.134240000000037
1168,20.05138889,19.045370000000048
1169,20.26944444,31.020260000000007
1170,20.57083333,19.787300000000016
1171,20.80277778,33.28668000000005
1172,21.18055556,20.801420000000007
1173,21.22638889,33.021000000000015
1174,21.49166667,21.84313000000003
1175,21.55833333,32.929160000000024
1176,21.74166667,21.123500000000035
1177,21.70833333,33.71570000000003
1178,21.82777778,20.99493000000001
1179,21.62083333,31.390900000000045
1180,21.75555556,20.07986
1181,21.60138889,33.19747000000001
1182,21.86388889,20.71810000000005
1183,21.82916667,32.57888000000003
1184,21.90694444,20.148740000000032
1185,21.80555556,27.81844000000001
1186,21.65555556,19.794500000000028
1187,21.50555556,31.93340000000001
1188,21.675,20.697780000000023
1189,21.54583333,33.45526000000001
1190,21.68194444,19.757780000000025
1191,21.57222222,31.01043000000004
1192,21.25972222,17.25454000000002
1193,21.01111111,30.107140000000012
1194,20.8375,18.58486000000005
1195,20.65694444,31.210500000000025
1196,20.61527778,17.76950000000005
1197,20.62361111,33.28800000000001
1198,20.72916667,19.14640000000003
1199,20.74861111,35.341200000000015
1200,20.9875,20.07656000000003
1201,20.89027778,28.985400000000027
1202,20.87222222,19.332700000000045
1203,20.62777778,28.42193000000003
1204,20.58472222,17.454600000000028
1205,20.38888889,28.933600000000013
1206,20.12777778,15.581140000000005
1207,19.84305556,31.61523
1208,19.9625,17.82525000000004
1209,19.91805556,31.24200000000002
1210,19.85277778,17.952500000000043
1211,19.70416667,32.282370000000014
1212,19.93333333,19.72890000000001
1213,20.22638889,35.69805000000002
1214,20.49444444,21.47183000000001
1215,20.56527778,36.71810000000005
1216,20.89583333,22.3725
1217,20.60555556,21.231100000000023
1218,19.96666667,15.082600000000014
1219,19.50833333,24.010460000000023
1220,18.86944444,13.317350000000031
1221,18.53055556,26.04467
1222,18.31527778,14.002200000000016
1223,17.94444444,26.20930000000004
1224,17.94722222,14.113730000000032
1225,17.80972222,27.896500000000003
1226,17.89305556,14.683100000000024
1227,17.97083333,29.88280000000003
1228,18.03888889,14.969100000000026
1229,18.01666667,32.11837000000003
1230,18.20138889,18.03845000000001
1231,18.28888889,23.47585000000004
1232,18.31944444,17.23028000000005
1233,18.15694444,28.46523000000002
1234,18.03472222,14.77890000000002
1235,17.83888889,30.64834000000002
1236,18.02916667,15.010430000000042
1237,17.94305556,31.18100000000004
1238,18.10833333,16.81370000000004
1239,18.15416667,31.25970000000001
1240,18.24583333,17.028220000000033
1241,17.79166667,32.37945000000002
1242,18.45555556,17.596300000000042
1243,18.47638889,33.021000000000015
1244,18.76388889,19.38190000000003
1245,18.61666667,31.71890000000002
1246,18.56527778,18.102720000000037
1247,18.59166667,33.01183000000003
1248,18.56805556,18.687220000000025
1249,18.56111111,32.105920000000026
1250,18.75416667,17.79050000000001
1251,18.66527778,31.65590000000003
1252,18.78333333,20.13100000000003
1253,17.97638889,19.73153000000002
1254,17.87777778,11.542300000000012
1255,17.26388889,25.018700000000024
1256,16.94861111,11.547540000000026
1257,16.70277778,27.920100000000048
1258,16.75,13.864430000000027
1259,16.61388889,28.36093
1260,16.65833333,14.991420000000003
1261,16.48611111,30.39184
1262,16.86111111,16.408320000000003
1263,17.0125,29.690600000000018
1264,17.22361111,16.264030000000048
1265,17.32083333,28.299920000000043
1266,17.53055556,16.716000000000008
1267,17.32083333,21.822140000000047
1268,17.24861111,16.23123000000004
1269,16.87083333,18.332330000000013
1270,16.33611111,10.047300000000009
1271,16.0625,19.99523000000005
1272,15.94583333,14.047450000000026
1273,15.90277778,18.279200000000003
1274,15.83611111,9.342129999999996
1275,15.58472222,20.224820000000022
1276,15.48333333,11.746939999999997
1277,15.36805556,20.49770000000001
1278,15.34861111,13.658470000000024
1279,15.41111111,21.97040000000004
1280,15.5,13.260280000000025
1281,15.52361111,25.178120000000035
1282,15.77222222,15.59164000000004
1283,16.00972222,29.49905000000001
1284,16.56805556,20.90900000000005
1285,16.575,26.010550000000023
1286,16.31111111,13.206500000000004
1287,15.93611111,25.71996000000001
1288,16.03472222,14.044849999999997
1289,16.01388889,24.52610000000004
1290,15.8,13.350150000000042
1291,15.30694444,14.95272
1292,15.0375,11.592800000000013
1293,14.63888889,18.582240000000013
1294,14.25694444,9.09155000000004
1295,13.92638889,22.59158000000002
1296,14.01111111,9.803950000000045
1297,13.89166667,23.300040000000024
1298,13.975,12.14250000000004
1299,14.04166667,15.370570000000043
1300,13.97777778,11.457670000000007
1301,13.10416667,8.137080000000026
1302,12.39444444,7.085570000000018
1303,11.93194444,7.562460000000044
1304,11.70972222,6.093070000000012
1305,11.70555556,17.711760000000027
1306,11.85555556,6.773300000000006
1307,11.81944444,12.688300000000028
1308,11.99722222,9.508080000000009
1309,12.04722222,12.690240000000015
1310,12.06111111,7.993430000000046
1311,11.94583333,14.677200000000028
1312,11.89027778,4.874260000000049
1313,11.75555556,16.593320000000006
1314,11.52361111,4.178250000000048
1315,11.12777778,17.204030000000046
1316,10.94444444,5.294100000000015
1317,10.575,17.597620000000006
1318,10.50138889,5.5663000000000125
1319,10.42083333,19.451400000000035
1320,10.62777778,7.304650000000038
1321,10.675,21.1891
1322,10.88611111,8.39688000000001
1323,10.95,22.485299999999995
1324,11.475,11.581000000000016
1325,11.77222222,15.875670000000014
1326,12.22777778,11.790900000000022
1327,12.43472222,15.56277
1328,12.38611111,9.960050000000024
1329,12.29722222,21.112360000000024
1330,12.29583333,9.580900000000042
1331,12.21111111,21.25732000000005
1332,12.37777778,10.945340000000044
1333,12.32361111,18.447100000000034
1334,12.35416667,11.888000000000034
1335,12.35,15.90258
1336,12.31527778,8.793080000000032
1337,12.28611111,16.90753000000001
1338,12.32361111,9.662260000000003
1339,12.49583333,19.45403000000005
1340,12.66388889,11.106700000000046
1341,12.58194444,18.37954000000002
1342,12.37777778,8.388329999999996
1343,12.28055556,18.93057000000005
1344,12.55555556,11.144100000000035
1345,12.74444444,20.774530000000027
1346,12.86388889,10.901400000000024
1347,12.91805556,13.69980000000004
1348,12.82916667,11.378300000000024
1349,12.63888889,10.76296000000002
1350,12.39722222,9.563840000000027
1351,12.19027778,15.222300000000018
1352,11.76666667,5.278999999999996
1353,11.30972222,15.75433000000004
1354,10.89305556,3.854200000000049
1355,10.74305556,13.827050000000042
1356,10.56666667,5.067769999999996
1357,10.48055556,11.172300000000009
1358,10.54861111,7.965880000000027
1359,10.49305556,8.764859999999999
1360,10.31805556,7.349270000000047
1361,10.29027778,8.429650000000038
1362,10.24583333,6.852000000000032
1363,10.23472222,11.468160000000012
1364,10.1375,5.252100000000041
1365,10.13055556,12.143150000000048
1366,10.28947368,5.717830000000049
1367,10.27462687,11.405850000000044
1368,10.4,6.592250000000036
1369,10.4,12.205470000000048
1370,10.31666667,6.312800000000038
1371,10.3,12.991330000000003
