,Air moisture.mean,d2m,t2m,humidity
0,96.09583333,-0.9362999999999602,1.7464500000000385,82.36264620486276
1,92.3375,0.337820000000022,4.65536000000003,73.56460338301328
2,93.44444444,-2.569069999999954,-0.2127699999999777,84.116839640511
3,80.19166667,-1.1441999999999553,4.870840000000044,65.05402957055094
4,76.45277778,-3.5110799999999927,1.5223000000000295,69.19115070944068
5,79.08472222,-7.640839999999969,0.5257200000000353,54.307876254367436
6,96.36944444,-6.139599999999973,-2.4233199999999897,75.62110384012615
7,86.60138889,-7.28756999999996,-0.4801399999999489,60.035170027913296
8,97.59444444,-7.117599999999982,-3.752719999999954,77.4554030586742
9,98.70416667,-2.806039999999996,0.0156800000000316,81.29084187111994
10,97.24305556,-0.8322999999999752,1.9076200000000083,82.04041887526029
11,82.60138889,-1.705849999999998,2.74615,72.49025453085146
12,86.84583333,-5.855319999999949,-1.0376999999999723,69.78536939769475
13,84.83888889,-7.686159999999973,-0.0398999999999887,56.38069534437087
14,96.85972222,-9.046479999999974,-5.981799999999964,78.91554270189988
15,95.39444444,-4.811800000000005,0.3269000000000233,68.39256592618426
16,95.67916667,-2.689279999999997,-0.9790399999999976,88.1615630799235
17,93.69444444,1.3645999999999958,5.098700000000008,76.80236382817357
18,94.00833333,-1.8935599999999797,-0.1818999999999846,88.22528031106857
19,99.70972222,-2.7641699999999787,0.404700000000048,79.27804202856554
20,94.78472222,-3.2144799999999805,-0.3603599999999574,81.04254156318997
21,87.71944444,-4.092469999999992,1.6828600000000051,65.48590710614887
22,91.84305556,-6.585969999999975,-3.6656600000000026,80.16064810474765
23,81.18888889,-3.798799999999972,1.3877200000000016,68.37472496215301
24,84.41111111,-3.060279999999977,0.6337800000000016,76.2789623146933
25,76.9,-0.7736999999999625,6.195340000000044,60.97265167630436
26,85.32361111,-0.938729999999964,4.050870000000032,69.94000799823942
27,73.37916667,1.8430000000000175,8.626920000000041,62.38339447250127
28,70.42638889,-2.95483999999999,2.2657400000000507,68.38897055343476
29,67.21527778,-3.547059999999988,4.334900000000005,56.537226466524224
30,67.18472222,-6.021860000000004,1.9101,55.67725309111835
31,73.00972222,-1.6698999999999842,9.701930000000004,44.974398871096014
32,88.38194444,-1.2348399999999629,3.702600000000018,70.13654035906136
33,62.38472222,2.4712000000000103,12.15142000000003,51.56375836864022
34,88.98194444,0.4920299999999997,5.605040000000031,69.63140366356603
35,99.42916667,1.0926500000000487,3.319150000000036,85.32650690741357
36,94.74861111,-1.8078399999999988,-0.1695599999999899,88.7046972607418
37,92.63888889,-1.4624699999999962,1.9051500000000487,78.35305999274745
38,91.28472222,-0.5958299999999781,0.8498800000000415,90.05027982153312
39,98.33472222,-1.105259999999987,1.4365000000000236,83.17681170688957
40,98.90277778,-1.665959999999984,0.700460000000021,84.16337045125991
41,94.99305556,-2.4971400000000017,1.1851700000000278,76.43922288405129
42,93.30972222,-2.1103599999999574,-0.3337999999999965,87.78980939968156
43,97.95,-1.977329999999995,-0.1954700000000002,87.76853713270091
44,95.69027778,-3.106099999999969,-2.1293999999999755,93.01354443867098
45,99.19027778,-3.470679999999959,-1.310639999999978,85.22511303105453
46,92.8,-3.522899999999993,-2.331299999999999,91.5222498632698
47,99.65277778,-1.5831699999999955,0.2046400000000403,87.76785161956177
48,97.84444444,-3.8800999999999695,-1.7453399999999988,85.3373879265689
49,89.72083333,-5.651340000000005,-2.321419999999989,77.89845878340735
50,81.91666667,-6.628330000000005,-3.0741299999999683,76.45070973501885
51,79.92083333,-5.759739999999965,-0.2041399999999953,66.14867098396621
52,94.26944444,-5.7336199999999735,-3.6409699999999816,85.39527230827402
53,93.29166667,-2.773019999999974,1.4161000000000286,73.65967966964999
54,96.36527778,-2.4236999999999966,0.6430300000000102,79.91649405565703
55,96.32916667,-0.0592699999999695,2.352200000000039,84.08344773040606
56,99.08194444,-0.7830599999999777,0.8215000000000146,89.01007994042601
57,96.26111111,0.7822500000000332,2.861000000000047,86.1897561284414
58,92.59583333,-0.930849999999964,0.3590000000000373,91.04456563604776
59,96.00833333,-0.3031699999999659,2.228080000000034,83.33963509286907
60,91.12222222,-1.1175999999999815,0.35223000000002,89.8527658324758
61,94.64027778,-0.6672699999999736,1.0258699999999976,88.45410294292704
62,93.93055556,-1.458039999999983,0.0675600000000145,89.46311105274934
63,95.47638889,2.854000000000042,8.515770000000032,67.5451337992678
64,92.2375,4.88882000000001,9.549400000000048,72.68502182038544
65,86.56666667,7.441460000000006,15.544430000000034,58.48901621034969
66,92.77083333,4.88882000000001,10.670130000000029,67.4348553068528
67,95.69583333,7.372980000000041,10.161339999999996,82.8177196315022
68,93.25138889,3.0097000000000094,4.405900000000031,90.63751537635525
69,86.76111111,-0.245519999999999,5.556849999999997,66.22712552400569
70,98.53472222,-0.8756799999999885,2.4719800000000305,78.55624447158834
71,97.42083333,0.7344600000000128,2.5683200000000284,87.69614562458159
72,93.87083333,0.6433000000000106,2.459000000000003,87.80089979622971
73,88.25972222,-0.7357499999999959,5.411770000000047,64.55007026356472
74,94.06666667,-3.7372199999999793,-2.058999999999969,88.27299612821922
75,87.1375,-0.8101599999999962,5.17960000000005,65.24473181639628
76,91.55,-3.029239999999959,-1.7780499999999506,91.15445554689465
77,94.43194444,0.125,2.930750000000046,81.78474331690107
78,91.24861111,-2.1502699999999777,-0.6302000000000021,89.44215783186903
79,94.19444444,0.3501500000000419,3.889700000000005,77.68934531675875
80,93.84166667,-2.171449999999993,-0.4060399999999617,87.85533288549742
81,89.42083333,2.4731700000000387,8.408960000000036,66.22077238481042
82,91.07361111,3.3403000000000134,8.757800000000032,68.77385758447355
83,94.05,1.390700000000038,3.885370000000023,83.763322932627
84,76.96666667,-0.5524699999999712,4.421350000000018,70.09608542295442
85,76.85,-4.696019999999976,6.129880000000014,45.77745830737377
86,87.53472222,-3.3485000000000014,0.7900000000000205,73.82150380458017
87,80.7625,-3.924440000000004,6.0922199999999975,48.6387134337847
88,90.55,-1.4259999999999875,1.952080000000024,78.30026309431504
89,87.67361111,1.2645800000000236,9.176480000000026,57.670117654838414
90,97.90833333,2.0184000000000424,4.509029999999996,83.86246024841031
91,85.525,1.0399000000000456,8.540459999999996,59.23772849375051
92,90.84444444,-1.8659700000000043,-0.0083999999999946,87.2979308492046
93,78.69583333,0.873860000000036,10.347800000000008,51.83472612561283
94,91.525,-2.159119999999973,0.9054800000000114,79.96778680148692
95,78.09027778,0.4216000000000122,11.97854000000001,45.02526805142385
96,88.08333333,-1.707339999999988,1.7779500000000326,77.6579904232801
97,76.40138889,1.1961000000000013,13.526540000000011,43.01821370459556
98,88.71527778,-0.3568799999999896,2.3250400000000013,82.44321664412413
99,67.7375,1.7474300000000085,14.94177000000002,40.83271976741187
100,86.76805556,-0.240099999999984,3.034500000000037,79.06231690413111
101,74.12777778,2.4559300000000235,13.801930000000027,46.23666848646844
102,91.07777778,0.0328600000000278,3.655660000000012,77.18451251186391
103,70.90555556,1.2601600000000417,13.64572000000004,42.88264149741481
104,96.66944444,2.1736000000000217,5.721100000000035,77.93495602958895
105,75.86805556,5.913139999999999,8.914030000000025,81.45708142068176
106,57.09305556,-11.364599999999996,-1.8465999999999667,48.18894913817928
107,66.17222222,-11.017740000000003,1.046260000000018,40.13140552718474
108,82.19722222,-9.761879999999962,-5.266149999999982,70.65379747953266
109,58.55694444,-8.34192999999999,2.559660000000008,44.45759183694608
110,73.23888889,-6.215459999999951,-1.012399999999957,67.76822004842025
111,60.30555556,-6.909199999999999,5.19195000000002,41.274839587005886
112,68.40833333,-5.639499999999998,0.0156800000000316,65.69938232848865
113,55.675,0.4014000000000237,13.091200000000017,41.79316682446652
114,85.33194444,-1.78616999999997,5.99526000000003,57.39709050301246
115,69.52916667,0.4078000000000088,11.984100000000012,44.96387144742327
116,74.7125,-1.997050000000001,1.608760000000018,76.9438692167805
117,39.74583333,-1.0274,18.16927000000004,27.204024602765298
118,65.90972222,-1.741829999999993,9.212270000000046,46.23446952350612
119,68.44583333,2.363280000000032,16.777520000000038,37.94003726731322
120,88.89722222,3.5486999999999966,7.67294000000004,75.12833990970768
121,88.25833333,2.43374,11.160400000000038,54.9074853144366
122,90.12083333,2.511099999999999,5.912530000000004,78.77932431116984
123,58.75555556,3.875850000000014,13.673500000000049,51.549157791892306
124,70.95277778,-0.7904399999999896,4.877650000000017,66.72766136961441
125,42.525,-0.3691799999999716,19.82162,25.74458623901287
126,88.37222222,1.4227200000000266,9.333920000000036,57.7131884263398
127,65.12222222,2.6510300000000484,13.915549999999996,46.53746398720476
128,86.12361111,2.282980000000009,5.805700000000002,78.08594648882699
129,64.23472222,2.885030000000029,15.304220000000043,43.257556215026874
130,77.79027778,1.8109699999999973,7.3957000000000335,67.67753376134705
131,50.49583333,4.959770000000049,19.96673000000004,37.29224388657192
132,61.78888889,2.8865300000000502,11.84826000000004,54.17866970382803
133,77.16944444,6.6442800000000375,18.783650000000023,45.10829126719657
134,85.26111111,6.037770000000023,10.026730000000043,76.2394719006918
135,58.81805556,5.811149999999998,16.738,48.45023699711871
136,55.28055556,0.8654999999999973,10.967740000000047,49.70794195876235
137,51.55416667,2.419460000000015,18.391560000000027,34.40232673302021
138,72.56666667,5.142570000000035,12.000760000000014,62.84548791959199
139,91.75277778,-0.5913799999999583,7.349360000000047,57.08019795933059
140,89.83333333,0.8650000000000091,2.415800000000047,89.49060595724056
141,66.65694444,-0.7229399999999941,8.35214000000002,52.802822346715196
142,80.52361111,-3.967319999999973,-1.5501999999999612,83.57296593070164
143,50.60972222,-4.1515999999999735,11.508020000000045,33.15731955458747
144,83.50138889,-0.2952999999999974,4.817740000000015,69.46968465348094
145,53.48194444,-0.2829699999999775,12.071770000000017,42.520268812149624
146,64.03333333,-1.8285300000000009,5.9699300000000335,57.318564470994346
147,47.97916667,-0.6194799999999532,14.44595000000004,35.53488801057872
148,58.10694444,-0.5475500000000011,9.905700000000024,48.164462503144655
149,74.6875,4.568080000000009,14.264400000000023,52.07672367338845
150,78.93194444,3.146659999999997,6.105200000000025,81.32079958667323
151,50.57222222,4.94500000000005,22.244600000000048,32.3875213595254
152,76.58472222,5.293330000000026,10.848569999999995,68.54221971150297
153,70.97361111,3.496970000000033,12.93932000000001,52.654663444213426
154,88.68333333,1.4232400000000212,6.26943,71.11636911919967
155,62.90416667,0.1151399999999966,8.221249999999998,56.62309755345139
156,73.09166667,-0.234199999999987,5.280240000000049,67.567122435004
157,59.88656716,-0.7170199999999909,10.394740000000011,46.04203488069308
158,68.55277778,-2.3611499999999523,4.507780000000025,61.006613553824565
159,54.17916667,-2.8267299999999977,13.496270000000038,32.12667604517669
160,75.69305556,-3.3361999999999625,2.92953,63.411850893547296
161,50.45277778,-1.8093299999999888,16.437900000000013,28.65930704527505
162,78.76666667,-0.6859799999999723,5.4265700000000265,64.71844842463595
163,61.48194444,4.24980000000005,18.199550000000045,39.6240947750597
164,80.54861111,2.295280000000048,6.081080000000043,76.68020696332016
165,53.81111111,3.417660000000012,20.41686000000004,32.55001415527048
166,77.27361111,0.8802699999999959,8.020560000000046,60.66411686994152
167,72.83333333,4.312860000000001,17.18258000000003,42.43598195004766
168,81.02916667,2.1548700000000167,6.1403700000000185,75.60661739036128
169,65.47222222,-1.3112199999999916,10.74484000000001,43.06619681045309
170,81.20972222,-2.2778699999999503,2.405900000000031,71.19563559540993
171,67.40972222,-1.3870999999999754,11.128900000000044,41.747725491061736
172,79.20277778,-1.8438199999999936,2.2361000000000217,74.40769673232937
173,55.80972222,-3.5204499999999825,13.745720000000006,30.017261575344424
174,80.64305556,-0.686999999999955,2.9419000000000324,77.03348327036153
175,58.125,-0.0011399999999639,15.433900000000053,34.87803362420621
176,76.98611111,-0.3302699999999845,3.3636000000000195,76.73909533522055
177,53.44722222,0.4664200000000278,17.870420000000024,30.901931896577434
178,79.49545455,-0.4204199999999787,6.989370000000008,59.238126558417726
179,47.99027778,0.8019300000000271,20.69845000000004,26.544652941868303
180,74.675,1.1143000000000145,6.082940000000008,70.4569795901839
181,51.36944444,2.9288999999999987,20.73920000000004,30.825090410650073
182,73.74166667,-0.584479999999985,9.11596000000003,50.65360885737024
183,52.99444444,3.1575000000000277,19.61602000000005,33.58298804926465
184,67.72222222,0.4743000000000279,9.659330000000011,52.73716002430419
185,59.30555556,2.6047000000000367,21.2165,29.25261570193287
186,85.50555556,3.955650000000048,9.172140000000011,69.83947219700934
187,49.81111111,3.230430000000013,20.36500000000001,32.22552416394898
188,73.79583333,2.6569200000000137,11.784019999999998,53.52979191975981
189,89.8375,8.66778000000005,13.128260000000012,74.33657119290115
190,90.10694444,4.854820000000018,5.472250000000031,95.7946349587235
191,71.46388889,5.573180000000036,15.532070000000031,51.47110256567308
192,87.06527778,3.3156700000000114,7.120300000000043,76.74805660119506
193,68.53611111,6.994100000000003,19.46722,44.27606908808165
194,89.90277778,8.817560000000014,10.916500000000042,86.87643376661934
195,87.24305556,9.34817000000004,17.02510000000001,60.56615659899932
196,90.41944444,9.32504,10.618250000000046,91.70382190460585
197,70.89722222,10.035000000000023,19.42397,54.551892746140204
198,89.87777778,9.209249999999995,11.461100000000044,86.03839994688232
199,78.69722222,8.769770000000051,20.03774000000004,48.22732048369777
200,90.93333333,10.913960000000031,11.88900000000001,93.74727141140676
201,97.88472222,8.843650000000025,14.444700000000012,69.05670212771733
202,93.70833333,5.922480000000007,7.760600000000011,88.14410937829129
203,93.86111111,4.33456000000001,6.64730000000003,85.17085053837489
204,90.90833333,4.707030000000032,6.073700000000031,90.94400119212736
205,95.49166667,4.934660000000008,6.973320000000001,86.85210165072307
206,93.84722222,4.299070000000029,6.951099999999997,83.20508471324574
207,99.6625,6.080160000000035,9.927300000000002,76.97389765568376
208,86.75277778,6.596500000000049,8.55776000000003,87.47092322136723
209,69.74166667,2.7855200000000195,15.5265,42.34496345867128
210,82.83194444,1.2207300000000032,4.488640000000032,79.3193766152705
211,60.42916667,0.7703999999999951,16.49720000000002,34.45699804163868
212,87.60833333,1.0157700000000318,4.207700000000045,79.71220363454461
213,67.93472222,1.966670000000022,16.899159999999995,36.59856996224203
214,89.85416667,5.491399999999999,9.421600000000012,76.4508591378364
215,70.59722222,4.178860000000043,16.78430000000003,43.11448846450681
216,83.91944444,3.439800000000048,7.2511800000000335,76.7328661715516
217,59.82777778,4.853360000000009,20.29522000000003,36.271401709506854
218,80.23888889,3.279700000000048,8.347830000000044,70.40813190072467
219,52.49305556,-0.5903999999999883,19.778400000000037,25.401038646280767
220,78.86805556,1.9735699999999952,6.106400000000008,74.81013356767997
221,51.09166667,0.1959500000000389,21.35850000000005,24.396719712464364
222,80.65277778,2.658900000000017,8.023650000000032,68.87942698026133
223,48.87916667,3.850729999999999,22.80895000000004,28.986977719700118
224,91.325,4.911000000000001,13.594449999999997,55.70995339302476
225,81.63888889,9.43786,16.93374,61.286759439261274
226,86.76666667,7.862240000000042,12.545980000000045,73.11624387837057
227,71.66527778,11.08540000000005,25.10656,41.386946049856604
228,86.35138889,10.145350000000008,13.10110000000003,82.25080934140048
229,63.00972222,9.96750000000003,26.34890000000001,35.68322266420054
230,83.73888889,10.006920000000036,13.538260000000037,79.201263188986
231,56.475,9.664480000000026,28.361230000000035,31.07300855283222
232,93.22916667,13.032530000000008,16.352700000000027,80.71046289253665
233,94.42777778,9.310720000000003,16.173000000000002,63.77806456550571
234,90.23472222,7.706050000000005,9.063469999999995,91.20546475917304
235,71.34861111,6.141260000000045,17.856840000000034,46.18154243107881
236,88.83194444,6.328970000000027,9.525959999999998,80.44431162036574
237,92.05277778,6.6216400000000135,13.136300000000006,64.61816738971007
238,90.575,7.5685700000000224,9.401200000000015,88.3216954516709
239,96.30972222,8.850060000000042,12.904750000000035,76.3664139728314
240,91.7125,7.906060000000025,10.197140000000047,85.67959412232817
241,70.66666667,7.488760000000013,18.50332000000003,48.64220786319951
242,85.46944444,5.062250000000006,9.923000000000002,71.7476617874758
243,61.22777778,6.874870000000044,22.29150000000004,36.90711535769162
244,66.43888889,5.245050000000049,12.570700000000045,60.96666775103379
245,74.39583333,6.957150000000013,20.72747000000004,40.848540315572336
246,90.54583333,9.812800000000038,11.70254,88.18129471988019
247,80.65138889,9.93548000000004,19.285060000000044,54.66035982060677
248,91.27222222,10.637080000000026,12.325559999999996,89.42742542994623
249,98.65972222,7.222700000000032,9.459249999999995,85.92207048030708
250,94.68194444,4.696200000000033,6.362050000000011,89.08508919589492
251,99.3875,4.03054000000003,6.527520000000038,84.06383740945827
252,88.70972222,3.8724000000000274,6.136650000000032,85.40536740303818
253,72.51111111,1.4247000000000298,13.09802000000002,44.96980502935785
254,85.76805556,2.584000000000003,5.06844000000001,83.96610055577676
255,66.27222222,3.2496300000000247,17.029440000000022,39.76092256616447
256,94.9,6.809840000000008,11.21472,74.28502577503903
257,94.09444444,10.166560000000004,12.533000000000015,85.4897919918825
258,88.01666667,7.662680000000023,9.132000000000003,90.51684684380699
259,73.18611111,9.196439999999996,20.21557000000001,49.092898070987125
260,86.80416667,8.214500000000044,10.69730000000004,84.62381288048711
261,73.53888889,9.887200000000009,22.30940000000004,45.22325951975411
262,91.05138889,10.731160000000044,14.708370000000002,77.0524104931969
263,81.40277778,10.937130000000025,21.31713000000002,51.53874491107062
264,96.11388889,12.267880000000048,13.647550000000024,91.36960603236636
265,97.22361111,11.28842000000003,15.181970000000035,77.55548905834151
266,96.23611111,6.893580000000043,9.060400000000016,86.2927516350512
267,98.95416667,5.013970000000029,7.230830000000026,85.80620471022321
268,93.65277778,5.006100000000004,6.730680000000007,88.75169185163088
269,98.76111111,6.125,9.510520000000042,79.40254271575346
270,97.21666667,6.16885000000002,7.7902500000000146,89.47641554551451
271,92.61805556,6.81722000000002,11.553740000000005,72.67250691719109
272,91.87222222,7.131560000000036,9.19622000000004,86.91278185601603
273,86.40833333,9.268370000000004,16.0625,64.04665031837678
274,89.96666667,7.04287000000005,8.800440000000037,88.72467058609274
275,80.55138889,12.51275000000004,21.37396000000001,56.99266010843682
276,89.71666667,11.91314,13.136900000000026,92.2813190954981
277,88.11388889,11.550000000000011,20.82995,55.30781466663895
278,89.76527778,11.683040000000004,13.641999999999996,87.94569748552676
279,69.8375,9.661519999999996,20.75524000000001,48.99285147074243
280,83.4,8.459860000000049,11.8365,79.78560560513367
281,83.59722222,8.8279,20.36130000000003,47.45749788359059
282,87.57222222,10.384299999999996,13.65002000000004,80.63602537837971
283,79.90555556,11.800800000000038,21.78150000000005,53.04284252520052
284,89.45972222,11.980650000000026,14.26504,86.13509674628746
285,77.98472222,11.31057000000004,18.543480000000045,62.7458896026916
286,82.57083333,9.245200000000011,12.765800000000011,79.1462945174859
287,73.77916667,10.528200000000028,20.113699999999994,54.01620637176007
288,79.90416667,9.67040000000003,12.518200000000036,82.77506847597184
289,65.86527778,10.033500000000004,24.23406,40.651952703446156
290,83.48194444,10.475950000000012,14.582400000000009,76.37175293670265
291,66.27222222,10.902600000000009,25.36343000000005,40.26641778349865
292,94.10416667,14.938750000000027,17.461659999999995,85.1330865144435
293,92.73055556,14.626400000000046,18.754020000000025,76.92419389617153
294,90.47361111,15.11465000000004,16.809630000000027,89.73296393389947
295,79.48611111,12.819200000000023,22.66693000000004,53.737232495806595
296,91.42361111,13.69225,16.145230000000026,85.38080861374317
297,92.15277778,14.33865000000003,20.623100000000026,67.22984518578377
298,95.40416667,12.50585000000001,13.974199999999996,90.86024258080748
299,93.93194444,10.28576000000004,15.449330000000032,71.31470820939622
300,93.81944444,9.312220000000025,12.328640000000007,81.81832749865873
301,91.28472222,11.6062,15.927880000000016,75.5055622597672
302,90.42777778,12.582700000000044,14.44780000000003,88.56036162196844
303,87.94861111,14.061270000000036,20.426750000000027,66.83755620453908
304,90.1125,13.882930000000044,15.371550000000012,90.83466557340793
305,87.93611111,16.134029999999996,21.07015000000001,73.40447762137457
306,86.91805556,13.131560000000036,14.691100000000006,90.36890267497083
307,79.34444444,15.79803000000004,25.616570000000024,54.58557696393701
308,88.35416667,14.849080000000017,17.085020000000043,86.68387332038388
309,85.84166667,17.184439999999995,24.406949999999995,64.08475419331494
310,88.4,14.432280000000048,16.229820000000018,89.096686505564
311,91.13055556,16.711479999999995,24.423640000000034,62.12858803244432
312,89.62638889,14.383500000000026,15.782160000000031,91.39294866482474
313,83.48333333,17.13420000000002,25.51162000000005,59.804159021427026
314,83.48611111,14.970300000000009,18.23350000000005,81.25778506322334
315,72.19027778,15.84680000000003,28.11733000000004,47.26119054856658
316,83.36527778,14.93777,17.85748000000001,83.02837755539431
317,75.34722222,16.282830000000047,28.84286000000003,46.587619715175954
318,82.4125,15.197930000000042,17.81423000000001,84.66056768070106
319,70.98611111,15.340300000000012,27.9117,46.30393578051197
320,83.82777778,16.45132000000001,19.455470000000048,82.77068448028278
321,73.65972222,18.79507000000001,29.948750000000015,51.21720093938189
322,84.40833333,17.670740000000023,20.11306000000002,85.84452567015978
323,69.97638889,17.237180000000023,30.46987000000001,45.06627938678637
324,84.24722222,16.470060000000046,19.81545,81.03633468147733
325,73.75972222,18.017100000000028,30.47234000000003,47.33291817043484
326,83.99027778,17.426840000000027,20.99914000000001,80.0346628243268
327,70.04444444,19.793270000000007,33.13674000000003,45.464739083490194
328,76.83055556,16.000020000000006,21.67773,70.11700478019411
329,63.90277778,12.884730000000047,30.75268,33.5085305303795
330,80.66944444,15.27773000000002,19.721600000000024,75.52519370769787
331,69.34027778,17.29925000000003,31.755460000000028,42.04379666894768
332,84.75972222,17.59832,21.20663000000002,79.88106074565144
333,76.52638889,19.34393,31.99380000000002,47.15909459144701
334,89.97361111,17.39187000000004,19.21526,89.18439690632296
335,86.79444444,18.384150000000037,24.73544000000004,67.77206203337606
336,88.43055556,17.381520000000023,18.85467,91.15503957133907
337,80.97222222,19.10940000000005,26.456320000000005,64.02480652130639
338,89.21805556,17.51750000000004,19.332600000000014,89.24025232507805
339,77.58055556,18.997550000000047,28.03830000000005,57.941443217508535
340,86.50138889,17.122370000000046,19.149200000000008,88.0382575892075
341,79.20972222,18.96505000000002,28.23156,57.17596987420854
342,86.11527778,17.25836000000004,19.830300000000022,85.11558707451084
343,87.34027778,19.314360000000026,28.621800000000007,57.12346161971064
344,84.62083333,18.07128,20.34585000000004,86.77896225514874
345,79.275,18.76550000000003,29.4529,52.6049315975878
346,89.0625,17.929400000000044,18.84295000000003,94.42995952816631
347,89.15555556,18.23388,21.51165000000003,81.6013643287868
348,94.53333333,16.777980000000014,18.609550000000013,89.09071180826773
349,91.32083333,19.67846000000003,24.119230000000016,76.23990120688968
350,88.63611111,17.608180000000004,18.798500000000047,92.79480117393923
351,79.72222222,20.47515000000004,28.452600000000015,61.99434071579692
352,84.68055556,18.72708,20.50085000000001,89.56167165633234
353,76.87222222,20.00410000000005,31.22814,51.31921187669892
354,84.5,19.383800000000008,21.61413000000005,87.13672431432012
355,80.12222222,19.035500000000013,32.193870000000004,45.739479513152226
356,78.81388889,17.33868000000001,23.126340000000027,69.90267096344003
357,63.17222222,13.745450000000003,27.423900000000003,42.97908036136841
358,80.56527778,13.929220000000043,16.336630000000014,85.65387170800037
359,66.47916667,11.55743000000001,26.617500000000007,39.042157456686496
360,80.60972222,13.093620000000044,16.457060000000013,80.49653611917142
361,68.60555556,14.151450000000011,28.81136000000004,40.69690382564996
362,84.1375,15.030400000000045,19.34680000000003,76.08629355166293
363,75.28472222,19.310900000000004,33.15032000000002,44.08765030030376
364,83.4375,19.27496000000002,21.434470000000037,87.50578539669559
365,66.06666667,18.449180000000013,32.31365,43.794190348838725
366,84.93055556,16.583860000000016,20.36130000000003,78.91222972713312
367,68.46805556,16.27000000000004,29.470820000000003,44.88809446964995
368,84.25694444,15.247670000000028,19.806200000000047,74.9845949711334
369,89.10694444,14.745140000000047,23.52337,57.82649761571857
370,83.45,14.334699999999998,16.526200000000017,86.87993069223681
371,72.80555556,16.437520000000006,28.287130000000047,48.59375861527319
372,83.375,16.681420000000003,20.55950000000001,78.43733310271986
373,69.71111111,16.812460000000044,31.68322000000001,40.93411778779209
374,81.98194444,18.35510000000005,21.77100000000001,80.92985255520492
375,81.82083333,17.527860000000032,31.202800000000025,44.01845387071623
376,86.20416667,16.557240000000036,17.45550000000003,94.46402542965482
377,75.79583333,14.159800000000018,25.15472,50.488830348075034
378,87.78888889,15.789150000000006,17.31716,90.73592928398925
379,85.71944444,14.694880000000012,23.50173000000001,57.714580238566846
380,90.68055556,14.917570000000012,17.17144000000002,86.59203604653898
381,73.15555556,10.733640000000037,19.56292000000002,56.66429345825949
382,79.39583333,8.364770000000021,12.14712000000003,77.66630463843825
383,66.37638889,9.924130000000048,23.599940000000004,41.924731873502026
384,87.93333333,11.71902,13.655570000000012,88.07719039198886
385,76.78472222,12.231400000000008,23.93398000000002,47.89136106285257
386,86.05555556,12.641840000000002,15.72410000000002,81.89497374662686
387,89.58055556,15.225000000000025,21.57217000000003,67.15204057657007
388,91.24583333,13.579430000000002,15.487600000000045,88.3987579988456
389,81.72916667,14.94467000000003,22.60024000000004,61.94266084978377
390,87.85277778,12.94088000000005,14.75714000000005,88.86980011008802
391,74.99305556,12.852720000000032,23.893850000000043,50.00524817011707
392,82.23055556,12.023979999999996,14.68923000000001,84.04468407893896
393,64.72916667,10.202020000000005,25.89074000000005,37.24395979512576
394,82.52361111,12.27624000000003,15.78832,79.62404584698628
395,67.77777778,13.509450000000015,26.787300000000016,43.93713603248937
396,82.48472222,14.343600000000038,17.083150000000046,83.90933534412368
397,77.02083333,14.780100000000004,27.155940000000044,46.68575459274697
398,86.57083333,15.6241,17.53884000000005,88.53291155941537
399,78.88727273,16.77355,27.71905000000004,51.31710739257171
400,86.57083333,16.22714000000002,18.84295000000003,84.77418972584019
401,74.84354839,16.15423000000004,30.20684,42.70865443702913
402,81.71944444,16.09707000000003,18.498400000000004,85.90648201950269
403,71.79861111,17.095270000000028,31.291740000000004,42.613741231758354
404,85.14722222,17.38745,20.88183000000004,80.41398268882192
405,68.51805556,15.98574000000002,29.74435,43.39087555641502
406,81.66388889,15.72410000000002,19.168360000000007,80.44111137997724
407,63.94583333,16.576960000000042,30.31118000000004,43.61256488897964
408,82.99305556,16.439020000000028,19.78150000000005,81.04692883554263
409,71.80277778,17.267240000000015,29.47576000000004,47.80974842857895
410,81.90416667,16.53262000000001,19.6549,82.17479238155538
411,64.55138889,17.08444000000003,31.87338,41.19917727017585
412,89.21805556,17.4717,20.904660000000035,80.72974715824031
413,88.05833333,16.538540000000012,29.281900000000007,46.16370350058207
414,87.95555556,17.63873000000001,19.432000000000016,89.37098028020189
415,72.47222222,17.893430000000023,31.847470000000044,43.42304481872946
416,91.45972222,17.857970000000023,20.67745000000002,83.88691721476329
417,90.30138889,17.612600000000043,26.49093000000005,58.16633873415107
418,89.02222222,16.931700000000035,18.91396000000003,88.26732252715087
419,87.06527778,17.871759999999995,25.36465000000004,63.20622756014528
420,86.98472222,17.517020000000002,18.949760000000023,91.39415286561835
421,78.63472222,20.76437000000004,29.020070000000032,61.06488407665559
422,85.41527778,19.888850000000048,21.82903000000005,88.74061245314968
423,73.92222222,20.320430000000044,30.691550000000007,53.96269829957778
424,91.47916667,18.57925,21.361000000000047,84.16204973596108
425,75.3375,17.750050000000044,28.15560000000005,53.21397512698827
426,83.17222222,17.481040000000007,19.9939,85.45109423805874
427,80.30138889,16.936120000000017,28.62612000000001,49.178867908777505
428,97.91666667,16.91790000000003,18.759580000000028,89.04539332399341
429,94.16666667,17.556939999999997,24.77868000000001,64.16798295025396
430,100.0,13.733150000000023,16.84603000000004,81.87345222981605
431,92.84305556,13.68240000000003,25.169520000000038,48.90463397338417
432,98.93055556,13.010860000000037,15.100459999999998,87.32452834669286
433,93.35138889,13.225670000000036,27.306600000000003,41.83480019975681
434,100.0,13.85238000000004,17.17700000000002,80.79709499037997
435,97.62638889,16.979000000000042,30.505700000000047,44.24420761217626
436,100.0,17.84023000000002,20.46750000000003,84.88574773605781
437,97.13333333,17.222380000000044,32.42602000000005,40.280192929442016
438,100.0,19.09808000000004,22.12790000000001,82.95346075857553
439,100.0,17.778650000000027,29.60912000000002,49.00041932547612
440,100.0,18.13387,20.32302000000004,87.24414870029018
441,100.0,18.23388,29.59740000000005,50.45828217701052
442,100.0,18.45806000000005,21.02140000000003,85.28551329568212
443,100.0,18.877340000000004,32.528530000000046,44.44093849934434
444,100.0,17.795900000000017,22.49774000000002,74.74656714328299
445,100.0,18.86895000000004,31.51030000000003,47.056562159685335
446,100.0,18.337850000000003,22.211850000000027,78.69577838837125
447,100.0,20.923,34.4828,45.21560573800283
448,100.0,20.438680000000037,23.10534000000001,84.95453691370135
449,100.0,18.486630000000048,28.83297000000005,53.58290436118013
450,100.0,15.62115,19.15600000000001,79.97400824315132
451,100.0,14.932860000000003,18.793540000000007,78.26613032601793
452,100.0,13.183300000000033,14.95165000000003,89.16422121735951
453,100.0,11.40124000000003,23.76480000000004,45.80184018232376
454,100.0,11.46084000000002,14.082880000000046,84.216051377941
455,100.0,13.756799999999998,23.87594000000001,53.10070832906918
456,100.0,12.98177000000004,14.744799999999998,89.17880373016067
457,100.0,13.810500000000047,25.70490000000001,47.767810210869484
458,100.0,12.878800000000012,15.28570000000002,85.54833937032848
459,100.0,12.189050000000009,29.756700000000023,33.8968540977521
460,100.0,13.8159,17.775959999999998,77.61281018381035
461,100.0,14.559870000000046,32.24510000000004,34.323317175188926
462,100.0,17.002650000000017,19.666650000000004,84.60334940837232
463,100.0,16.682900000000018,33.07067000000001,37.535816315876254
464,100.0,15.185600000000022,20.040220000000037,73.61010368289122
465,100.0,19.185270000000003,30.12594000000001,51.94850347329274
466,100.0,14.009550000000049,18.47308000000004,75.22514807378694
467,100.0,17.57614000000001,26.947230000000047,56.493063577322275
468,100.0,17.393370000000004,20.29955000000001,83.38633178794927
469,100.0,19.60555000000005,29.480700000000013,55.34492888677177
470,100.0,17.939260000000047,21.6481,79.43709351459985
471,100.0,18.16885000000002,30.960170000000005,46.47124161399217
472,100.0,16.39416,20.3082,78.22139985231732
473,100.0,18.974400000000003,28.172900000000027,57.405298540398576
474,100.0,17.017420000000016,20.711400000000022,79.38113309534441
475,100.0,18.42850000000004,28.731100000000023,53.70453212419104
476,100.0,17.286429999999996,20.593470000000025,81.33441515008653
477,100.0,17.958460000000002,29.94195000000002,48.61723194822903
478,100.0,16.537560000000042,20.380430000000047,78.58717577609443
479,100.0,16.997220000000027,32.15743000000003,40.317652735883684
480,100.0,14.117940000000033,21.092370000000017,64.38810122589896
481,100.0,15.198900000000036,31.751760000000047,36.78083968489267
482,100.0,14.893430000000023,18.96087,77.25534929006935
483,100.0,15.266400000000033,32.10864000000004,36.20055279460796
484,100.0,16.805570000000046,19.96180000000004,82.03556952165607
485,100.0,17.012020000000007,31.53872000000001,41.797646988168154
486,100.0,16.698660000000018,20.14208000000002,80.57545459344045
487,100.0,15.660060000000044,32.322900000000004,36.67899813899358
488,100.0,11.52290000000005,19.79940000000005,58.84057397521624
489,100.0,12.096429999999998,31.66900000000004,30.198680567753044
490,100.0,15.53344000000004,18.66326000000004,82.01220938418149
491,100.0,13.000020000000006,18.30883,71.16688442500487
492,100.0,11.7466,13.025779999999996,91.93784394727676
493,100.0,10.55874,22.61196000000001,46.43675299645238
494,100.0,9.721150000000025,13.099240000000009,79.95609758745493
495,100.0,11.32534000000004,25.58077000000003,40.88033498896856
496,100.0,10.588279999999996,15.409199999999998,72.95650164693707
497,100.0,11.826930000000004,24.50576000000001,45.05833459569817
498,100.0,12.873400000000004,15.779700000000048,82.85154558722219
499,100.0,15.097900000000038,22.261870000000044,63.85792697792954
500,100.0,14.57710000000003,15.772270000000049,92.60261606000648
501,100.0,15.162440000000004,21.858670000000014,65.72056896756611
502,100.0,14.78454000000005,17.193700000000035,85.73171594646145
503,100.0,15.104300000000023,20.403279999999995,71.59982690462195
504,100.0,9.11465000000004,10.965880000000029,88.3458984116199
505,100.0,13.127620000000036,22.58975000000004,55.09003979336167
506,100.0,10.431600000000005,12.312600000000032,88.28581815238678
507,100.0,14.895399999999997,24.45574000000005,55.205809484940396
508,100.0,14.66384000000005,16.750969999999995,87.48886094307696
509,100.0,15.158000000000015,25.133100000000013,53.919100741743065
510,100.0,12.642330000000015,15.136300000000006,85.04599546289255
511,100.0,12.059470000000031,25.90554000000003,42.092791195810534
512,100.0,12.28167000000002,15.442530000000032,81.43725348463495
513,100.0,14.209600000000025,26.10930000000002,47.85972892649435
514,100.0,11.619500000000016,14.65527000000003,82.01024273525607
515,100.0,12.514200000000017,25.56967000000003,44.24386155061892
516,100.0,10.94204000000002,14.303300000000036,80.2137313358984
517,100.0,14.631799999999998,27.770320000000027,44.605813640876804
518,100.0,13.205960000000005,16.039030000000025,83.28021548988382
519,100.0,15.488120000000038,27.35537000000005,48.292481939013044
520,100.0,14.35098000000005,17.929700000000025,79.57876987642994
521,100.0,6.599940000000004,15.87847000000005,54.04172634156568
522,100.0,6.744799999999998,11.04430000000002,74.79501085370411
523,100.0,4.204980000000035,17.95318000000003,40.11649829667971
524,100.0,3.4974600000000464,7.275900000000036,76.91540454843545
525,100.0,3.437340000000006,17.35485,39.46986701647689
526,100.0,3.2570400000000177,7.1054600000000505,76.50856270873109
527,100.0,2.7958600000000047,19.41720000000004,33.14104773603027
528,100.0,2.3061500000000024,6.64608000000004,73.80889667434967
529,100.0,6.569880000000012,22.225430000000017,36.28739492119211
530,100.0,10.777000000000044,15.57220000000001,73.11075813276436
531,100.0,13.974080000000017,21.93524000000002,60.57971704314319
532,100.0,12.710320000000024,14.884360000000015,86.82293569649585
533,100.0,12.62115,16.038400000000024,80.15644859698948
534,100.0,11.05734000000001,13.198660000000018,86.84924838041239
535,100.0,13.533600000000035,21.47520000000003,60.54974290563283
536,100.0,13.720820000000003,15.67285000000004,88.16261427790796
537,100.0,13.437520000000006,19.40978000000001,68.35882526134566
538,100.0,9.738400000000013,11.092460000000017,91.35980276436474
539,100.0,12.681240000000004,23.346150000000023,51.106922597480995
540,100.0,10.236500000000037,12.87017000000003,84.01294330854732
541,100.0,14.089350000000024,23.62832000000003,55.075194348958334
542,100.0,11.772730000000024,13.99087000000003,86.48517363171862
543,100.0,15.369380000000035,22.97320000000002,62.2334123113677
544,100.0,12.97195000000005,15.588900000000024,84.41287339667878
545,100.0,14.31650000000002,26.02720000000005,48.427035170036255
546,100.0,10.021200000000022,16.986199999999997,63.52143142872077
547,100.0,8.805720000000008,24.868830000000003,36.03359517092396
548,100.0,9.401400000000024,12.907830000000049,79.24244594356728
549,100.0,13.044370000000017,25.712270000000046,45.42115436064324
550,100.0,11.890950000000032,13.982230000000015,87.21147348574598
551,100.0,5.239620000000002,14.10635000000002,55.1350573045349
552,100.0,5.576620000000048,9.307980000000043,77.49443679198026
553,100.0,5.250940000000014,15.874780000000044,49.23945024913572
554,100.0,4.916899999999998,7.250570000000039,85.11259826978797
555,100.0,7.171960000000013,15.955650000000048,55.92882421801958
556,100.0,6.300870000000032,9.738980000000026,79.14833392196134
557,100.0,4.785360000000026,14.147700000000045,53.274476760018
558,100.0,4.17935,6.401540000000011,85.68649840907973
559,100.0,6.15554000000003,14.081020000000024,58.84396262141556
560,100.0,3.0057600000000093,6.332400000000007,79.261655279594
561,100.0,2.498300000000029,15.386960000000045,41.86311435026571
562,100.0,2.82394000000005,5.11044000000004,85.1590073553329
563,100.0,6.795560000000023,22.682980000000043,35.84309871777242
564,100.0,9.207270000000053,12.659600000000012,79.49575348963644
565,100.0,11.554960000000053,14.01373000000001,85.12310308745819
566,100.0,6.970450000000028,8.661500000000046,89.11868934100212
567,100.0,10.6755,17.496849999999995,64.24783335177506
568,100.0,5.561360000000036,8.602840000000015,81.18671521351705
569,100.0,12.56695000000002,20.67190000000005,59.718984188108614
570,100.0,7.667100000000005,9.153620000000046,90.41227633146997
571,100.0,11.51750000000004,23.35110000000003,47.322107157120065
572,100.0,7.464140000000043,10.426840000000029,81.87032579929509
573,100.0,12.51916,23.5641,49.905360972186166
574,100.0,9.140250000000036,11.951380000000029,82.90991227666187
575,100.0,13.723780000000032,23.994500000000016,52.610243353766265
576,100.0,7.690760000000012,9.466060000000027,88.67340178004186
577,100.0,12.374300000000003,22.42983000000004,52.9491372727803
578,100.0,10.7962,12.341000000000008,90.28814939338811
579,100.0,13.48780000000005,20.404530000000022,64.48029741968128
580,100.0,9.897550000000024,11.36044000000004,90.71353815862015
581,100.0,12.685699999999995,22.26928000000004,54.573336682780194
582,100.0,7.912470000000042,10.068080000000007,86.46010953301239
583,100.0,10.657250000000031,23.688230000000036,43.79529113043661
584,100.0,7.884400000000028,10.257650000000012,85.20805002546568
585,100.0,11.14996000000002,24.62615,42.77487448524903
586,100.0,8.229270000000042,10.541680000000042,85.59161801475828
587,100.0,12.35214000000002,25.28253000000001,44.529607432813584
588,100.0,9.313680000000032,11.236350000000016,87.9453719737014
589,100.0,13.153250000000014,26.282830000000047,44.22508173884017
590,100.0,8.543100000000038,12.47067000000004,76.95606266413776
591,100.0,13.195120000000031,23.96917000000002,50.90619394622702
592,100.0,8.537230000000022,11.657460000000016,81.15892655618674
593,100.0,14.012020000000009,23.609800000000007,54.86086168748432
594,100.0,8.89984000000004,10.963430000000017,87.08866724109923
595,100.0,12.881280000000004,22.30755000000005,55.14833681589405
596,100.0,7.1980800000000045,8.649130000000014,90.59542758104364
597,100.0,13.27890000000002,20.202600000000015,64.40707839599216
598,100.0,7.406980000000033,9.211659999999997,88.47404352792728
599,100.0,13.16064,19.23690000000005,67.86184912119987
600,100.0,5.287400000000048,6.611500000000035,91.25087813829454
601,100.0,13.048800000000028,18.44467000000003,70.78835703594422
602,100.0,8.202170000000024,10.49105000000003,85.72317541436631
603,100.0,8.851560000000006,11.827260000000024,81.97869377965921
604,100.0,6.050600000000031,7.771100000000047,88.86460531064448
605,100.0,5.534750000000031,8.67446000000001,80.64513676837697
606,100.0,3.511740000000032,4.64425,92.35799437853585
607,100.0,2.988520000000051,8.036000000000001,70.44919790017994
608,100.0,1.1517600000000243,3.787200000000041,82.9087309107783
609,100.0,4.078850000000045,9.604360000000042,68.42734093832372
610,100.0,2.740700000000004,5.071529999999996,84.88730429720329
611,100.0,8.77618000000001,13.619169999999995,72.52444674918635
612,100.0,9.866480000000024,11.330200000000048,90.70638747006886
613,100.0,13.210380000000043,19.86360000000002,65.48055675943918
614,100.0,11.460350000000004,16.650320000000022,71.41450597055761
615,100.0,12.396000000000017,15.538260000000037,81.54929921949463
616,100.0,6.886680000000013,10.148979999999996,80.17073801723475
617,100.0,11.48153000000002,22.33288000000005,50.217136931585806
618,100.0,11.836270000000011,14.936820000000012,81.69595913796938
619,100.0,11.297270000000026,15.219629999999997,77.41333672783452
620,100.0,9.181150000000002,10.342250000000035,92.50683876239626
621,100.0,10.4735,15.00475,74.3074419219723
622,100.0,6.198400000000049,7.592650000000049,90.87537215999822
623,100.0,10.09707000000003,12.393500000000016,85.87651488233753
624,100.0,8.188379999999995,10.65100000000001,84.73471189645045
625,100.0,10.64790000000005,15.775959999999998,71.54511687789575
626,100.0,8.37856000000005,9.973000000000011,89.81182343452465
627,100.0,7.808040000000005,9.395650000000046,89.80936082611045
628,100.0,4.077359999999999,5.587730000000022,89.99830300375486
629,100.0,7.047799999999995,11.128900000000044,75.93884449504057
630,100.0,5.141080000000045,7.062860000000001,87.57067159668385
631,100.0,8.452480000000037,10.74236000000002,85.74357933100704
632,100.0,9.523580000000038,13.45245,77.1044169135453
633,100.0,9.483180000000004,16.157560000000046,64.58593673053059
634,100.0,6.809349999999995,8.1558,91.21333741041373
635,100.0,6.2181000000000495,9.944600000000037,77.62040135983624
636,100.0,6.3659300000000485,7.761220000000037,90.88055460415099
637,100.0,9.120570000000043,13.380179999999996,75.39517605476166
638,100.0,8.005600000000015,12.231700000000046,75.37374135991588
639,100.0,10.604060000000004,16.854700000000037,66.59631162148828
640,100.0,7.694200000000023,10.702230000000045,81.65327018100874
641,100.0,9.94730000000004,16.118070000000046,66.7972596752712
642,100.0,8.29086000000001,12.89855,73.55856606964971
643,100.0,5.272640000000024,16.437900000000013,47.57308438377091
644,100.0,3.397450000000049,6.359580000000051,81.33461987982531
645,100.0,7.206450000000018,13.41476,66.052560132276
646,100.0,6.314700000000016,7.999570000000006,89.10236681764414
647,100.0,9.741360000000045,11.903220000000031,86.60485572448583
648,100.0,7.558700000000044,9.862480000000003,85.57022310988663
649,100.0,9.885700000000044,14.873220000000003,72.05171038818243
650,100.0,6.841360000000009,8.613950000000045,88.61748463937394
651,100.0,7.914940000000001,12.526850000000024,73.47124942531094
652,100.0,1.761220000000037,3.9502200000000016,85.6252224691902
653,100.0,5.203670000000045,11.232020000000034,66.40357880774732
654,100.0,1.8233000000000172,4.150260000000003,84.8066633940466
655,100.0,5.954030000000046,11.399350000000029,69.17934099476352
656,100.0,2.1962500000000205,4.179900000000032,86.91385652664336
657,100.0,4.648400000000038,7.6290800000000445,81.399701126874
658,100.0,3.833979999999997,6.1027200000000335,85.3747221144309
659,100.0,6.530970000000025,10.426230000000032,76.7989099475825
660,100.0,3.522100000000023,5.619230000000016,86.3614921591458
661,100.0,6.462980000000016,9.468530000000044,81.50455424945588
662,100.0,7.311400000000049,9.207940000000008,87.91978743425798
663,100.0,10.378900000000044,13.780330000000047,79.92673710575163
664,100.0,6.942859999999996,9.24377000000004,85.52141757855024
665,100.0,9.121550000000012,15.055380000000014,67.6459383782318
666,100.0,6.781240000000025,9.106070000000043,85.36640531042251
667,100.0,-1.420599999999979,7.698239999999998,52.45526906727163
668,100.0,-2.3251699999999573,-0.0985499999999888,84.9419268503612
669,100.0,-1.8945699999999877,6.344140000000039,55.58569039627548
670,100.0,-1.065339999999992,2.7103200000000243,76.17308773008676
671,100.0,2.305630000000008,4.781949999999995,83.98060147980951
672,100.0,0.2067800000000375,2.1188000000000216,87.15906203254907
673,100.0,0.7093000000000416,4.367600000000039,77.1024107859415
674,100.0,-2.8951999999999884,-1.6205999999999676,91.00700508968893
675,100.0,-1.627019999999959,0.6128000000000497,84.94051441390172
676,100.0,-2.1152699999999527,-0.6394399999999791,89.73412044282006
677,100.0,-2.00885999999997,-0.1207599999999615,87.0905716707088
678,100.0,-2.6513400000000047,-0.9154399999999896,87.99977762245398
679,100.0,-1.641300000000001,1.422900000000027,80.0461068790141
680,100.0,-1.1166000000000054,0.3293700000000399,90.00811874261298
681,100.0,3.5492000000000417,6.275599999999997,82.68730006113375
682,100.0,0.3959600000000023,1.7637600000000475,90.63017104445622
683,100.0,3.384640000000047,4.906060000000025,89.87590593554913
684,100.0,-0.2001999999999952,1.7594200000000342,86.822943458582
685,100.0,6.478750000000048,9.711820000000046,80.27053694955345
686,100.0,5.257350000000031,6.854800000000012,89.55073117638531
687,100.0,4.015770000000032,6.591120000000046,83.60998348635844
688,100.0,-2.7887999999999806,2.8048,66.63527003451262
689,100.0,-1.427979999999991,3.950829999999996,67.95282388710638
690,100.0,0.0126600000000394,1.5315800000000197,89.62566951610327
691,100.0,0.2250000000000227,2.386160000000018,85.62755612938334
692,100.0,-0.6298299999999699,0.712820000000022,90.71937198043372
693,100.0,2.334699999999998,4.497280000000046,85.84540188836463
694,100.0,2.6766300000000456,5.290729999999996,83.22320426287065
695,100.0,4.327660000000037,6.75723000000005,84.48890949550906
696,100.0,-1.308749999999975,-0.0670499999999947,91.33665669330604
697,100.0,4.02170000000001,8.053920000000005,75.68162374752058
698,100.0,0.5053300000000149,2.873960000000011,84.40640478641272
699,100.0,5.88900000000001,13.951350000000048,58.258089899755724
700,100.0,2.2475000000000023,4.597300000000018,84.71927780284759
701,100.0,8.788000000000011,15.735220000000028,63.31538425319609
702,100.0,3.1205400000000054,5.145620000000008,86.75420025053565
703,100.0,8.28842000000003,14.465700000000028,66.41817206217033
704,100.0,3.449180000000013,5.566740000000038,86.2317567298352
705,100.0,7.079830000000015,11.9384,72.13746735770323
706,100.0,3.78964000000002,5.382750000000044,89.46048518668147
707,100.0,8.624400000000037,14.942380000000014,65.88949188051302
708,100.0,6.442300000000046,11.649440000000029,70.37599304313635
709,100.0,8.045500000000004,13.409840000000033,69.96653154216193
710,100.0,6.2067800000000375,11.001700000000028,72.27908444559652
711,100.0,8.705219999999997,10.957850000000008,85.98242263635372
712,100.0,5.160300000000007,6.93258000000003,88.47472024223494
713,100.0,5.501250000000027,8.499720000000025,81.41546170485053
714,100.0,2.3090799999999945,7.734059999999999,68.5251124815155
715,100.0,2.253399999999999,10.697900000000004,55.89930914161657
716,100.0,0.8935800000000427,2.6498000000000275,88.19585044477583
717,100.0,3.573820000000012,8.73992000000004,70.00085243772993
718,100.0,3.9413700000000063,6.526300000000049,83.54592062315189
719,100.0,1.43652000000003,7.730980000000045,64.39616517755778
720,100.0,-1.277719999999988,0.7091000000000349,86.54404388941876
721,100.0,0.9802999999999996,6.174340000000029,69.34198367040952
722,100.0,-0.9673199999999724,2.7844200000000114,76.31908858601183
723,100.0,-2.482339999999965,3.857600000000048,63.282686681418696
724,100.0,-4.215159999999969,0.5856300000000374,70.21108523973018
725,100.0,-3.4662500000000023,1.224080000000015,70.92480474517804
726,100.0,-4.761539999999968,-1.4742499999999836,78.28707332297205
727,100.0,-3.796849999999949,1.6662000000000037,67.03346394972598
728,100.0,-5.772529999999961,-3.6656600000000026,85.30009198993193
729,100.0,-3.3139999999999645,1.3624000000000365,71.02635767479148
730,100.0,-2.7921199999999544,-1.2977999999999952,89.55801586529671
731,100.0,0.382000000000005,5.50042000000002,69.58276504954274
732,100.0,-3.8444999999999823,-2.5384599999999864,90.72748313219118
733,100.0,0.3447000000000457,5.348700000000008,70.13019418014552
734,100.0,-3.867859999999951,-3.065279999999973,94.18256085809598
735,100.0,-1.538819999999987,1.6195600000000354,79.5227547918461
736,100.0,-4.073299999999961,-3.9475499999999775,99.06109105641224
737,100.0,0.2808800000000246,2.322630000000004,86.36444343262882
738,100.0,1.0032600000000116,2.130269999999996,92.24321210553236
739,100.0,-4.364139999999964,5.345700000000022,49.55645830548193
740,100.0,-5.645330000000001,-1.4775999999999954,73.23424657784983
741,100.0,-3.997320000000002,3.5172699999999963,57.8963242227953
742,100.0,-6.236899999999992,-4.454079999999976,87.34990870491195
743,100.0,-4.570039999999949,3.2132200000000357,56.659411583608055
744,100.0,-5.727579999999989,-4.106449999999995,88.46701283002282
745,100.0,-0.4770299999999565,2.6899700000000166,79.63201781965121
746,100.0,-4.013069999999971,-3.442819999999984,95.82198652501681
747,100.0,-0.0234699999999747,4.5190000000000055,72.34980778799084
748,100.0,-3.83099999999996,-3.061099999999953,94.41362144379065
749,100.0,0.6576000000000022,9.147100000000025,55.31357588504417
750,100.0,-1.7600199999999973,-1.0785999999999945,95.12008385700025
751,100.0,2.369400000000041,7.68127000000004,69.0681661348454
752,100.0,-3.353599999999972,-2.128099999999961,91.304742623454
753,100.0,0.6688200000000393,3.715000000000032,80.48228314758848
754,100.0,-1.9937499999999773,-1.8234599999999543,98.7525053142244
755,100.0,-1.86206999999996,-1.544499999999971,97.69001399709654
756,100.0,-2.258979999999952,-2.227849999999989,99.77014355804172
757,100.0,-0.6671799999999735,0.4607500000000186,92.1345598021215
758,100.0,-3.214239999999961,-3.0981499999999755,99.13902969709713
759,100.0,-0.4410799999999995,-0.3492499999999836,99.33368130852479
760,100.0,-2.412269999999978,-2.366999999999962,99.66550710604861
761,100.0,-0.2261999999999489,0.706230000000005,93.46992540438434
762,100.0,-1.194039999999973,-0.9656699999999888,98.34189664239152
763,100.0,-1.693899999999985,-1.6651699999999892,99.78883297990849
764,100.0,-2.657259999999951,-2.65731999999997,100.00044506221128
765,100.0,-2.16413,-2.129899999999964,99.74748443150627
766,100.0,-1.3477800000000002,-0.9435799999999972,97.0824598201175
767,100.0,-0.8748799999999619,0.307200000000023,91.76121012096439
768,100.0,-1.116739999999993,-0.5170999999999708,95.71382556986511
769,100.0,0.2139000000000237,1.5759500000000344,90.65421540219648
770,100.0,-0.4343299999999885,0.4756700000000364,93.61076956062685
771,100.0,-0.9413999999999874,2.974300000000028,75.44169087993879
772,100.0,-4.48057,-3.708619999999996,94.36965678797674
773,100.0,-1.000739999999951,0.9415800000000444,86.8502934418372
774,100.0,-3.0991599999999835,-1.5851199999999608,89.40312809535043
775,100.0,-0.3417399999999588,3.0173000000000343,78.57556081722285
776,100.0,-4.910769999999957,-4.12555999999995,94.25604982188642
777,100.0,-1.400819999999953,1.4266300000000456,81.45137384583614
778,100.0,-5.122959999999978,-4.713930000000005,96.95546678962846
779,100.0,1.4703300000000468,4.713700000000017,79.49267322010853
780,100.0,-0.9413999999999874,-0.5206699999999955,96.97517437065721
781,100.0,2.716420000000028,4.779440000000022,86.48450937149909
782,100.0,0.2786200000000463,0.8125500000000443,96.21618890892091
783,100.0,1.7607399999999984,3.101530000000025,90.90244121729096
784,100.0,1.9356000000000224,2.0741200000000504,99.01602884684046
785,100.0,6.318540000000041,10.581870000000038,74.9018047171308
786,100.0,0.3775300000000356,1.946300000000008,89.33623870431106
787,100.0,3.1008000000000493,6.8025800000000345,77.25646597687434
788,100.0,1.0581000000000245,1.1118400000000292,99.61422453747421
789,100.0,-0.2711499999999773,9.647670000000003,50.001512852938724
790,100.0,-4.406399999999962,2.9946199999999976,58.256132903849235
791,100.0,5.67706000000004,15.684870000000046,51.33791918083327
792,100.0,5.862270000000024,9.108270000000005,80.11393030365093
793,100.0,7.432029999999997,17.107100000000003,52.910327384190644
794,100.0,5.647850000000005,11.586600000000033,66.89437657112369
795,100.0,8.27355,17.719400000000007,53.90424549219293
796,100.0,6.303700000000049,12.73406,64.90470456871115
797,100.0,7.352000000000032,15.25060000000002,59.23933602359208
798,100.0,7.112880000000018,9.951700000000017,82.50609607571292
799,100.0,7.625800000000027,11.21087,78.57206717259625
800,100.0,-1.1931500000000028,4.591270000000009,66.09897232216116
801,100.0,-1.6399999999999864,7.634060000000034,51.842744523519336
802,100.0,-9.15707999999995,1.361500000000035,45.44282069740333
803,100.0,-4.285929999999951,6.11685,47.25598334404628
804,100.0,-2.78222999999997,1.1070500000000152,75.26143677099894
805,100.0,0.2004000000000019,7.098260000000039,61.50960357736772
806,100.0,0.1829000000000178,3.328520000000026,79.85001416338797
807,100.0,-5.574739999999963,6.245870000000025,42.48892954526162
808,100.0,-6.247230000000002,-1.5546599999999555,70.34652990933874
809,100.0,0.6409500000000321,10.457640000000026,50.59903364324959
810,100.0,-0.09314999999998,5.897640000000024,65.40220825638282
811,100.0,3.5323400000000333,15.047500000000014,46.03669736723932
812,100.0,7.151540000000011,9.61360000000002,84.62217955759861
813,100.0,2.106870000000015,9.571799999999996,59.645836350457046
814,100.0,3.249600000000044,5.5231,85.28284910139325
815,100.0,0.4305700000000456,11.075900000000049,47.82683101278115
816,100.0,-0.7184499999999616,0.4715000000000486,91.71915471817294
817,100.0,1.536860000000047,11.07528000000002,51.793439358757475
818,100.0,-2.125039999999956,7.631680000000017,50.03030622770771
819,100.0,7.345730000000003,9.30600000000004,87.54635698462539
820,100.0,2.098320000000001,4.116399999999999,86.69442858635338
821,100.0,3.2985800000000154,11.30883,57.80728427965085
822,100.0,0.7313200000000393,1.8328200000000263,92.39497925759682
823,100.0,2.831500000000005,11.77117000000004,54.24304007968587
824,100.0,0.6454400000000078,2.5346600000000308,87.34333325826718
825,100.0,3.190240000000017,16.551600000000008,40.81430451371816
826,100.0,3.8722000000000207,8.73553000000004,71.50801467816478
827,100.0,4.150900000000036,11.424130000000048,60.9149181363849
828,100.0,0.6382399999999961,5.377949999999999,71.48851995860977
829,100.0,-1.934879999999964,12.056700000000037,37.712785914642204
830,100.0,1.1853300000000218,6.585170000000005,68.4078596526873
831,100.0,-0.662239999999997,9.60226,48.74552688004159
832,100.0,-2.633459999999957,-0.1742299999999659,83.48204517308265
833,100.0,-0.3156500000000051,9.915279999999996,48.953341190077346
834,100.0,-3.6754499999999553,1.1291400000000067,70.30250359545697
835,100.0,-2.250900000000001,10.595030000000008,40.58983559618864
836,100.0,-3.46823999999998,3.2729700000000435,61.2826123071781
837,100.0,0.4629500000000348,13.00585000000001,42.21447129248496
838,100.0,1.5049400000000333,12.81948,46.060984171881984
839,100.0,-2.7520999999999844,11.07946000000004,37.87028053278911
840,100.0,-3.1562599999999748,2.432520000000011,66.57631072315306
841,100.0,4.366660000000024,15.358730000000037,47.84933344448213
842,100.0,4.183700000000044,10.138100000000009,66.51029059508835
843,100.0,5.326440000000048,13.242400000000032,58.67569722825349
844,100.0,1.4006600000000162,2.347700000000032,93.45613223708136
845,100.0,-0.1124599999999986,8.370000000000005,55.1361847568994
846,100.0,-4.925599999999974,6.914880000000039,42.62418890779474
847,100.0,-2.669399999999996,8.55215000000004,45.14000570910219
848,100.0,-2.3147299999999973,0.7265600000000063,80.07938602607338
849,100.0,-2.1510999999999854,11.75863000000004,37.85269882486971
850,100.0,-4.326849999999979,6.676540000000045,45.328668589975095
851,100.0,2.904780000000017,12.87026000000003,50.72450133716886
852,100.0,7.870320000000049,8.994200000000035,92.66414157363076
853,100.0,5.887900000000002,16.779170000000022,48.581037151645084
854,100.0,4.191800000000001,13.329600000000028,53.89968703615276
855,100.0,9.597900000000038,14.93643000000003,70.38654981693044
856,100.0,7.296300000000031,8.20210000000003,94.01281912811586
857,100.0,2.27860000000004,9.012699999999995,62.69671056242775
858,100.0,-0.695069999999987,2.520930000000021,79.32280633923902
859,100.0,-0.6173000000000002,11.62124,42.74960730166198
860,100.0,-0.4586199999999962,5.858800000000031,63.85801037266559
861,100.0,7.524650000000008,12.46407000000005,71.83758572355184
862,100.0,7.078240000000051,7.294800000000009,98.52824262021277
863,100.0,2.51460000000003,11.023300000000006,55.72901202070002
864,100.0,1.4600000000000364,4.884550000000047,78.49231963413608
865,100.0,2.4026700000000005,8.661460000000034,64.77217253922787
866,100.0,1.2460300000000188,2.949820000000045,88.5558558027027
867,100.0,1.6366500000000317,11.33453000000003,51.275720085926494
868,100.0,0.2930000000000063,3.1117000000000417,81.73235558090839
869,100.0,3.853300000000047,13.030940000000044,53.67014573305627
870,100.0,2.584280000000035,5.135430000000042,83.57707696992065
871,100.0,3.860960000000034,16.732600000000048,42.301284657341434
872,100.0,5.86360000000002,9.621970000000031,77.39903421900803
873,100.0,7.00723000000005,22.201750000000004,37.44796389947558
874,100.0,4.202600000000018,10.586659999999997,64.63362006113499
875,100.0,6.572530000000029,14.691520000000024,58.21423750997472
876,100.0,5.128630000000044,7.29418000000004,86.11995070433363
877,100.0,-0.5197499999999877,12.824270000000013,39.77814192226111
878,100.0,-2.3313699999999926,6.790639999999996,52.193069692809026
879,100.0,-6.418949999999995,9.319150000000036,32.31151539298027
880,100.0,-1.9595999999999665,1.0550800000000322,80.28488292195645
881,100.0,-0.7620599999999627,13.231040000000007,38.055475806914004
882,100.0,-2.1982999999999606,1.0873400000000402,78.69971325777783
883,100.0,-0.0872999999999706,17.117850000000033,31.131974127708617
884,100.0,2.320860000000039,7.487729999999999,69.74511052380278
885,100.0,5.063000000000045,18.178120000000035,41.997137237295675
886,100.0,1.6573400000000331,5.324180000000013,77.21035495490398
887,100.0,1.5467500000000314,19.00662,31.10347400041129
888,100.0,1.1556600000000117,6.389250000000004,69.18915915600574
889,100.0,1.785000000000025,20.536370000000037,28.772265753940466
890,100.0,1.573720000000037,6.415520000000015,71.16736451054496
891,100.0,2.6966500000000337,19.93844000000001,31.86005707879227
892,100.0,0.5425000000000182,5.8361000000000445,68.77609574871035
893,100.0,-2.37719999999996,6.400570000000016,53.431023769481314
894,100.0,-8.398719999999969,0.2313800000000014,52.30831892055509
895,100.0,-3.798649999999952,2.8034600000000296,61.80743992164457
896,100.0,-1.0079399999999623,-0.9381999999999948,99.49114947887509
897,100.0,0.1006000000000426,1.0557000000000016,93.33446015922642
898,100.0,-1.2542799999999945,-0.1306199999999648,92.1265951135727
899,100.0,-1.2016999999999598,0.9224800000000072,85.69937478067783
900,100.0,-0.8173299999999699,1.2026299999999992,86.3852926559822
901,100.0,0.532160000000033,6.843800000000044,64.11302884967108
902,100.0,0.3856000000000108,6.380880000000047,65.48964800244731
903,100.0,1.2554600000000278,14.427480000000005,40.74833833346652
904,100.0,0.5690200000000232,4.200040000000001,77.2271131958384
905,100.0,3.1597000000000435,16.97270000000003,39.65133593560819
906,100.0,2.470540000000028,6.868280000000027,73.54611058562288
907,,2.981650000000002,17.493600000000015,37.88501097288317
908,100.0,-0.3516300000000001,7.743980000000022,56.541913499105924
909,100.0,-1.970399999999984,8.030079999999998,49.249770873105675
910,100.0,-4.679719999999975,3.1594800000000305,56.40667236852227
911,100.0,-7.094149999999956,6.988950000000045,35.942047710023466
912,100.0,-7.614719999999977,-0.6610499999999888,59.31473180743251
913,100.0,-7.894319999999993,8.213459999999998,31.079078129181948
914,100.0,-5.558569999999975,-2.02652999999998,76.75915367506525
915,100.0,-1.635469999999998,10.405660000000012,43.014109104320376
916,100.0,-2.412269999999978,3.4963600000000383,65.25092416790869
917,100.0,-0.93059999999997,14.732720000000027,34.099060349014685
918,100.0,-1.9442999999999984,3.3213400000000206,68.38595622322461
919,100.0,0.9309000000000084,16.423760000000016,35.021210710743624
920,100.0,-1.591439999999977,7.166350000000023,53.718298780805554
921,100.0,2.061900000000037,18.211569999999995,33.918046753746864
922,100.0,1.709920000000011,5.755460000000028,75.2169943238026
923,100.0,-5.308629999999994,17.83764000000002,20.191990402939798
924,100.0,-6.249949999999956,6.3336700000000405,40.11387101022279
925,,-8.191469999999981,18.82680000000005,15.209186405604989
926,100.0,-5.866029999999967,3.7777000000000394,49.354860593897676
927,100.0,-2.942269999999951,19.36083000000002,21.923877652239675
928,100.0,-3.17062999999996,8.94160000000005,42.358655510224885
929,100.0,-0.0630199999999945,21.59722000000005,23.595066519142232
930,100.0,0.3069399999999973,6.275140000000022,65.5943522292422
931,100.0,5.757530000000031,23.471060000000023,31.812099945183668
932,100.0,2.8270200000000045,8.673429999999996,66.70026961022195
933,100.0,3.147550000000024,20.69230000000005,31.396538962325877
934,100.0,1.273900000000026,6.9047199999999975,67.34946838963741
935,100.0,4.00436000000002,22.590599999999995,29.6927186585901
936,100.0,2.666100000000029,10.230650000000026,59.38695268945603
937,100.0,1.6578000000000088,24.735600000000037,22.091701279012703
938,100.0,2.7150800000000004,15.00750000000005,43.56267201460163
939,100.0,1.8299499999999969,6.680720000000008,71.17352865823712
940,100.0,-4.548469999999952,1.762900000000002,62.91668026069043
941,100.0,-2.8303599999999847,12.096699999999998,35.201597648923695
942,100.0,-0.506719999999973,2.546000000000049,80.27669571299968
943,100.0,0.1136400000000321,18.94747000000001,28.154920355120588
944,100.0,3.0931300000000306,9.779700000000048,63.08824922194849
945,100.0,4.60223000000002,24.1807,28.127284680527744
946,100.0,6.008360000000039,9.961270000000011,76.41889481817627
947,100.0,4.384670000000028,25.9237,24.96643107013662
948,100.0,7.502620000000036,12.148680000000011,73.23263524050651
949,100.0,8.290639999999996,25.40222,33.70898282469563
950,100.0,6.3913800000000265,11.43786,71.11794381820145
951,100.0,-0.8748799999999619,17.63336000000004,28.453324330872782
952,100.0,-2.985879999999952,9.076620000000048,42.55569585436657
953,100.0,2.185080000000028,17.770140000000026,35.18110202589139
954,100.0,2.358600000000024,6.284100000000024,75.95492239744159
955,100.0,1.6231600000000412,18.36926,32.54701796951446
956,100.0,0.9556200000000104,6.000360000000001,70.05569583479918
957,100.0,0.8041300000000433,19.82495,28.022551971505155
958,100.0,1.0958800000000224,6.282300000000021,69.40218532745686
959,100.0,1.8367000000000075,21.449100000000044,27.302304947924856
960,100.0,3.688780000000008,9.116630000000043,68.79762844563129
961,100.0,4.938040000000001,25.082670000000007,27.2812965379022
962,100.0,2.258800000000008,11.64572000000004,52.51287458836463
963,100.0,4.408040000000028,16.56713000000002,44.42145296138499
964,100.0,4.362180000000024,7.502070000000003,80.48082139884153
965,100.0,6.839560000000006,22.440060000000017,36.486322688079674
966,100.0,9.4837,11.366780000000006,88.19142746574022
967,100.0,7.432500000000003,25.607700000000023,31.4094419616401
968,100.0,8.953270000000032,13.573900000000036,73.61393988263714
969,100.0,10.704200000000014,21.73702000000003,49.45768507658656
970,100.0,12.257780000000023,12.809930000000008,96.4407993411928
971,100.0,10.366600000000004,20.449180000000013,52.33981417514103
972,100.0,9.41357000000005,14.119870000000049,73.28695464034224
973,100.0,12.431730000000016,17.01513,74.39524029288069
974,100.0,10.781060000000023,12.019650000000013,92.12526630979944
975,100.0,11.628870000000006,17.255240000000015,69.49670355868145
976,100.0,7.574550000000045,9.34423000000004,88.6971088073753
977,100.0,5.201900000000023,15.73266000000001,49.5201090545705
978,100.0,4.171140000000037,7.700370000000021,78.34304152737795
979,100.0,3.810140000000047,18.758140000000022,37.09731685815596
980,100.0,5.19607000000002,9.391999999999996,75.0473120513243
981,100.0,8.76714000000004,20.90493000000004,45.70467463746394
982,100.0,9.57495,10.63085000000001,93.17971172729465
983,100.0,0.9367300000000114,14.600120000000004,39.383012356453655
984,100.0,4.178770000000043,8.604120000000023,73.71675936381953
985,100.0,2.9083800000000224,19.28140000000002,33.69019921983353
986,100.0,4.961420000000032,8.544399999999996,78.17854284816221
987,100.0,6.304160000000024,22.656300000000044,34.7074970963104
988,100.0,7.612300000000005,10.204980000000036,83.9372636433524
989,100.0,8.261870000000044,26.604060000000004,31.33123213708066
990,100.0,9.251300000000017,14.085800000000006,72.65117206873839
991,100.0,7.805600000000027,26.866270000000043,29.908346275261525
992,100.0,9.588000000000022,15.28823,68.76567279379503
993,100.0,7.008140000000026,24.05703,33.47257721553749
994,100.0,8.333799999999997,16.963160000000016,56.77644339071305
995,100.0,4.83420000000001,10.441520000000024,68.21003153000485
996,100.0,4.798670000000016,7.094700000000046,85.31930841948143
997,100.0,12.243370000000027,23.428060000000016,49.413124469067164
998,100.0,11.54122000000001,14.135980000000018,84.37417803172447
999,100.0,15.27233000000001,21.786,66.48108386677791
1000,100.0,8.26144000000005,14.763180000000034,65.03513029902943
1001,100.0,13.335300000000018,21.03335000000004,61.41554110017016
1002,100.0,6.886740000000032,11.135000000000048,75.07421264154766
1003,100.0,7.309780000000046,17.839440000000025,50.097716168836406
1004,100.0,11.071000000000026,13.306300000000022,86.31947701574128
1005,100.0,12.190800000000024,20.69410000000005,58.18121426536995
1006,100.0,11.9683,14.199900000000014,86.42890298159386
1007,100.0,10.495140000000047,23.8689,42.855751989496085
1008,100.0,10.390860000000032,15.788200000000018,70.27423281925317
1009,100.0,14.361140000000034,20.24368000000004,68.92423297992735
1010,100.0,13.305170000000032,16.128700000000038,83.34265640857436
1011,100.0,14.175470000000018,15.945300000000032,89.23414618441166
1012,100.0,10.331540000000018,11.586600000000033,91.9982952653365
1013,100.0,4.498829999999998,20.03344000000004,35.962074093682624
1014,100.0,4.391400000000033,9.503720000000044,70.41782549970031
1015,100.0,3.974240000000009,20.268760000000043,34.16227924541465
1016,100.0,9.99078000000003,12.234100000000012,86.16608192115875
1017,100.0,11.305660000000046,22.278200000000027,49.80121599565034
1018,100.0,13.878780000000006,16.07433000000003,86.81434106288664
1019,100.0,8.373800000000017,18.67150000000004,51.12091639870857
1020,100.0,6.452500000000043,10.68643000000003,75.07162741133357
1021,100.0,9.936820000000012,16.68780000000004,64.3714624341242
1022,100.0,8.77657000000005,11.657680000000028,82.48288376202704
1023,100.0,9.493600000000017,17.48702000000003,59.39961594752966
1024,100.0,8.549130000000048,10.938500000000031,85.18827223511192
1025,100.0,10.63226000000003,19.16134,57.70820044244699
1026,100.0,8.73974000000004,11.57525000000004,82.7273176254839
1027,100.0,8.794579999999996,20.73647,46.26705627274807
1028,100.0,9.169500000000028,13.352900000000034,75.7789494270145
1029,100.0,10.588220000000035,18.013850000000048,61.82713569599388
1030,100.0,9.821740000000034,12.989130000000046,81.0789400018048
1031,100.0,6.681759999999997,18.30236000000002,46.60932253450437
1032,100.0,5.053120000000035,10.629080000000044,68.39822709520895
1033,100.0,5.895530000000008,16.195580000000007,50.44630194879982
1034,100.0,10.036650000000009,11.54418000000004,90.4556735677791
1035,100.0,13.598720000000014,18.918200000000013,71.2309373804804
1036,100.0,11.187430000000006,12.631920000000036,90.91229149985115
1037,100.0,7.375850000000014,20.58477000000005,42.40818588232741
1038,100.0,7.869439999999997,12.924000000000037,71.36218671478373
1039,100.0,11.018400000000042,21.783600000000035,50.35832769576809
1040,100.0,11.60730000000001,13.732200000000034,86.99461597104545
1041,100.0,11.892300000000034,26.28210000000001,40.71367889350163
1042,100.0,10.767100000000028,18.568780000000004,60.425823377312916
1043,100.0,15.034080000000015,22.981840000000037,60.87438006171782
1044,100.0,15.67333000000002,17.403999999999996,89.57237954211084
1045,100.0,14.330560000000048,25.500800000000027,50.00920912967681
1046,100.0,14.466330000000028,16.82098000000002,85.99634321988802
1047,100.0,16.13995,28.08960000000002,48.23275585172054
1048,100.0,15.246730000000014,17.869320000000016,84.6323225473546
1049,100.0,14.594899999999996,24.4178,54.269091321957966
1050,100.0,14.57107000000002,16.692560000000014,87.28963593040395
1051,100.0,15.169849999999997,23.887380000000007,58.140755190906745
1052,100.0,15.560940000000016,16.53845000000001,93.94755984877968
1053,100.0,14.161980000000028,23.26140000000004,56.57473030462682
1054,100.0,13.683250000000044,13.895870000000002,98.62754553930222
1055,100.0,10.43356,24.22012000000001,41.78845878002178
1056,100.0,12.549070000000029,14.234550000000011,89.59315259268361
1057,100.0,11.980400000000031,25.85020000000003,42.01165640316668
1058,100.0,13.257530000000031,18.15780000000001,73.06410129031372
1059,100.0,14.318870000000004,27.50600000000003,44.3939217481528
1060,100.0,14.370100000000036,19.28738000000004,73.18235400971017
1061,100.0,13.889120000000048,28.473700000000008,40.802710545794476
1062,100.0,16.048670000000016,16.9966,94.14593486809885
1063,100.0,15.625670000000014,23.22317000000004,62.31477834111384
1064,100.0,15.36450000000002,18.047300000000007,84.32508056230094
1065,100.0,14.3827,18.99825000000004,74.57488570394135
1066,100.0,16.121939999999995,18.199640000000045,87.67133969461402
1067,100.0,17.627440000000036,19.86974000000004,86.91106132653988
1068,100.0,16.706800000000044,18.468440000000044,89.47642980122843
1069,100.0,16.942800000000034,22.198140000000024,72.12532552007133
1070,100.0,15.074100000000044,16.78454000000005,89.64186081713127
1071,100.0,14.227620000000002,25.72660000000002,49.01502508293836
1072,100.0,16.1413,17.1961,93.51486528326448
1073,100.0,14.386740000000032,21.630100000000027,63.39318188604403
1074,100.0,13.028279999999995,15.82763,83.43901083972567
1075,100.0,14.32340000000005,18.95284000000004,74.5002396421444
1076,100.0,15.542500000000018,16.844300000000032,92.03014263126599
1077,100.0,16.72660000000002,20.914480000000022,76.96077840058841
1078,100.0,15.308300000000033,18.96900000000005,79.30496890837576
1079,100.0,12.567499999999995,25.644740000000013,44.20132065208698
1080,100.0,11.151900000000012,17.13220000000001,67.86233524884496
1081,100.0,10.31940000000003,25.754050000000007,37.84281026839936
1082,100.0,10.518100000000004,14.61984000000001,76.4017653387998
1083,100.0,14.042400000000043,26.978570000000047,44.97678847863724
1084,100.0,15.609950000000026,17.786280000000033,87.08270328294687
1085,100.0,18.68835000000001,29.95983000000001,50.84394037177697
1086,100.0,18.79308000000003,19.54778000000005,95.40263838666631
1087,100.0,16.47708,32.023600000000044,39.30395292989568
1088,100.0,18.837580000000003,20.49636000000004,90.20780447584464
1089,100.0,15.943500000000029,32.27032000000003,37.46160111450603
1090,100.0,17.66744,20.38525000000004,84.39381944185715
1091,100.0,16.79086000000001,33.20156000000003,37.517049586416604
1092,100.0,14.038400000000024,16.60476,84.80293156218262
1093,100.0,13.109640000000011,28.02630000000005,39.80678629681636
1094,100.0,14.339560000000006,19.49224000000004,72.11225885756082
1095,100.0,17.054740000000038,32.23090000000002,40.296986571350935
1096,100.0,16.978330000000028,22.46575000000001,71.11973288800317
1097,100.0,17.339300000000037,31.17303000000004,43.57095231681748
1098,100.0,18.318380000000047,21.11877000000004,84.03695999066024
1099,100.0,18.229820000000014,22.7919,75.45487396164846
1100,100.0,15.282680000000028,19.210320000000024,77.99125251563349
1101,100.0,15.07230000000004,26.631520000000023,49.064034126147604
1102,100.0,15.632400000000018,19.082480000000032,80.39959467599807
1103,100.0,10.832300000000032,29.53454000000005,31.386129615179737
1104,100.0,13.344300000000032,17.456540000000018,76.79866463793556
1105,100.0,12.605250000000012,31.747060000000037,31.087580366077955
1106,100.0,11.087180000000046,21.07934,52.820697956371696
1107,100.0,9.108330000000024,22.46636000000001,42.50843864487223
1108,100.0,7.773680000000013,12.118220000000008,74.74918757064157
1109,100.0,6.564000000000021,25.918330000000022,29.053012151140468
1110,100.0,11.28994,16.223659999999995,72.55780704830468
1111,100.0,10.882200000000012,30.095420000000047,30.48939495109262
1112,100.0,13.061980000000004,18.952260000000024,68.63401047099119
1113,100.0,12.647520000000045,33.14780000000002,28.80163721910262
1114,100.0,14.758500000000026,19.45580000000001,74.25914461616085
1115,100.0,16.2577,33.3485,35.967426644201886
1116,100.0,12.52343000000002,16.961360000000013,75.10018196135735
1117,100.0,10.083370000000002,23.12997000000001,43.59450835812564
1118,100.0,11.266560000000029,12.925200000000018,89.65145893195795
1119,100.0,7.150170000000003,24.10064,33.71147684019177
1120,100.0,8.452480000000037,12.650450000000037,75.58796921803047
1121,100.0,6.15536000000003,25.02352000000002,29.79011450168885
1122,100.0,8.427300000000002,12.23350000000005,77.55417999501338
1123,100.0,9.268820000000003,26.448140000000024,33.8486078438166
1124,100.0,11.141140000000007,18.0933,63.823063152339586
1125,100.0,12.9923,27.221100000000035,41.40897191200111
1126,100.0,14.111660000000027,18.529350000000026,75.45839450559284
1127,100.0,14.434870000000046,14.849820000000022,97.3563245551764
1128,100.0,11.93276000000003,13.526730000000043,90.08084999231527
1129,100.0,14.230770000000009,21.6259,62.772473325487944
1130,100.0,13.67470000000003,15.486570000000029,88.95441564216581
1131,100.0,15.640950000000032,21.69880000000001,68.43620428316464
1132,100.0,15.49260000000004,17.386070000000018,88.6410991175802
1133,100.0,16.301320000000032,26.162000000000035,54.57503738504683
1134,100.0,16.191640000000007,17.33468000000005,92.99669893077173
1135,100.0,16.05680000000001,30.291380000000004,42.23830536168806
1136,100.0,16.57238000000001,19.55078000000003,82.91781554283459
1137,100.0,17.911980000000028,29.80035000000004,48.87199779157959
1138,100.0,16.9581,21.20956000000001,76.69622968719057
1139,100.0,17.274100000000033,28.33930000000004,51.088465448942955
1140,100.0,17.076780000000042,19.400260000000003,86.42172838172975
1141,100.0,18.057180000000017,28.57104000000004,52.956735279822134
1142,100.0,18.54403000000002,19.18282000000005,96.08577238460238
1143,100.0,18.25228000000004,23.25780000000003,73.45886763380965
1144,100.0,17.118550000000027,18.98034000000001,88.9494510050317
1145,100.0,18.2824,26.780850000000044,59.6428181125133
1146,100.0,17.212060000000008,18.332820000000027,93.1795423242088
1147,100.0,14.935630000000003,29.3673,41.45597181382729
1148,100.0,15.32000000000005,17.566460000000006,86.67114660150762
1149,100.0,14.684799999999996,31.889200000000017,35.3061842708381
1150,100.0,16.362000000000023,19.09802000000002,84.15477727140492
1151,100.0,15.804130000000043,32.963220000000035,35.70528970512235
1152,100.0,17.00887,21.508230000000022,75.54686244383794
1153,100.0,17.686329999999998,34.02288000000004,37.918896612795365
1154,100.0,19.22057000000001,22.938230000000036,79.57144228594338
1155,100.0,19.45434,33.141800000000046,44.504456218400755
1156,100.0,18.36422000000005,22.02612000000005,79.72401642351083
1157,100.0,13.219780000000014,31.19810000000001,33.3902394678959
1158,100.0,12.73562000000004,19.117729999999995,66.4931340273613
1159,100.0,12.142700000000048,30.43234000000001,32.50633608788836
1160,100.0,11.622130000000029,20.803980000000024,55.66119191409267
1161,100.0,15.5942,31.41256000000004,38.46079348235193
1162,100.0,18.12957,21.86843000000005,79.31787098457815
1163,100.0,18.24645000000004,29.07580000000001,52.04376684606109
1164,100.0,17.674650000000042,18.051480000000023,97.65442704973543
1165,100.0,17.671500000000037,19.85006000000004,87.2594516516108
1166,100.0,18.90682000000004,19.36860000000001,97.16066228736486
1167,100.0,18.84252000000004,25.62440000000004,66.1464789470253
1168,100.0,18.75036,19.479120000000023,95.5552497553864
1169,100.0,17.258399999999995,29.316520000000025,48.224650063996485
1170,100.0,17.954700000000003,20.4665,85.50510817443097
1171,100.0,19.64538000000005,29.346400000000017,55.914207018944865
1172,100.0,17.725900000000024,20.863699999999994,82.24248406101877
1173,100.0,20.14390000000003,31.51410000000004,50.92931909038909
1174,100.0,18.099900000000048,19.764030000000048,90.12554366842267
1175,100.0,18.87220000000002,30.980680000000007,48.508633843798656
1176,100.0,18.09585000000004,20.81594000000001,84.42859876070908
1177,100.0,17.877830000000017,31.57800000000003,44.04956751610693
1178,100.0,18.513900000000035,21.06380000000001,85.36176216920379
1179,100.0,19.06280000000004,28.732320000000016,55.874631534249055
1180,100.0,18.180350000000036,19.38235000000003,92.75756852505565
1181,100.0,16.03878000000003,30.94662,40.63610537381797
1182,100.0,17.654870000000017,21.428800000000024,79.0812772550868
1183,100.0,19.884100000000046,28.85120000000001,58.39970786992696
1184,100.0,18.274770000000046,19.652919999999995,91.752196030209
1185,100.0,17.79690000000005,26.14530000000002,60.060735549939416
1186,100.0,17.81985000000003,19.209100000000035,91.66129563529338
1187,100.0,18.738670000000013,28.868520000000046,54.323253009112236
1188,100.0,17.40942000000001,20.697050000000047,81.44754094188013
1189,100.0,19.912400000000048,30.465779999999995,53.30135336343413
1190,100.0,18.57280000000003,19.641560000000027,93.54932589971995
1191,100.0,17.956050000000005,26.648860000000013,58.88793111719144
1192,100.0,16.307600000000036,17.643520000000024,91.87696983444033
1193,100.0,15.384270000000017,27.12493000000001,48.62501686342819
1194,100.0,15.141080000000043,17.763570000000016,84.62137578347331
1195,100.0,14.85922000000005,28.62480000000005,43.06593003412523
1196,100.0,15.35820000000001,18.15423000000004,83.72619639440612
1197,100.0,16.309870000000046,30.12710000000004,43.3327789598021
1198,100.0,15.865260000000037,18.457670000000007,84.85969522031986
1199,100.0,15.653530000000046,31.414330000000007,38.6034038504365
1200,100.0,17.168900000000008,20.29028,82.25760415070683
1201,100.0,18.14214000000004,26.930780000000027,58.600137950038736
1202,99.75972222,16.896500000000003,20.018500000000017,82.22102064926375
1203,67.81666667,14.07928000000004,27.35250000000002,44.105177148775525
1204,87.89305556,13.762350000000026,19.53048000000001,69.2972263646687
1205,69.81944444,12.38995,26.36510000000004,41.863866461493714
1206,89.41267606,12.353499999999997,14.491420000000003,86.99169794576873
1207,68.325,14.482500000000016,28.233580000000018,42.999020586652804
1208,83.61805556,14.481160000000044,17.51388000000003,82.38364509823224
1209,62.66944444,10.394920000000011,28.16488000000004,33.005471629384495
1210,85.625,11.68010000000004,17.276760000000024,69.63751125975966
1211,64.49722222,13.358240000000023,29.68566000000004,36.74544826631103
1212,88.08194444,15.756920000000036,19.24914000000001,80.20537500804427
1213,56.98888889,16.116570000000024,34.027060000000006,34.31594006327147
1214,82.96666667,14.684799999999996,21.349940000000004,65.74501717590047
1215,47.38472222,15.8981,34.09158000000002,33.718557878807445
1216,79.09861111,14.094100000000026,22.021330000000034,60.733202026284815
1217,86.86666667,16.965720000000033,21.713700000000017,74.39870190395789
1218,94.69305556,14.294150000000002,15.178340000000048,94.45477910354762
1219,76.06944444,13.331260000000045,21.31948,60.329757865282595
1220,89.62777778,10.376030000000014,12.095500000000015,89.22461591568994
1221,72.00416667,9.463040000000037,21.826620000000048,45.26764151524044
1222,93.35833333,10.12115,12.95270000000005,82.91844875912479
1223,70.83472222,10.92760000000004,22.89166,46.78991127121699
1224,89.36388889,11.104730000000018,12.9067,88.8016760885016
1225,66.47361111,11.285000000000023,24.91122000000001,42.430317722593564
1226,89.32916667,12.409270000000047,13.228660000000048,94.77525159214863
1227,69.675,13.994320000000016,27.01263,44.74698879636204
1228,91.26111111,12.30227000000002,14.711820000000046,85.47376438045985
1229,68.825,14.038800000000036,28.677400000000038,40.71612295333038
1230,92.55277778,13.271900000000016,16.820400000000006,79.5793934134047
1231,72.02957746,16.250500000000045,24.82280000000003,58.9076708544922
1232,77.72083333,12.069420000000036,17.26180000000005,71.51701278967623
1233,72.68888889,12.301800000000014,24.59283000000005,46.248408283567066
1234,89.3375,10.241170000000013,13.505820000000028,80.62218680464417
1235,66.81527778,12.58593000000002,27.295770000000005,40.14491506698962
1236,90.86666667,11.901730000000043,14.998530000000017,81.72410463741849
1237,64.23055556,15.07815000000005,27.72643000000005,46.02585759632868
1238,88.93472222,12.922170000000053,15.58752000000004,84.14584503289993
1239,68.89305556,13.456700000000012,28.47130000000004,39.67640704621352
1240,89.64722222,12.187200000000018,16.193200000000047,77.13728827902605
1241,67.43611111,15.48046000000005,29.36070000000001,42.95006958563693
1242,88.94027778,13.855860000000009,16.208120000000008,85.9481242364168
1243,65.89722222,14.861469999999995,30.36483000000004,38.95544117327003
1244,86.38194444,14.036580000000017,17.437430000000006,80.43307229951321
1245,63.31388889,13.85766000000001,29.47958,38.41357636315315
1246,88.85555556,13.33710000000002,17.188350000000014,78.0757943859278
1247,62.97222222,14.920800000000042,30.24178000000001,39.38181251559985
1248,88.0625,13.222000000000037,18.15902,72.88925629907786
1249,69.65555556,14.01950000000005,29.50707,38.757749804960206
1250,91.49166667,13.457570000000032,17.282129999999995,78.22574451248744
1251,65.05,15.264700000000005,28.387080000000022,44.819919102144176
1252,71.26666667,14.2937,21.21075000000002,64.6535884893919
1253,71.91944444,6.728970000000004,20.123620000000017,41.741886871427475
1254,87.62638889,4.422420000000045,9.55328000000003,70.33626268245143
1255,68.99305556,6.953730000000007,20.75320000000005,40.77425849629363
1256,87.80833333,6.506460000000004,10.29340000000002,77.35241079481202
1257,67.98472222,10.245660000000044,24.36170000000004,40.91834246939965
1258,86.51805556,7.757040000000018,13.030330000000047,70.32701190763628
1259,59.50416667,9.444600000000037,26.22952000000004,34.69673963080952
1260,87.70555556,7.393370000000004,14.64013,61.78981128132636
1261,70.0125,12.143580000000044,26.690060000000017,40.40861393885824
1262,92.30972222,14.513970000000027,15.626340000000027,93.0915923119709
1263,67.46666667,14.264499999999998,26.392,47.234010725733405
1264,90.32083333,13.578940000000046,14.548760000000016,93.90363216034245
1265,72.79583333,13.951620000000048,26.76653000000005,45.27414143561856
1266,94.03472222,13.084000000000003,15.733240000000023,84.25092011015006
1267,89.40555556,15.07095000000004,22.276400000000024,63.69088526041637
1268,97.33472222,15.091180000000008,16.392100000000028,92.00866737639805
1269,86.23472222,8.957760000000007,15.23388,66.13886956780087
1270,89.67361111,8.43136000000004,10.033530000000042,89.76939352498965
1271,68.92916667,8.533380000000022,16.436300000000017,59.50934990924356
1272,84.78194444,10.474480000000028,15.095300000000009,73.88045196877687
1273,96.11944444,12.964440000000025,18.49290000000002,70.1863670347969
1274,94.79444444,10.793630000000007,11.307029999999996,96.6483190145203
1275,86.64583333,9.597440000000006,17.337670000000003,60.382834348173695
1276,87.63611111,9.724199999999996,12.983150000000023,80.5817272075941
1277,63.07777778,8.469100000000026,19.922900000000027,47.59325136872064
1278,71.49027778,9.345700000000022,14.5822,70.80268216673998
1279,79.59861111,12.004700000000014,19.86736000000002,60.48705316282644
1280,91.31111111,10.411980000000028,13.938300000000028,79.28559238974958
1281,67.25138889,12.316220000000044,24.546260000000014,46.42153776072047
1282,88.92222222,11.740800000000036,16.751700000000028,72.28385376773079
1283,57.28333333,14.324270000000013,29.47183000000001,39.61134785052333
1284,78.60277778,12.825980000000015,22.37615,54.72001096842821
1285,73.25833333,10.27084000000002,24.195600000000013,41.39779676866304
1286,96.75416667,9.289060000000006,12.64208000000002,80.02677997007397
1287,67.89027778,12.949150000000031,23.848569999999995,50.4591653715875
1288,95.575,13.48815000000002,15.276300000000049,89.07498792554446
1289,77.8875,11.030079999999998,22.16708,49.231231210041734
1290,98.90138889,8.296930000000032,13.631250000000025,70.1528098086865
1291,99.61666667,13.102900000000034,15.074400000000026,87.99893879759843
1292,86.74583333,10.537400000000048,12.669550000000015,86.85149705515964
1293,75.79861111,8.51180000000005,18.08972,53.519583198601225
1294,92.71527778,6.531600000000026,8.320400000000006,88.49364190434693
1295,78.61527778,9.50980000000004,20.363760000000013,49.68185157662308
1296,95.15,8.202080000000024,8.625630000000001,97.16915856468964
1297,79.56527778,10.04113000000001,20.605680000000007,50.72106141138257
1298,92.75416667,9.649130000000014,12.043540000000007,85.27789944674802
1299,89.22222222,10.418300000000045,15.79656,70.36539329486415
1300,100.0,11.80734000000001,12.75436000000002,93.96182071045473
1301,100.0,7.111080000000015,7.952449999999999,94.41720495286987
1302,99.77222222,6.230430000000013,7.16876000000002,93.75417219770917
1303,94.47361111,5.9243000000000166,7.959000000000003,86.97215529552992
1304,88.45694444,4.733480000000043,6.817530000000033,86.56206294330893
1305,80.53055556,6.6471500000000106,17.095180000000028,50.17681862172907
1306,100.0,6.491170000000011,7.583900000000028,92.78325801875982
1307,99.99305556,11.76687000000004,12.754970000000014,93.70735909482
1308,97.2875,9.771839999999996,9.912300000000016,99.06280385088235
1309,93.48333333,8.726680000000044,11.732349999999997,81.8005528368643
1310,97.3375,6.893500000000017,8.417750000000012,90.1251934295727
1311,84.09444444,6.911040000000014,12.544700000000034,68.5191681089021
1312,93.80833333,5.55883,5.9633400000000165,97.2375946617061
1313,82.6625,6.363950000000045,14.472280000000012,58.20258007548471
1314,95.83055556,4.394560000000013,6.198700000000031,88.21376226156092
1315,78.44444444,5.141230000000007,15.75,49.256793018431914
1316,95.30416667,3.3053199999999947,5.656300000000044,84.83202768824572
1317,80.925,4.512780000000021,15.793570000000043,47.0123147946527
1318,95.11388889,3.4388400000000274,5.298519999999996,87.78867794977266
1319,79.7125,7.199180000000013,19.289150000000006,45.403193734627436
1320,90.57361111,5.948570000000018,7.233270000000004,91.54147683837826
1321,78.04722222,7.687370000000044,21.10323,41.95877734211344
1322,94.32083333,6.440359999999998,7.326440000000048,94.09988850667095
1323,74.19722222,9.29086000000001,21.379200000000026,45.98886337092751
1324,92.55833333,10.049680000000023,12.824850000000026,83.21635360165017
1325,96.97361111,13.40948000000003,15.52000000000004,87.24395200562118
1326,99.425,12.567960000000028,12.789600000000007,98.55740018554295
1327,98.24166667,13.319119999999998,14.09716000000003,95.06568089769462
1328,96.825,9.647800000000018,9.676930000000027,99.8046321346951
1329,85.48333333,11.650900000000036,20.252040000000022,57.69966367180025
1330,91.5125,8.277600000000007,10.39074000000005,86.74192763217236
1331,83.73333333,11.361400000000003,20.984980000000007,54.10297441921904
1332,93.89861111,8.877740000000017,9.60107000000005,95.2445674403171
1333,92.21805556,11.403650000000027,14.536220000000014,81.47143256882136
1334,98.94166667,9.900869999999998,10.581870000000038,95.55106469132927
1335,94.32777778,10.719480000000033,13.65157000000005,82.44975467278798
1336,93.475,9.877040000000022,9.957670000000007,99.46125039614479
1337,85.70416667,8.417400000000043,15.44354000000004,62.91187464909967
1338,90.72222222,10.652950000000033,11.502370000000042,94.51684187330481
1339,82.325,10.217340000000036,18.82144,57.336466354154645
1340,88.14722222,9.02337,10.828000000000031,88.61221642360469
1341,85.06388889,8.615660000000048,15.608420000000024,63.09191366624619
1342,90.49166667,7.658170000000041,9.850150000000042,86.22423374594375
1343,85.15833333,11.670220000000027,18.828599999999994,63.12055397564767
1344,92.10416667,11.127200000000016,12.750800000000028,89.84679325259339
1345,86.14027778,11.530880000000025,20.101530000000025,57.77925702337594
1346,98.45277778,11.837900000000047,12.464650000000006,95.95791181149373
1347,96.61944444,12.371500000000026,14.058340000000044,89.57162683721008
1348,97.04444444,11.63653000000005,11.74010000000004,99.31803380913627
1349,97.10833333,10.320280000000023,11.68932000000001,91.30709852542627
1350,89.36527778,8.74648000000002,9.491170000000013,95.10307496737221
1351,90.99166667,7.26302000000004,13.030330000000047,67.99400880093215
1352,96.3375,4.036699999999996,4.336200000000019,97.92138166487419
1353,90.27777778,7.530020000000036,12.720330000000049,70.66584169730493
1354,99.59305556,3.393880000000024,3.85775000000001,96.78472086407342
1355,98.68472222,6.923600000000022,8.332330000000013,90.83624897780882
1356,99.99444444,3.7220400000000495,3.748440000000016,99.81434133164025
1357,99.46527778,7.040500000000009,8.949400000000026,87.82207331516314
1358,97.81805556,6.267300000000034,7.195640000000026,93.82009516744965
1359,90.33888889,5.603780000000029,6.72732000000002,92.53762579773166
1360,95.98055556,5.405079999999998,7.474000000000046,86.7187026253196
1361,96.70138889,5.434320000000014,7.533100000000047,86.54494929919292
1362,93.86805556,6.374750000000006,7.75890000000004,90.95018994421686
1363,88.80694444,4.762260000000026,9.10170000000005,74.25019755162143
1364,94.33333333,6.1243500000000495,7.226100000000031,92.70561137499652
1365,90.37638889,6.04794000000004,8.264250000000004,85.91762513673461
1366,94.46842105,6.715480000000014,7.635860000000036,93.89245064557505
1367,93.13880597,7.141630000000021,8.346100000000035,92.11798519204983
1368,87.54,8.011930000000007,8.53842000000003,96.48954396084855
1369,81.78461538,7.436980000000005,9.415900000000022,87.44501675065925
1370,97.04166667,5.915770000000009,6.31277,97.29574278844058
1371,89.25373134,9.946280000000002,12.974800000000016,81.83513474335705
