,Air moisture.mean,d2m,t2m
0,88.77222222,-1.7077699999999822,0.331450000000018
1,84.50277778,-0.6520999999999617,4.944150000000036
2,90.61944444,-2.7441799999999716,-1.2762199999999666
3,79.80833333,-0.890139999999974,5.210000000000036
4,66.22222222,-5.489449999999977,0.5211400000000026
5,69.51111111,-8.403719999999964,0.6214200000000005
6,79.03055556,-6.4486799999999675,-2.6083699999999794
7,79.34366197,-7.332830000000001,-0.9825999999999908
8,91.13333333,-5.4153499999999894,-3.1285499999999615
9,93.25,-1.9727199999999812,-0.28479999999996153
10,80.99166667,-1.0977199999999812,0.2619600000000446
11,67.02777778,-2.384299999999996,2.78490000000005
12,78.175,-5.496559999999988,-1.2302999999999997
13,76.4375,-6.7430499999999824,-0.5796299999999519
14,89.82916667,-7.142499999999984,-4.1115199999999845
15,90.23888889,-2.6187999999999647,0.7006000000000085
16,97.76111111,-2.8700299999999856,-2.5545999999999935
17,90.48194444,1.038499999999999,5.475819999999999
18,90.25138889,-3.085239999999999,-2.308719999999994
19,84.25833333,-2.1995999999999754,0.7374200000000428
20,79.57638889,-3.159339999999986,-0.05519999999995662
21,80.04861111,-5.274759999999958,1.8847300000000473
22,89.72222222,-5.849799999999959,-3.425199999999961
23,83.42222222,-4.3434199999999805,2.384360000000015
24,92.00277778,-3.654699999999991,-1.1680700000000002
25,74.72638889,-1.853430000000003,7.384330000000034
26,72.04166667,-0.7089299999999525,4.824550000000045
27,67.68055556,1.130359999999996,8.305660000000046
28,67.14305556,-2.7106699999999933,0.6135800000000131
29,58.47222222,-4.39364999999998,5.1290200000000254
30,61.32638889,-5.97969999999998,1.4642300000000432
31,57.825,-1.793549999999982,10.639520000000005
32,68.09577465,-0.26989999999995007,4.160580000000039
33,62.15833333,1.1222500000000082,12.392800000000022
34,91.74444444,0.278220000000033,5.036580000000015
35,86.77361111,0.9593399999999974,2.4653299999999945
36,89.25277778,-0.8149999999999977,-0.14886999999998807
37,86.72777778,-1.9930200000000013,1.6491000000000327
38,96.07916667,-0.30847999999997455,0.40090000000003556
39,87.42222222,-1.1144499999999766,1.6926000000000272
40,88.7875,-0.8550999999999931,0.3139300000000276
41,88.28194444,-2.278229999999951,1.1645800000000008
42,95.65555556,-1.2372799999999984,-0.6907999999999674
43,94.8375,-1.911799999999971,-0.644869999999969
44,94.85277778,-2.829439999999977,-2.7152999999999565
45,91.32361111,-2.958349999999996,-1.2314999999999827
46,95.41388889,-2.60409999999996,-2.089999999999975
47,86.94583333,-1.446899999999971,-0.01715999999998985
48,82.02083333,-4.575349999999958,-2.953959999999995
49,78.79027778,-5.728499999999997,-1.6048599999999738
50,68.35555556,-6.368499999999983,-3.320699999999988
51,76.72222222,-5.158029999999997,0.029960000000016862
52,86.90416667,-5.825449999999989,-2.829499999999996
53,81.09861111,-2.348799999999983,2.80364000000003
54,95.26111111,-4.350529999999992,-2.2108499999999935
55,95.96527778,1.766840000000002,3.285760000000039
56,95.86478873,0.5847700000000486,1.151270000000011
57,95.95972222,0.8806700000000092,2.084100000000035
58,97.94583333,0.6868000000000052,1.0062800000000038
59,92.47222222,-0.13236000000000558,2.2085500000000025
60,98.14722222,-0.22424999999998363,0.536860000000047
61,95.67222222,0.08486000000004879,1.2896400000000199
62,95.95972222,-1.3433599999999615,-0.7989299999999844
63,89.42777778,2.937220000000025,9.481960000000015
64,92.62916667,4.95010000000002,8.827050000000042
65,79.52222222,6.543270000000007,16.176600000000008
66,91.01388889,4.663350000000037,10.066200000000038
67,95.23055556,5.824100000000044,9.313400000000001
68,79.77222222,1.4943000000000097,4.166620000000023
69,69.86944444,-0.7480199999999968,5.3821700000000305
70,86.03472222,-0.566319999999962,2.1263700000000085
71,89.08194444,0.744130000000041,2.8610500000000343
72,85.64166667,1.4526600000000371,1.9971000000000458
73,76.54305556,-1.1845199999999636,6.458760000000041
74,89.82916667,-2.4756799999999544,-1.3511399999999867
75,80.225,-1.8118000000000052,5.67034000000001
76,96.5875,-2.3340799999999717,-1.9208399999999983
77,93.17638889,0.7964000000000055,3.5370700000000284
78,98.44583333,-0.9936599999999771,-0.6678199999999492
79,91.26805556,0.5980000000000132,4.436670000000049
80,96.54027778,-0.5211499999999774,1.1953700000000254
81,71.85211268,2.399220000000014,9.56292000000002
82,85.44444444,2.7900300000000016,7.526900000000012
83,82.47638889,2.3281800000000317,3.751550000000009
84,63.23888889,-0.2419999999999618,3.869380000000035
85,59.38888889,-4.293199999999956,6.308340000000044
86,65.74722222,-3.410069999999962,0.7060200000000236
87,75.73055556,-3.686649999999986,6.375400000000013
88,83.47083333,-0.29733999999996286,1.9928500000000327
89,70.94722222,1.5389300000000503,9.342399999999998
90,82.39166667,1.9302600000000325,3.6784600000000296
91,77.52916667,0.24728000000004613,8.891099999999994
92,89.29027778,-1.483949999999993,0.44622000000003936
93,71.35972222,-0.7855999999999881,10.780300000000011
94,87.31944444,-1.733159999999998,2.364400000000046
95,67.94583333,-2.182839999999999,12.89846
96,86.09722222,-1.7239999999999895,3.161900000000003
97,62.71944444,-0.8632299999999873,14.341180000000008
98,85.14861111,0.5548300000000381,4.587100000000021
99,56.05694444,-0.1866799999999671,15.596600000000024
100,81.49305556,-1.2997199999999793,1.2467300000000137
101,65.95277778,1.356740000000002,13.8947
102,84.95,-0.05572999999998274,4.521839999999997
103,66.34166667,1.468400000000031,13.770840000000021
104,86.42777778,2.115000000000009,5.890860000000032
105,71.40140845,6.2529499999999985,8.953940000000046
106,49.87916667,-11.464699999999993,-1.4701599999999644
107,57.46111111,-11.165750000000003,1.3917200000000207
108,77.13194444,-9.619799999999998,-4.710819999999956
109,53.65972222,-10.701849999999979,3.329250000000002
110,68.92638889,-6.1527999999999565,-0.30716999999998507
111,63.33333333,-7.064339999999959,6.062430000000006
112,71.16388889,-5.363069999999993,0.6280800000000113
113,46.51388889,-0.20797999999996364,14.279530000000022
114,67.04027778,-0.3937399999999798,5.408140000000003
115,64.74861111,-0.18362999999999374,12.169849999999997
116,78.50138889,-2.8086299999999937,0.7507300000000328
117,37.54027778,-2.437629999999956,19.105520000000013
118,65.17361111,-2.721839999999986,7.356530000000021
119,55.93333333,-0.24505999999996675,17.369200000000035
120,77.99722222,2.8230200000000423,6.439450000000022
121,79.83888889,3.9589000000000283,10.699330000000032
122,87.19166667,2.7179500000000303,6.841800000000035
123,60.56805556,0.28480000000001837,16.921500000000037
124,75.29444444,0.2990400000000477,4.439080000000047
125,40.32361111,-1.2489699999999857,20.118100000000027
126,85.62222222,2.9920299999999997,7.853750000000048
127,64.33194444,2.9265700000000265,13.769650000000013
128,83.77042254,2.0074000000000183,4.599180000000047
129,61.78333333,3.2173700000000167,16.324600000000032
130,84.18055556,1.53185000000002,7.252620000000036
131,41.46388889,3.950770000000034,21.823020000000042
132,71.61805556,1.9439600000000041,12.559529999999995
133,76.12361111,5.677900000000022,18.278440000000046
134,82.37638889,4.2370200000000295,8.169730000000015
135,52.54722222,4.528340000000014,17.240499999999997
136,55.95555556,1.515100000000018,10.105430000000013
137,49.83055556,1.6871600000000058,18.60107000000005
138,75.36527778,5.340900000000033,11.068480000000022
139,93.30694444,1.4943000000000097,5.75857000000002
140,84.94861111,1.4237300000000346,1.7856400000000008
141,67.38055556,-1.508299999999963,8.649440000000027
142,84.65416667,-4.264259999999979,-1.4151699999999892
143,52.15555556,-5.021999999999991,10.042630000000031
144,69.99444444,-0.9291999999999803,3.758200000000045
145,66.08055556,-0.2912399999999593,12.410900000000026
146,61.9,-0.8368299999999635,3.93643000000003
147,53.91666667,-2.6548499999999535,15.228660000000048
148,61.89861111,1.0070400000000177,9.955000000000041
149,72.12083333,4.623770000000036,17.353480000000047
150,80.95416667,3.5366000000000213,6.259400000000028
151,47.9375,4.8694000000000415,22.71777000000003
152,73.59444444,5.036400000000015,10.764580000000024
153,76.34929577,3.042259999999999,8.068230000000028
154,88.50972222,3.014370000000042,4.848700000000008
155,73.64166667,-0.23135999999999513,7.474970000000042
156,76.39583333,1.231899999999996,4.907300000000021
157,61.77777778,-0.6459999999999582,9.910300000000007
158,63.40833333,-1.2306999999999562,3.556420000000003
159,54.49027778,-1.900639999999953,13.463340000000017
160,72.98333333,-2.84009999999995,3.1347300000000473
161,51.63611111,-2.1112699999999904,16.471429999999998
162,72.02083333,-1.9107999999999947,6.003840000000025
163,58.04861111,3.611720000000048,18.621000000000038
164,78.05277778,1.6760000000000446,8.021720000000016
165,48.70277778,2.7798700000000167,20.798360000000002
166,74.07083333,-0.34349999999994907,9.997920000000022
167,63.72777778,4.6755300000000375,17.470100000000002
168,68.59722222,2.727100000000007,5.261930000000007
169,62.42222222,-1.3149499999999534,10.259520000000009
170,81.19166667,-2.21124999999995,1.6859400000000164
171,52.83055556,-1.1951699999999619,10.438350000000014
172,73.09027778,-0.7749000000000024,3.9044000000000096
173,51.84861111,-2.977639999999951,13.65124000000003
174,75.39305556,0.8029999999999973,3.3999300000000403
175,52.62361111,-0.3942599999999743,15.437700000000007
176,71.68333333,-0.6870999999999867,2.775230000000022
177,48.55774648,-0.3069799999999532,17.92320000000001
178,73.07424242,-2.1747199999999793,8.09480000000002
179,44.00277778,0.42034000000001015,20.888400000000047
180,71.66111111,1.085200000000043,5.985100000000045
181,45.18472222,3.457940000000008,20.54824000000002
182,74.15555556,0.31426000000004706,8.111140000000034
183,50.86944444,2.681420000000003,19.67100000000005
184,80.9125,2.5900500000000193,8.588400000000036
185,51.65277778,3.378780000000006,20.55370000000005
186,84.97222222,3.4092300000000364,7.221220000000017
187,49.71805556,3.5523600000000215,20.235299999999995
188,81.06527778,3.3589699999999993,11.448480000000018
189,87.85277778,9.93768,12.150500000000022
190,88.475,4.166470000000004,4.448750000000018
191,62.63611111,4.307060000000035,16.612180000000023
192,88.19722222,4.1167200000000435,6.5759800000000155
193,70.72222222,7.470540000000028,18.34612000000004
194,90.61666667,10.017359999999996,11.13130000000001
195,78.85,9.861050000000034,16.978300000000047
196,89.02638889,9.69204000000002,10.000940000000014
197,85.13611111,10.876640000000009,18.207760000000007
198,91.68611111,8.75054,10.722280000000012
199,82.64722222,8.966270000000009,18.054300000000012
200,95.69583333,11.251180000000033,11.37115
201,89.68169014,10.189940000000036,12.077420000000018
202,92.65555556,5.437340000000006,6.42312000000004
203,93.72083333,3.4645300000000248,4.195600000000013
204,92.2625,5.258170000000007,6.182060000000035
205,88.19444444,4.126900000000035,6.568100000000015
206,92.5,4.47810000000004,6.394130000000018
207,87.33472222,6.472700000000032,8.52800000000002
208,90.025,6.259550000000047,6.9596200000000294
209,61.87777778,1.6222000000000207,15.363400000000013
210,80.76805556,0.859860000000026,3.789030000000025
211,52.56805556,-0.08111999999999853,16.68470000000002
212,78.05277778,-0.05117999999998801,6.73126000000002
213,49.74444444,1.0212600000000407,17.567350000000033
214,81.75694444,4.732400000000041,7.978800000000035
215,63.27916667,3.8289700000000266,16.108330000000024
216,81.43888889,2.7012000000000285,6.255760000000009
217,52.29722222,3.5249600000000214,20.348870000000034
218,75.60694444,5.742880000000014,7.693050000000028
219,47.62222222,-0.415079999999989,19.88488000000001
220,75.94444444,1.1100700000000074,8.485100000000045
221,45.97083333,-1.4600999999999544,21.566250000000025
222,75.40277778,0.2396500000000401,10.20333000000005
223,48.49722222,2.6225500000000466,23.297750000000008
224,87.07323944,6.333150000000046,12.764340000000004
225,78.63055556,10.542700000000025,17.384900000000016
226,86.15,9.567679999999996,11.388670000000047
227,64.98055556,11.26287000000002,24.874600000000044
228,88.85833333,10.548240000000021,13.627070000000003
229,59.41111111,8.737880000000018,26.673180000000002
230,87.28611111,9.566670000000045,16.087800000000016
231,58.78472222,9.073360000000037,28.427030000000002
232,88.05972222,11.726770000000045,14.82570000000004
233,87.52083333,7.885220000000004,16.077500000000043
234,88.825,7.161460000000034,7.817530000000033
235,68.23888889,6.244349999999997,18.1721
236,84.74305556,6.394069999999999,9.645070000000032
237,89.74166667,7.104100000000017,11.10110000000003
238,94.41111111,7.856300000000033,8.351600000000019
239,82.06388889,8.490200000000016,12.116660000000024
240,85.75694444,8.89013,10.126000000000033
241,65.5875,5.844400000000007,18.594420000000014
242,83.66111111,5.979399999999998,8.966000000000008
243,51.23472222,5.876900000000035,22.51537000000002
244,73.52638889,4.61160000000001,11.88348000000002
245,74.05555556,6.236720000000048,19.93987000000004
246,92.23472222,10.110770000000002,11.569900000000018
247,85.4125,10.350300000000004,17.1644
248,94.52535211,11.31310000000002,11.804930000000013
249,86.08611111,4.587199999999996,6.430380000000014
250,91.47916667,4.400959999999998,5.18643000000003
251,87.45555556,3.7731300000000374,5.91927000000004
252,77.85,4.538499999999999,6.0050600000000145
253,69.94027778,-0.26736999999997124,13.492330000000038
254,85.03194444,2.7103500000000054,6.330070000000035
255,63.075,3.7949500000000285,17.787260000000003
256,95.72083333,7.634500000000003,11.097470000000044
257,96.675,10.29803000000004,12.150500000000022
258,89.91944444,6.44482000000005,6.960800000000006
259,68.13333333,7.758330000000001,20.904719999999998
260,87.59861111,7.938500000000033,11.938440000000014
261,70.52083333,9.152030000000025,22.90930000000003
262,90.24444444,10.23257000000001,12.368620000000021
263,75.90138889,11.308040000000005,20.221400000000017
264,90.89861111,9.859030000000018,11.035850000000039
265,89.31388889,9.261650000000031,10.41778000000005
266,90.53472222,5.509900000000016,7.378300000000024
267,86.22361111,4.918150000000026,7.368040000000008
268,95.675,4.976500000000044,5.910200000000032
269,88.02638889,5.7226,8.911040000000014
270,91.16527778,6.879800000000046,7.781900000000007
271,85.17638889,6.110860000000002,12.037530000000004
272,92.07183099,7.40963000000005,8.320760000000007
273,77.18055556,8.501370000000009,15.977840000000015
274,90.78055556,7.139120000000048,8.339500000000044
275,77.55,11.121270000000038,20.844899999999996
276,92.29027778,13.030100000000004,13.497160000000008
277,81.95833333,10.769560000000013,19.25173000000001
278,92.54722222,11.450649999999996,12.677940000000035
279,67.02361111,9.636220000000037,18.630060000000014
280,83.28472222,7.5106400000000235,10.26556000000005
281,83.66111111,11.12280000000004,17.030880000000025
282,86.25,10.316300000000012,12.016999999999996
283,77.65,12.880899999999997,21.33850000000001
284,92.93194444,12.593620000000044,13.39870000000002
285,72.43472222,11.417169999999999,19.343560000000025
286,75.4375,9.113460000000032,12.039330000000007
287,66.28055556,9.28042000000005,20.805020000000013
288,81.54027778,8.790639999999996,10.846150000000023
289,69.29305556,9.059140000000014,24.673429999999996
290,85.59861111,10.256920000000036,15.978420000000028
291,68.85416667,9.812340000000006,24.826260000000048
292,94.33611111,14.248700000000042,15.835260000000005
293,88.28611111,14.324330000000032,18.03317000000004
294,90.0625,14.786200000000008,15.190600000000018
295,78.97638889,13.541700000000048,19.747160000000008
296,92.94583333,13.342250000000035,15.23290000000003
297,89.57746479,15.444970000000012,17.969719999999995
298,87.725,11.95007000000004,12.697870000000023
299,85.97361111,9.547400000000039,13.025320000000022
300,83.78333333,8.998739999999998,11.47747000000004
301,83.02916667,11.325800000000015,16.00320000000005
302,91.59444444,12.088130000000035,12.883970000000033
303,75.10833333,11.682100000000048,22.213300000000004
304,90.28611111,13.49096000000003,16.262380000000007
305,85.87916667,15.268370000000004,22.069500000000005
306,89.72638889,12.630700000000047,13.385400000000004
307,71.23194444,14.984160000000031,25.86602000000005
308,94.46111111,14.382200000000012,16.151200000000017
309,86.42638889,16.898580000000038,24.253530000000012
310,90.9625,15.014580000000024,15.782070000000033
311,93.52222222,17.210200000000043,24.412440000000004
312,94.71666667,15.564750000000004,16.134900000000016
313,73.45416667,15.6678,26.95168000000001
314,86.70694444,14.59435000000002,17.9812
315,68.78055556,14.82833000000005,28.298940000000016
316,85.52222222,14.617700000000013,18.52737000000002
317,67.12638889,16.264670000000024,29.527800000000013
318,87.11944444,15.861170000000016,17.42538000000002
319,74.60694444,16.013940000000048,28.201070000000016
320,86.45833333,15.241970000000038,18.29113000000001
321,69.31549296,17.57107000000002,30.43282000000005
322,87.64722222,18.252679999999998,19.22637000000003
323,69.30694444,16.81990000000002,30.812220000000025
324,85.70694444,16.605740000000026,19.381619999999998
325,70.88472222,17.73245000000003,30.50228000000004
326,85.91111111,18.00045,19.874630000000025
327,65.97083333,17.601530000000025,32.48693000000003
328,79.63611111,13.60922000000005,18.084500000000048
329,65.14305556,13.386400000000037,31.150570000000016
330,85.46388889,14.994799999999998,17.506950000000018
331,68.64166667,17.636040000000037,31.14694000000003
332,86.82777778,18.586150000000032,20.819500000000005
333,69.20277778,21.283200000000022,30.62252000000001
334,88.56527778,17.436059999999998,18.303830000000005
335,80.46805556,18.653650000000027,22.404800000000023
336,89.73888889,16.473780000000033,16.809750000000008
337,76.26805556,17.400540000000035,25.710140000000024
338,89.01944444,17.33050000000003,18.477800000000002
339,69.40416667,19.163720000000012,28.051230000000032
340,87.15694444,17.227959999999996,19.104900000000043
341,71.77361111,17.682200000000023,27.968470000000025
342,89.98055556,16.860500000000002,19.1019
343,85.53194444,19.851950000000045,27.635580000000004
344,88.46111111,18.415099999999995,20.03896000000003
345,81.84027778,19.25660000000005,28.51522
346,97.01830986,17.57513,18.239160000000027
347,90.07777778,18.5034,21.368100000000027
348,93.45,16.94628,17.711760000000027
349,86.54444444,19.914360000000045,24.44747000000001
350,89.49444444,17.211720000000014,17.54803000000004
351,76.90416667,20.920800000000042,28.43610000000001
352,88.15694444,18.860220000000027,20.469100000000026
353,74.49583333,19.882900000000006,31.270780000000002
354,87.83194444,19.015530000000012,22.09307000000001
355,75.61388889,18.82772,32.75580000000002
356,82.75555556,19.649440000000027,22.244700000000023
357,61.80555556,10.928920000000005,27.58000000000004
358,83.91388889,12.938780000000008,14.521800000000042
359,69.42916667,12.398250000000019,26.43270000000001
360,84.41805556,12.59620000000001,15.41840000000002
361,69.31388889,14.49690000000004,28.975000000000023
362,86.83472222,15.655100000000004,18.09298000000001
363,73.08055556,18.87136000000004,33.85656
364,83.15972222,19.41700000000003,21.610960000000034
365,64.74027778,17.107169999999996,32.61685
366,86.72638889,16.76406000000003,18.228300000000047
367,71.55972222,15.252620000000036,29.38220000000001
368,87.92638889,15.48965000000004,20.236500000000035
369,77.68591549,15.438900000000046,22.616880000000037
370,86.21805556,14.787230000000022,16.501030000000014
371,72.58472222,16.630600000000015,28.57385000000005
372,87.34444444,16.801630000000046,20.3519
373,71.65277778,17.019370000000038,31.91903000000002
374,81.84444444,19.342900000000043,20.90954000000005
375,84.8,18.282129999999995,29.72717
376,91.94583333,15.521630000000016,15.913780000000031
377,72.8375,16.729060000000004,25.231650000000002
378,92.24166667,15.938320000000033,16.694360000000017
379,83.78055556,14.711600000000033,22.809600000000046
380,95.51666667,15.491170000000011,16.14880000000005
381,72.86666667,10.51830000000001,20.78448000000003
382,83.01527778,9.242880000000014,11.380200000000002
383,66.64722222,9.584950000000049,23.90010000000001
384,90.25972222,12.9966,15.219600000000014
385,73.26388889,13.167140000000018,24.091030000000046
386,88.275,13.301660000000027,15.93795
387,87.60555556,15.25314000000003,21.69372000000004
388,92.1875,13.628500000000031,14.576800000000048
389,81.36666667,14.937430000000006,22.16497000000004
390,87.41388889,12.834220000000016,13.916440000000023
391,78.8,14.28830000000005,23.3485
392,84.46944444,12.610900000000015,13.740049999999997
393,63.00833333,10.078800000000001,25.965700000000027
394,85.39577465,12.351040000000012,15.040200000000027
395,73.96527778,13.31283000000002,27.313559999999995
396,87.48194444,14.521780000000035,16.282920000000047
397,79.60416667,17.689800000000048,25.218380000000025
398,88.05555556,15.551050000000032,17.137800000000027
399,79.88333333,15.986019999999996,28.027060000000006
400,88.05555556,15.772850000000005,19.025779999999997
401,75.69558824,15.72057000000001,30.32770000000005
402,86.02361111,16.06722000000002,20.322900000000004
403,72.04722222,16.81280000000004,31.68887000000001
404,84.89861111,17.589320000000043,19.58764000000002
405,69.39861111,16.22660000000002,29.50604000000004
406,83.98055556,16.532129999999995,18.80224000000004
407,65.54305556,16.283960000000036,30.283600000000035
408,84.58333333,16.390530000000012,19.29946000000001
409,69.74166667,17.696439999999996,30.475700000000018
410,86.51111111,16.32253000000003,19.76528000000002
411,67.52083333,16.29208,32.326840000000004
412,95.02777778,17.549740000000043,19.923550000000034
413,87.24027778,17.471580000000017,27.49060000000003
414,91.13194444,19.22410000000002,20.61712
415,75.46388889,17.453820000000007,33.127340000000004
416,95.26805556,17.531980000000033,20.78448000000003
417,90.47083333,17.253840000000025,24.47466000000003
418,94.75352113,17.24624,17.729880000000037
419,80.14166667,16.25857000000002,25.48660000000001
420,90.49583333,17.97810000000004,18.331020000000024
421,76.1375,19.845330000000047,29.408780000000036
422,89.67638889,19.89760000000001,20.700500000000034
423,73.01388889,19.79662000000002,29.880030000000033
424,84.93611111,20.101130000000012,20.74340000000001
425,74.79722222,18.176570000000027,27.890530000000012
426,88.71666667,17.422360000000026,19.41485
427,79.13888889,19.152030000000025,28.181150000000002
428,92.24305556,18.297360000000026,18.509240000000034
429,73.70833333,16.095150000000046,22.63198
430,84.83472222,14.491330000000005,16.199550000000045
431,68.79861111,12.552500000000009,24.989980000000003
432,87.09722222,12.56826000000001,17.038720000000012
433,68.8,13.205700000000036,27.53167000000002
434,86.6375,14.546140000000037,18.18240000000003
435,72.73194444,16.793499999999995,30.72643000000005
436,87.81666667,18.370450000000005,20.078200000000038
437,72.50277778,17.037130000000047,32.66577000000001
438,89.34305556,18.607970000000023,22.17706000000004
439,75.38611111,18.25320000000005,29.73320000000001
440,88.20138889,18.148650000000032,19.94592
441,74.51944444,19.221060000000023,30.220150000000046
442,89.65352113,18.999780000000044,21.13670000000002
443,71.53472222,19.52203000000003,32.87300000000005
444,88.36388889,20.433070000000043,22.69058000000001
445,73.30138889,19.32107000000002,31.493100000000027
446,87.89305556,19.095200000000034,21.511870000000044
447,70.89722222,20.889340000000004,34.437160000000006
448,88.31527778,21.325829999999996,23.893460000000005
449,76.44722222,17.778130000000033,28.416160000000048
450,95.88472222,14.91560000000004,19.332700000000045
451,86.74027778,14.201000000000022,20.189400000000035
452,87.65277778,13.158000000000015,14.068100000000015
453,69.19861111,11.12990000000002,23.912770000000023
454,87.475,10.885250000000042,14.173200000000008
455,76.27361111,15.032860000000028,22.246550000000013
456,88.94861111,13.30215000000004,15.244380000000035
457,73.98333333,14.048760000000016,26.255100000000027
458,89.88611111,13.634600000000034,15.757930000000044
459,68.38055556,12.871270000000038,30.427999999999997
460,86.60555556,14.017800000000022,18.979880000000037
461,68.75833333,15.886040000000037,32.604150000000004
462,87.14166667,16.246880000000033,20.05224000000004
463,66.75138889,16.023580000000038,33.16238000000004
464,86.725,16.368700000000047,19.758020000000045
465,66.74583333,18.127830000000017,27.937070000000006
466,85.79166667,14.051780000000008,17.630179999999996
467,73.56478873,17.23153000000002,26.907600000000002
468,89.62361111,18.09790000000004,19.093440000000044
469,76.61666667,18.92416000000003,28.59136000000001
470,94.49861111,18.07656000000003,20.97660000000002
471,74.81111111,20.185400000000016,28.605860000000007
472,91.2125,17.20156000000003,18.665700000000015
473,78.99861111,18.06692000000004,28.474760000000003
474,92.33055556,17.132040000000018,20.111440000000016
475,75.62361111,18.567350000000033,28.96353000000005
476,90.17916667,17.688800000000015,19.68914000000001
477,69.81944444,17.02290000000005,30.3682
478,88.53472222,16.968620000000044,20.20690000000002
479,71.425,17.85528000000005,32.357050000000015
480,88.60833333,17.624870000000044,19.803950000000043
481,73.93888889,17.95830000000001,30.143430000000023
482,88.02083333,16.33367000000004,18.970820000000003
483,68.3125,14.285760000000039,31.985500000000002
484,86.34166667,15.785030000000006,19.203400000000045
485,76.59305556,15.387140000000045,32.12686000000002
486,87.40555556,15.762720000000002,21.508260000000007
487,66.45,14.586720000000014,32.76060000000001
488,87.28472222,15.133870000000002,19.821470000000033
489,65.00416667,11.105520000000013,32.328670000000045
490,85.68169014,15.188680000000033,16.96078
491,82.73472222,10.609160000000031,20.11447000000004
492,88.12777778,10.96496000000002,11.71792000000005
493,71.30416667,10.340660000000014,22.503900000000044
494,88.61944444,10.20718000000005,11.509520000000009
495,68.83472222,11.498379999999997,25.453970000000027
496,88.45972222,11.480600000000038,16.083550000000002
497,74.69166667,11.930300000000045,23.408320000000003
498,98.73333333,14.482169999999996,14.75200000000001
499,88.46111111,14.483699999999999,21.148770000000013
500,94.91527778,14.063469999999995,14.61184000000003
501,85.65833333,14.545620000000042,21.85626000000002
502,97.29861111,15.110000000000014,16.070280000000025
503,87.93888889,12.080000000000041,20.6413
504,91.47777778,9.620480000000043,11.334280000000035
505,74.92916667,11.792750000000012,23.108060000000023
506,91.575,10.872580000000028,12.66586000000001
507,74.025,13.510250000000042,24.776730000000043
508,91.70972222,15.210000000000036,16.409780000000012
509,74.2,15.524159999999995,24.808130000000006
510,87.84861111,12.535799999999995,13.953300000000013
511,70.47222222,11.130899999999997,26.137900000000002
512,87.26805556,12.208430000000021,15.191220000000044
513,66.05416667,13.290980000000047,26.638120000000015
514,87.54225352,12.59008,14.028830000000028
515,70.10555556,11.51257000000004,26.36746000000005
516,89.03333333,10.699520000000007,14.971300000000042
517,70.02083333,13.205700000000036,28.812460000000044
518,91.2,11.770930000000021,17.879700000000014
519,70.44027778,13.479800000000012,28.893430000000023
520,95.34444444,14.357320000000016,18.131650000000036
521,88.67083333,8.518100000000004,15.328970000000027
522,92.00555556,7.592340000000036,11.806759999999997
523,68.40416667,3.32955000000004,17.557100000000048
524,87.04583333,4.21926000000002,6.473260000000039
525,67.03333333,2.661130000000014,17.673699999999997
526,87.9125,3.053950000000043,6.156100000000038
527,65.08055556,1.9180800000000318,19.593680000000006
528,87.62083333,3.129570000000001,6.458150000000046
529,73.51805556,6.908720000000017,22.55767000000003
530,94.49583333,12.809349999999995,14.962240000000008
531,94.55277778,15.163800000000037,21.162680000000023
532,98.42916667,13.903070000000014,14.945920000000001
533,90.96944444,12.329700000000003,16.556600000000003
534,93.3375,11.882560000000012,12.770380000000046
535,83.07777778,12.278470000000027,21.830870000000004
536,98.36666667,14.38778000000002,15.769980000000032
537,84.39305556,12.492639999999994,20.087270000000046
538,93.78450704,11.069500000000005,12.5154
539,79.05833333,11.546080000000018,23.730340000000012
540,96.14722222,11.503440000000012,13.298400000000015
541,79.87777778,13.673180000000002,24.135700000000043
542,93.47361111,12.033800000000042,12.819299999999998
543,81.10972222,15.038960000000031,24.11760000000004
544,91.36805556,11.447630000000004,14.488580000000013
545,76.87222222,13.642719999999997,25.762100000000032
546,87.10833333,11.159840000000031,16.786800000000028
547,75.67222222,11.087270000000046,25.73010000000005
548,97.28472222,11.483640000000037,15.234700000000032
549,82.02777778,13.071740000000034,26.032160000000033
550,87.84722222,11.193840000000023,12.650140000000022
551,69.54583333,5.010520000000042,14.429380000000037
552,85.94027778,6.189020000000028,9.335140000000024
553,81.5875,4.94097000000005,15.701700000000017
554,96.94027778,5.2125200000000405,7.270750000000021
555,78.52083333,7.321830000000034,17.1644
556,83.20416667,5.9748200000000224,8.644000000000005
557,74.69305556,3.1783000000000357,15.063130000000001
558,94.53055556,4.171530000000018,6.274500000000046
559,79.31944444,5.911400000000015,13.693500000000029
560,90.03194444,3.9665200000000027,6.214070000000049
561,75.56388889,3.4067000000000007,15.7851
562,92.26388889,3.6031000000000404,5.262540000000001
563,71.02957746,7.396450000000016,22.207850000000008
564,96.60833333,9.815359999999998,13.205380000000048
565,97.04166667,12.328180000000032,14.267449999999997
566,95.48888889,8.554130000000043,9.997920000000022
567,83.10694444,10.260980000000018,18.084500000000048
568,94.30694444,6.919370000000015,9.028250000000014
569,78.09861111,10.46908000000002,21.980700000000013
570,95.57638889,8.182600000000036,10.33200000000005
571,80.3625,12.242430000000013,23.303800000000024
572,94.61944444,8.730770000000007,11.852040000000045
573,83.0875,12.115530000000035,23.251250000000027
574,94.59861111,8.752070000000003,10.79418000000004
575,74.05833333,9.097700000000032,24.434780000000046
576,92.3625,7.716700000000003,12.388540000000035
577,81.09583333,13.081380000000024,21.000760000000014
578,95.11527778,11.66840000000002,12.015770000000032
579,81.65972222,13.788400000000024,20.51803000000001
580,94.19027778,10.301600000000008,10.704160000000002
581,77.7125,9.338279999999997,22.19457
582,93.78611111,8.322720000000004,11.304100000000005
583,74.90555556,8.496270000000038,23.49350000000004
584,93.16805556,7.2776700000000005,11.597100000000012
585,74.28888889,10.71270000000004,24.321799999999996
586,94.025,8.562250000000006,11.960800000000006
587,76.14507042,11.751120000000014,25.597770000000025
588,94.18333333,9.761560000000031,14.962850000000003
589,79.28055556,12.50988000000001,26.859860000000026
590,94.82916667,8.493250000000046,13.753930000000025
591,76.48611111,11.708500000000015,24.47344000000004
592,93.66944444,8.912470000000042,12.70693
593,76.33194444,12.474360000000047,25.16763000000003
594,93.70972222,8.836330000000032,12.82113000000004
595,74.87222222,11.069500000000005,23.175700000000006
596,95.39583333,7.922270000000026,9.126120000000014
597,79.66527778,11.299920000000043,21.626059999999995
598,92.44861111,8.998739999999998,9.894600000000025
599,77.90833333,11.198900000000037,21.84960000000001
600,91.5375,5.977380000000039,7.571000000000026
601,80.8625,10.618300000000033,19.94106000000005
602,94.82638889,8.964230000000043,10.04140000000001
603,96.65,9.153530000000046,11.390500000000031
604,98.55277778,6.702140000000043,7.560140000000047
605,93.07638889,5.576930000000004,8.500200000000007
606,93.66388889,4.285730000000001,5.20455000000004
607,86.33611111,2.4804300000000126,7.378300000000024
608,96.36805556,2.01400000000001,3.864530000000002
609,92.76527778,3.9873000000000047,8.724360000000047
610,96.36111111,3.674160000000029,4.846280000000036
611,94.21971831,9.550440000000037,13.292349999999999
612,99.97083333,10.02194000000003,10.727720000000033
613,83.88888889,13.145840000000021,19.593680000000006
614,98.72638889,12.62106,15.370050000000049
615,92.00694444,12.42715000000004,14.221550000000036
616,94.02916667,6.832060000000013,8.8168
617,66.22638889,11.714600000000019,21.704000000000008
618,86.18472222,12.021630000000016,13.175740000000019
619,91.24166667,9.139830000000018,16.25030000000004
620,95.3625,9.653999999999996,9.929040000000043
621,83.23472222,10.296530000000018,14.531500000000051
622,99.97361111,6.801600000000008,6.911280000000033
623,96.62916667,10.532000000000039,12.693660000000023
624,98.2375,8.579520000000002,9.531500000000051
625,97.44166667,10.231560000000002,13.661500000000046
626,99.75138889,8.044060000000002,8.611379999999997
627,95.17361111,6.912770000000023,9.161159999999995
628,98.8,4.983600000000024,6.573570000000018
629,95.0875,6.754420000000039,10.999000000000024
630,99.80972222,6.30776000000003,6.8230800000000045
631,99.87083333,8.503900000000044,9.565940000000012
632,99.97222222,9.26672000000002,12.185540000000003
633,99.38194444,10.04630000000003,14.613640000000032
634,98.52222222,5.6413800000000265,5.733800000000031
635,92.99577465,6.441250000000025,10.876340000000027
636,95.73611111,6.825460000000021,7.093130000000031
637,96.36944444,8.877440000000036,12.760100000000023
638,99.61111111,7.818720000000042,11.755400000000009
639,97.37361111,10.978139999999996,13.895320000000027
640,100.0,7.926800000000014,9.976770000000045
641,98.44444444,9.785420000000045,15.153770000000009
642,90.44583333,9.252530000000036,12.174680000000023
643,80.4375,4.622250000000008,16.305300000000045
644,94.91527778,3.5346000000000117,5.461330000000032
645,81.79722222,5.822080000000028,13.13226000000003
646,99.3625,6.608240000000023,7.53054000000003
647,99.99861111,9.715900000000033,10.77484000000004
648,99.79583333,8.185660000000041,8.702600000000018
649,93.79722222,8.98046000000005,13.363060000000019
650,97.44722222,8.318140000000028,8.65246000000002
651,88.30694444,8.933280000000025,12.973960000000034
652,99.20138889,3.2239600000000337,3.9853800000000206
653,91.16388889,6.571200000000033,11.817620000000034
654,98.19166667,3.501100000000008,4.504330000000039
655,92.45138889,6.645800000000008,11.832120000000032
656,99.9875,3.153920000000028,3.9539400000000455
657,97.51666667,4.249720000000025,5.922880000000021
658,99.22916667,4.27660000000003,5.330219999999997
659,94.60555556,6.549860000000024,8.944880000000012
660,93.15774648,5.407920000000047,5.8346800000000485
661,93.71111111,6.157560000000046,9.263850000000048
662,100.0,7.497950000000003,8.138329999999996
663,99.725,9.219539999999995,14.03185000000002
664,95.71527778,8.052180000000021,9.578030000000012
665,86.08194444,7.619259999999997,15.553700000000049
666,73.71111111,6.818870000000004,8.33710000000002
667,82.18611111,-1.4164499999999975,7.736570000000029
668,93.20694444,-2.137149999999963,0.6685400000000072
669,72.56527778,-1.6077999999999975,6.101700000000051
670,93.20833333,-0.6378799999999956,1.6340000000000146
671,94.89027778,2.3687700000000405,3.9539400000000455
672,94.71944444,1.062370000000044,1.679300000000012
673,87.98472222,0.6335000000000264,3.773300000000006
674,99.00138889,-1.3138999999999896,-0.6823200000000043
675,92.76666667,-1.9874299999999607,0.7404400000000351
676,92.86388889,-0.6845799999999826,-0.021399999999971442
677,89.44583333,-2.7441799999999716,-0.602579999999989
678,93.55972222,-2.114319999999964,-1.2387499999999818
679,89.94027778,-0.912969999999973,2.4586700000000405
680,98.77222222,-0.25977000000000317,0.6075400000000286
681,92.98888889,5.134850000000029,6.517970000000048
682,100.0,0.5969500000000494,0.7024000000000115
683,98.11408451,3.2808200000000056,3.6398000000000366
684,98.95277778,-0.35873999999995476,0.02453000000002703
685,96.98888889,5.911400000000015,7.96795000000003
686,94.91388889,5.839840000000038,6.302900000000022
687,71.28472222,3.567600000000027,7.0544700000000375
688,89.31388889,-2.7071299999999496,1.6424499999999966
689,84.95138889,-1.7448200000000043,4.350900000000024
690,98.13055556,-0.008029999999962456,0.948880000000031
691,97.45972222,-0.10039999999997917,1.2751400000000217
692,100.0,0.004660000000001219,0.19793000000004213
693,100.0,1.7795300000000225,4.063300000000027
694,96.18194444,3.6188300000000027,4.792500000000018
695,94.13472222,3.509200000000021,7.1173
696,97.56666667,0.2939700000000016,1.7149600000000191
697,90.7375,3.8365699999999947,9.647500000000036
698,97.38333333,1.5267600000000243,3.5400999999999954
699,93.23472222,5.731700000000046,14.095270000000028
700,97.66388889,3.728970000000004,5.884200000000021
701,89.97777778,8.288200000000018,16.394100000000037
702,98.38611111,3.585840000000019,4.927850000000035
703,89.59166667,6.932060000000035,13.71526
704,98.21944444,4.35223000000002,7.564400000000035
705,89.08055556,7.51776000000001,12.518430000000023
706,98.14444444,4.405500000000018,5.7072
707,87.33943662,8.648030000000006,14.970100000000002
708,87.79444444,5.967740000000049,10.653400000000033
709,99.34722222,9.410850000000039,12.047200000000032
710,94.87916667,5.713950000000011,9.288630000000012
711,98.0125,9.130700000000047,10.753720000000044
712,94.97777778,4.9623000000000275,5.778500000000008
713,72.57916667,4.887170000000026,8.935200000000009
714,68.63333333,1.9358500000000163,6.933040000000005
715,82.14583333,1.1984000000000492,10.568840000000023
716,94.55555556,0.42540000000002465,1.8642000000000394
717,80.43194444,2.2292000000000485,10.026300000000049
718,80.48194444,3.7315000000000396,5.754940000000033
719,85.375,2.004880000000014,8.10208
720,96.62916667,-0.7744199999999637,1.2268000000000256
721,71.19583333,0.4396300000000224,5.9839000000000055
722,75.53055556,-1.1890599999999836,1.7336700000000178
723,70.22916667,-3.347629999999981,3.5871999999999957
724,75.79305556,-3.5856699999999933,0.426900000000046
725,75.09583333,-3.689199999999971,1.5319000000000074
726,87.65138889,-4.492649999999969,-2.0283999999999764
727,84.40972222,-4.543399999999963,2.4121300000000474
728,96.35555556,-4.849429999999984,-3.3701999999999543
729,90.86388889,-3.596839999999986,1.344600000000014
730,91.11267606,-3.8226999999999975,-2.6512799999999856
731,83.09583333,-0.8693299999999908,5.483670000000018
732,95.13194444,-3.850599999999986,-2.6645599999999945
733,87.01944444,-1.6676699999999869,5.503600000000006
734,93.62916667,-4.6778999999999655,-2.912269999999978
735,85.27222222,-2.605099999999993,4.314020000000028
736,95.90694444,-4.085099999999954,-2.7889999999999873
737,83.80972222,0.15692000000001372,4.25
738,78.55972222,0.41830000000004475,1.7065000000000055
739,63.16388889,-5.9345500000000015,4.8535400000000095
740,78.61388889,-6.021339999999952,-2.181829999999991
741,76.62222222,-5.9979999999999905,3.559439999999995
742,92.47222222,-6.759799999999984,-4.9778799999999706
743,79.02083333,-7.585579999999993,3.8887000000000285
744,92.14027778,-6.231449999999995,-2.323219999999992
745,92.07083333,-1.3687499999999773,3.439800000000048
746,95.22222222,-3.3186999999999784,-2.5431299999999624
747,87.67916667,-1.4829499999999598,5.673969999999997
748,93.00833333,-3.4410199999999804,-2.3075000000000045
749,75.76388889,-2.0249999999999773,10.22747000000004
750,99.88194444,-1.4636600000000044,-0.6642200000000003
751,91.60833333,1.7069299999999998,6.200199999999995
752,97.5875,-3.786139999999989,-2.64883999999995
753,89.74583333,0.008200000000044838,4.8903700000000185
754,99.72222222,-2.9288999999999987,-2.5781599999999685
755,100.0,-2.546729999999968,0.4069499999999948
756,99.85,-3.2628799999999956,-2.9932299999999827
757,96.82638889,-0.059799999999995634,2.9734000000000265
758,96.04027778,-3.9551500000000033,-3.526679999999999
759,88.63055556,0.015300000000024738,3.462760000000003
760,96.14861111,-2.0442999999999643,-1.7649999999999864
761,87.33055556,1.592740000000049,3.9841600000000312
762,100.0,-0.9505399999999895,-0.41467999999997573
763,100.0,-1.37991999999997,-0.9137299999999868
764,100.0,-1.9559699999999793,-1.754699999999957
765,100.0,-1.8178999999999519,-1.343879999999956
766,100.0,-1.7666399999999953,-0.9034499999999639
767,99.97638889,-0.8063699999999585,1.1089699999999993
768,99.725,-1.2788999999999646,-0.5022999999999911
769,95.60694444,-0.6830499999999802,2.0526700000000346
770,97.23888889,-1.5209999999999582,-0.14221999999995205
771,89.04861111,-2.4162999999999784,3.02355
772,95.59583333,-4.249030000000005,-3.8692399999999907
773,89.81111111,-2.023959999999988,3.525000000000034
774,97.14444444,-4.133299999999963,-3.3109999999999786
775,90.00972222,-1.267219999999952,3.1413500000000454
776,95.08333333,-5.4249999999999545,-5.1548799999999915
777,92.23333333,-2.2721599999999853,2.9244600000000105
778,98.31805556,-4.195229999999981,-2.183659999999975
779,86.71944444,1.212600000000009,6.055800000000033
780,97.38873239,-0.6155499999999847,-0.2545799999999758
781,87.58055556,3.4610000000000127,5.370699999999999
782,98.21527778,1.2572600000000307,1.5397600000000011
783,95.02083333,2.2454500000000053,2.78430000000003
784,99.25,0.9385300000000143,1.059439999999995
785,72.67777778,5.528700000000015,11.891930000000002
786,98.30972222,-0.2034400000000005,1.236469999999997
787,93.97638889,3.373700000000042,6.800100000000043
788,95.74166667,1.5160999999999945,1.6750700000000052
789,77.3125,-0.5551499999999692,7.639280000000042
790,58.01111111,-3.8987999999999943,2.172300000000007
791,67.96805556,5.404870000000017,15.629850000000033
792,80.90138889,4.272550000000024,6.676870000000008
793,69.75972222,6.815820000000031,16.75356000000005
794,71.23472222,5.787560000000042,10.345900000000029
795,65.19583333,7.10107000000005,17.401200000000017
796,69.99861111,6.5458000000000425,10.855200000000025
797,82.91111111,7.215260000000001,14.981560000000002
798,99.61805556,7.2117000000000075,9.165980000000047
799,75.41111111,3.5163200000000074,6.557240000000036
800,70.37638889,-1.5443499999999517,3.4265000000000327
801,65.03611111,-1.3519999999999754,6.622500000000002
802,64.25694444,-7.687599999999975,0.7658300000000509
803,54.59166667,-6.2223299999999995,6.460000000000036
804,74.48333333,-3.5831399999999576,-0.2575999999999681
805,74.62816901,-1.0504999999999995,7.244169999999997
806,75.78472222,-0.8002999999999929,0.6836500000000001
807,76.78611111,-1.887459999999976,8.236199999999997
808,91.76666667,-4.952979999999968,-2.135319999999979
809,62.83333333,0.18383000000000038,12.189780000000042
810,64.91527778,0.5401200000000017,6.167570000000012
811,71.87916667,4.342579999999998,14.737500000000011
812,97.89583333,6.6732000000000085,8.166100000000029
813,94.22083333,1.119700000000023,9.403400000000033
814,95.65,2.342900000000043,4.204060000000027
815,79.55277778,-2.197029999999984,11.366330000000005
816,93.01527778,-0.6936999999999784,2.2460000000000377
817,73.29166667,-0.061829999999986285,11.87017000000003
818,98.2,-0.08364999999997735,5.165900000000022
819,90.27916667,6.213900000000024,10.802639999999997
820,94.01111111,0.4386000000000081,2.114900000000034
821,81.40555556,1.1425700000000347,11.628530000000012
822,93.4375,-0.540930000000003,1.064260000000047
823,79.73333333,1.621180000000038,12.357140000000015
824,90.03055556,0.051870000000008076,4.025230000000022
825,67.84166667,2.097250000000031,16.900959999999998
826,70.79027778,3.7929300000000126,8.017480000000035
827,78.56111111,4.791770000000042,10.439540000000022
828,86.45774648,1.9901399999999967,5.717460000000017
829,59.03333333,-3.588199999999972,11.658140000000003
830,68.17638889,1.2445600000000354,5.26556000000005
831,66.6375,-3.2247999999999593,9.69160000000005
832,86.32638889,-3.3044799999999555,-0.01474999999999227
833,50.70972222,-1.656499999999994,11.234000000000037
834,78.47083333,-3.924199999999985,0.04385000000002037
835,63.97777778,-3.3257999999999583,10.95428000000004
836,85.30555556,-3.049199999999985,2.8671000000000504
837,52.99444444,-0.822119999999984,13.844570000000033
838,57.79444444,2.742330000000038,10.591800000000035
839,62.57222222,-4.6814299999999776,11.266020000000026
840,88.61111111,-3.6556999999999675,1.4654500000000326
841,60.11666667,4.764859999999999,14.916300000000035
842,75.10694444,2.9945600000000354,7.790920000000028
843,86.85555556,4.694299999999998,9.085630000000037
844,86.5375,0.7954000000000292,0.8654999999999973
845,58.12638889,-1.5443499999999517,8.54672000000005
846,69.03194444,-5.055999999999983,6.200800000000015
847,63.0625,-2.805059999999969,9.092280000000017
848,89.625,-3.3349399999999605,-0.3802599999999643
849,53.28888889,-4.8596,12.282219999999995
850,63.21388889,-5.30114999999995,5.121180000000038
851,80.925,4.251730000000009,12.267100000000028
852,79.81126761,6.668630000000007,7.287070000000028
853,49.97222222,3.4827999999999975,17.390950000000032
854,87.1875,4.972440000000006,11.546960000000013
855,76.89166667,8.567350000000033,14.877070000000003
856,80.98472222,5.3607000000000085,6.767480000000035
857,70.26666667,-0.24959999999998672,9.626950000000022
858,81.82361111,-0.6226599999999962,2.1384500000000344
859,63.07916667,-2.009249999999952,12.001900000000035
860,93.84444444,0.3533300000000281,5.501800000000003
861,94.84027778,6.245360000000005,13.244040000000041
862,86.76666667,6.31588000000005,6.6358000000000175
863,66.4875,1.057299999999998,10.49090000000001
864,77.025,0.9705000000000155,4.3805000000000405
865,74.46944444,0.5355500000000006,8.814970000000017
866,87.49027778,-0.3876699999999573,3.0513500000000136
867,70.87083333,0.2026000000000181,11.290200000000027
868,89.46527778,-0.7642599999999788,2.714230000000043
869,69.32361111,1.8419400000000223,13.010829999999999
870,83.84861111,1.5359000000000265,4.670470000000023
871,57.23472222,2.6621300000000474,19.396720000000016
872,80.83611111,3.8670299999999997,10.822000000000003
873,52.54861111,4.229399999999998,22.522640000000024
874,82.01527778,4.300960000000032,9.896420000000035
875,83.15416667,5.506370000000004,12.74078000000003
876,89.35833333,4.801900000000046,6.020170000000007
877,50.70277778,-1.0515199999999822,12.403040000000033
878,53.12916667,-2.0224399999999605,6.447900000000004
879,52.28194444,-7.586099999999988,9.874660000000006
880,81.50555556,-3.6830999999999676,0.04930000000001655
881,64.86666667,0.5685400000000413,13.41500000000002
882,76.42083333,-1.3880399999999895,2.7220700000000306
883,49.73472222,-1.6494199999999637,17.575800000000015
884,73.7875,1.9977700000000027,7.170470000000023
885,67.96388889,6.129100000000051,18.088130000000035
886,81.04861111,1.5080000000000382,6.7409000000000106
887,51.25138889,-0.4404700000000048,19.451099999999997
888,74.34027778,-1.563639999999964,8.118980000000022
889,51.1625,0.1883799999999951,21.151200000000017
890,76.95138889,0.897420000000011,7.044800000000009
891,66.10138889,2.415459999999996,18.442769999999996
892,84.09305556,0.8933700000000044,5.205740000000048
893,66.14305556,-2.227999999999952,5.567650000000015
894,65.91388889,-7.396770000000004,-0.0987299999999891
895,92.81388889,-3.7932500000000005,2.3016000000000076
896,99.77361111,-1.982370000000003,-1.5402299999999514
897,96.325,-0.6769799999999577,0.6196199999999976
898,97.89027778,-2.2645299999999793,-1.0774599999999737
899,94.93472222,-2.0346399999999676,0.35198000000002594
900,85.11666667,-1.6234999999999786,0.41420000000005075
901,79.06805556,0.3102000000000089,5.117550000000051
902,78.27916667,0.7994600000000105,4.564140000000009
903,73.38333333,1.2359600000000341,12.313620000000014
904,84.87638889,-1.4214999999999804,2.244799999999998
905,63.99027778,2.1383600000000342,16.835720000000038
906,94.32333333,1.908929999999998,5.86187000000001
907,,3.3321000000000254,17.543800000000033
908,67.92352941,-0.33944999999999936,7.142660000000035
909,57.82777778,-2.7441799999999716,6.887720000000002
910,71.09375,-5.582299999999975,2.322140000000047
911,51.84305556,-7.095799999999997,6.1500500000000216
912,72.08888889,-7.456669999999974,-1.2260799999999676
913,47.71388889,-9.473599999999976,8.02776
914,78.09027778,-7.123199999999997,-1.2852800000000002
915,59.2125,-2.1021199999999567,10.675160000000005
916,81.92361111,-3.2136299999999665,1.238900000000001
917,47.99861111,-2.2762199999999666,15.49630000000002
918,73.825,-2.43304999999998,3.5050600000000145
919,42.425,-0.6769799999999577,15.869070000000022
920,70.03055556,-0.384619999999984,5.002769999999998
921,51.47916667,1.4892200000000457,17.866420000000005
922,76.1875,1.6293000000000006,6.2388500000000136
923,32.85138889,-4.59463999999997,17.82412000000005
924,63.65555556,-4.71848,5.12963000000002
925,32.25694444,-7.960149999999999,18.967200000000048
926,65.37222222,-5.04789999999997,4.153920000000028
927,39.12222222,-3.7475599999999645,19.14602000000002
928,69.71527778,-3.7059399999999982,7.627200000000016
929,39.40416667,-1.0880799999999908,21.774680000000046
930,69.53472222,0.6147000000000276,7.164420000000007
931,47.52222222,4.7806000000000495,23.025300000000016
932,83.57361111,2.8458500000000413,11.655700000000024
933,52.65972222,3.841640000000041,21.269000000000005
934,80.71666667,2.470799999999997,7.915980000000047
935,50.08055556,4.373559999999998,23.461479999999995
936,80.75833333,5.4510400000000345,10.713220000000035
937,33.40138889,0.6999800000000391,23.76537000000002
938,72.77777778,3.1813300000000027,14.077750000000037
939,88.06805556,1.9206200000000422,5.397270000000049
940,83.64583333,-3.0197499999999877,-0.20806999999996378
941,58.18611111,-2.570069999999987,12.273160000000018
942,83.22777778,-1.0677599999999643,4.971339999999998
943,48.94027778,0.581230000000005,20.003900000000044
944,75.94305556,2.075400000000002,9.548429999999996
945,44.2875,4.066500000000019,24.121200000000044
946,77.55694444,4.851130000000012,10.726530000000025
947,47.10416667,2.6672000000000367,25.298730000000035
948,81.1056338,7.1107000000000085,12.84286000000003
949,53.73333333,8.509500000000003,24.832899999999995
950,81.16666667,6.742729999999995,11.202600000000018
951,55.45277778,0.7259000000000242,16.82003000000003
952,85.06111111,-2.063539999999989,9.089260000000024
953,62.20138889,2.792570000000012,16.73180000000002
954,86.78194444,2.498199999999997,6.05460000000005
955,57.05555556,1.677000000000021,17.958860000000016
956,82.86111111,1.7526200000000358,5.416620000000023
957,52.89722222,0.9527500000000373,19.405200000000036
958,80.26388889,1.8805200000000468,5.38094000000001
959,49.04305556,1.054740000000038,21.478660000000048
960,81.70694444,3.335140000000024,9.65957000000003
961,55.73055556,4.7968400000000315,24.620840000000044
962,86.10138889,3.324980000000039,11.79770000000002
963,71.75416667,5.069880000000012,17.003700000000038
964,87.81111111,4.840480000000014,8.437980000000039
965,58.40555556,7.490350000000035,23.08026000000001
966,83.375,9.306820000000016,11.77290000000005
967,59.95555556,7.821770000000015,24.152030000000025
968,95.18194444,8.88050000000004,12.607259999999997
969,77.0,11.498379999999997,20.595970000000023
970,93.62361111,11.06188000000003,11.523400000000038
971,71.89722222,9.160150000000044,20.200860000000034
972,98.93472222,9.358100000000036,13.456700000000012
973,84.87605634,11.772420000000011,15.958500000000015
974,97.08472222,10.306669999999997,11.85450000000003
975,69.88888889,7.446680000000015,18.782920000000047
976,90.00277778,8.21407000000005,10.028099999999995
977,72.44861111,5.084100000000035,15.324730000000045
978,83.95694444,4.210100000000011,5.785150000000044
979,62.68888889,3.8167700000000195,18.305020000000013
980,87.57916667,5.0384200000000305,8.484500000000025
981,75.8625,7.816200000000038,21.35540000000003
982,89.2375,9.338279999999997,10.348929999999996
983,63.93055556,0.8431000000000495,14.624500000000012
984,83.50555556,3.39196000000004,6.815200000000004
985,58.61388889,3.2539300000000253,19.065060000000017
986,85.52083333,4.955200000000048,7.751670000000047
987,60.28611111,6.231130000000007,24.363500000000045
988,85.70277778,6.830039999999997,11.241270000000043
989,60.41388889,7.830380000000048,25.51260000000002
990,84.19722222,6.966060000000027,12.410300000000007
991,65.25833333,7.7618700000000445,25.619529999999997
992,89.87916667,8.439940000000036,13.490530000000035
993,63.075,6.13268000000005,24.07710000000003
994,83.775,8.61605000000003,15.88357000000002
995,89.44583333,5.223170000000039,9.543570000000045
996,90.57777778,4.899870000000021,6.937250000000006
997,79.66805556,12.785500000000013,22.94915000000003
998,95.92253521,11.693780000000004,14.327260000000024
999,88.1875,15.277500000000032,22.125699999999995
1000,89.30833333,8.648030000000006,14.316400000000044
1001,67.98333333,13.303200000000004,22.453760000000045
1002,76.99722222,6.522450000000049,10.374300000000005
1003,79.45972222,7.838000000000022,17.212120000000027
1004,94.40555556,10.85888,12.611469999999997
1005,85.54027778,12.298760000000016,20.374870000000044
1006,94.43472222,11.463340000000017,13.753930000000025
1007,67.89444444,11.552670000000035,22.992670000000032
1008,96.34166667,10.866000000000042,15.134420000000034
1009,94.60833333,15.219140000000039,18.592600000000004
1010,100.0,13.762500000000045,14.802760000000035
1011,99.31666667,13.993430000000046,15.352530000000002
1012,86.42916667,9.411900000000003,9.812430000000006
1013,70.22361111,5.3942200000000184,19.16717
1014,82.9875,5.407920000000047,8.009640000000047
1015,67.49305556,5.956050000000005,20.885980000000018
1016,93.60972222,9.130179999999996,14.155700000000024
1017,77.50833333,12.173400000000015,23.344870000000014
1018,92.27222222,11.783100000000047,16.118600000000015
1019,71.72777778,7.317250000000001,19.181050000000027
1020,89.34027778,7.419800000000009,10.238370000000032
1021,83.44084507,8.802819999999997,17.881520000000023
1022,92.01527778,8.502900000000011,11.117999999999995
1023,85.89444444,10.027520000000038,16.650840000000017
1024,88.79583333,8.39984000000004,9.787650000000042
1025,88.16666667,9.748379999999997,18.46816000000001
1026,88.56666667,7.5705200000000445,9.637230000000045
1027,68.46388889,6.222500000000025,19.329060000000027
1028,86.11388889,8.324730000000045,11.939050000000009
1029,84.86388889,10.187900000000013,17.827140000000043
1030,89.77638889,9.06370000000004,11.662350000000004
1031,60.78055556,3.530020000000036,18.570250000000044
1032,84.27916667,5.673360000000002,9.607630000000029
1033,80.79583333,6.391020000000026,15.773000000000025
1034,97.12916667,10.091499999999996,10.586360000000013
1035,77.0875,12.487570000000005,19.506100000000004
1036,82.95972222,9.754480000000001,11.220730000000003
1037,72.5375,5.6576200000000085,20.48965000000004
1038,91.22083333,9.467200000000048,12.569180000000017
1039,81.64444444,11.184200000000033,22.138400000000047
1040,92.72361111,10.921800000000019,12.503930000000025
1041,67.50138889,11.2106,25.05886000000004
1042,96.64166667,10.561980000000005,17.1789
1043,97.9875,15.97890000000001,21.27203000000003
1044,95.38194444,14.415200000000027,15.983270000000005
1045,80.32777778,13.903070000000014,24.571920000000034
1046,90.76338028,13.715300000000013,16.085350000000005
1047,72.74583333,13.34023000000002,27.635580000000004
1048,90.59305556,13.26257000000004,16.176600000000008
1049,92.12777778,14.989700000000028,22.760680000000036
1050,95.69583333,14.652700000000038,15.554300000000012
1051,92.48194444,14.823750000000018,22.361320000000035
1052,94.93472222,14.523300000000006,15.028700000000015
1053,80.23472222,13.688400000000001,22.87786
1054,87.70833333,12.0582,13.488699999999994
1055,78.2,10.24526000000003,23.74120000000005
1056,91.26944444,11.891200000000026,12.818700000000035
1057,70.58888889,11.510030000000029,25.66726
1058,89.22638889,12.317530000000033,15.52230000000003
1059,69.19444444,13.063620000000014,27.886320000000012
1060,88.7625,13.626500000000021,17.48520000000002
1061,62.39861111,13.234160000000031,28.18658000000005
1062,93.28888889,14.956230000000005,16.77170000000001
1063,82.74166667,15.610960000000034,21.83026000000001
1064,89.49861111,15.415549999999996,16.592250000000035
1065,79.02638889,14.08734000000004,18.914600000000007
1066,92.33194444,15.097300000000018,16.82850000000002
1067,90.225,17.521839999999997,19.162930000000017
1068,92.35972222,15.6678,17.015770000000032
1069,83.79859155,15.850520000000017,23.550900000000013
1070,91.97083333,12.048550000000034,15.675740000000019
1071,72.95416667,12.501760000000047,25.53433000000001
1072,96.27222222,15.10748000000001,16.370540000000005
1073,93.475,14.405050000000017,20.65640000000002
1074,98.50416667,13.577750000000037,14.971300000000042
1075,97.05,14.693840000000023,17.19097000000005
1076,86.62638889,14.375100000000032,16.317960000000028
1077,73.51111111,14.574550000000045,21.690120000000036
1078,67.57222222,12.541350000000023,19.340540000000033
1079,65.96944444,12.13787000000002,25.643700000000024
1080,82.34722222,10.50054,13.799860000000024
1081,65.00833333,8.708430000000021,25.43040000000002
1082,89.89861111,9.979300000000023,13.959950000000049
1083,75.80694444,14.027430000000038,26.449640000000045
1084,90.55416667,15.266840000000002,18.639120000000048
1085,73.06944444,16.924950000000024,30.002070000000003
1086,88.77222222,18.153700000000015,20.48422000000005
1087,67.075,14.370020000000011,31.779470000000003
1088,86.56527778,16.615380000000016,20.296320000000037
1089,68.15416667,15.423150000000021,32.116600000000005
1090,88.91388889,18.341000000000008,21.51913000000002
1091,69.15416667,15.103420000000028,32.37580000000003
1092,86.53194444,14.125400000000013,16.02496000000002
1093,62.66478873,12.404840000000036,28.614300000000014
1094,84.82916667,15.037930000000017,17.935879999999997
1095,66.74305556,17.152860000000032,32.09304000000003
1096,88.59722222,19.123100000000022,21.431500000000028
1097,78.72638889,17.64870000000002,30.237660000000005
1098,98.1875,18.394800000000032,20.200860000000034
1099,79.27777778,15.98248000000001,22.218740000000025
1100,82.36944444,15.669820000000016,17.358900000000006
1101,64.175,13.348350000000039,26.33907000000005
1102,82.10972222,15.805319999999995,18.105070000000012
1103,60.46944444,11.823200000000043,28.883170000000007
1104,87.70972222,13.29656,17.505730000000028
1105,67.29722222,13.650840000000017,30.89680000000004
1106,81.17638889,11.36895000000004,17.849480000000028
1107,63.30277778,10.253870000000006,21.274440000000027
1108,82.62638889,8.587120000000027,10.863670000000013
1109,56.5625,7.818200000000047,25.45580000000001
1110,83.69583333,10.198050000000023,15.150140000000022
1111,57.2125,11.712550000000022,29.726560000000006
1112,85.06666667,13.96550000000002,16.47625000000005
1113,56.04722222,13.299620000000004,32.94912000000005
1114,84.6125,15.708920000000035,20.634640000000047
1115,62.50416667,15.081600000000037,32.46520000000004
1116,89.62916667,12.877859999999998,15.347680000000025
1117,64.2125,9.358100000000036,22.480340000000012
1118,87.0056338,10.99490000000003,12.186149999999998
1119,67.30138889,7.97607000000005,23.494100000000003
1120,85.60277778,8.416100000000029,12.745600000000024
1121,62.38888889,6.572720000000004,24.289800000000014
1122,84.12083333,8.67190000000005,12.427819999999997
1123,59.67222222,9.666160000000048,25.643700000000024
1124,85.025,11.360830000000021,17.424770000000024
1125,83.83472222,13.759450000000015,26.242999999999995
1126,99.44444444,14.259360000000015,17.069540000000018
1127,94.52916667,13.33770000000004,15.673940000000016
1128,91.52638889,10.966970000000003,12.171040000000005
1129,94.4125,12.759100000000046,20.829200000000014
1130,94.7,12.572840000000042,13.834280000000035
1131,80.32638889,12.880899999999997,22.725030000000004
1132,91.25277778,14.512630000000001,16.75720000000001
1133,72.41944444,15.665770000000009,26.881619999999998
1134,89.78333333,15.727700000000027,19.067470000000014
1135,70.70138889,16.96810000000005,30.153700000000015
1136,89.82638889,15.52618000000001,20.317470000000014
1137,70.35,17.34014000000002,30.11746000000005
1138,92.2,17.09957000000003,20.10420000000005
1139,94.88333333,18.99825000000004,26.452050000000042
1140,93.87361111,17.262,18.601680000000044
1141,81.82638889,17.937000000000012,27.99084000000005
1142,98.90277778,18.078100000000006,18.16305
1143,92.18028169,17.665980000000047,20.536159999999995
1144,91.25138889,16.733640000000037,17.58972
1145,80.79444444,18.150660000000016,26.520320000000027
1146,89.25,16.152500000000032,17.373440000000016
1147,69.37916667,15.191220000000044,29.234800000000007
1148,90.2,15.333340000000021,17.52084000000002
1149,68.88888889,14.183250000000044,32.332880000000046
1150,88.98472222,16.105800000000045,20.530730000000005
1151,67.68055556,17.376149999999996,32.72076000000004
1152,88.97638889,16.60522000000003,21.097440000000006
1153,69.41111111,17.890800000000013,33.78890000000001
1154,90.23194444,18.752620000000036,22.523220000000038
1155,71.84722222,21.795800000000042,31.55895000000004
1156,87.86944444,19.219539999999995,20.89020000000005
1157,65.83055556,15.844930000000033,31.07140000000004
1158,87.92083333,14.83340000000004,18.42162000000002
1159,62.47361111,13.824430000000007,30.066100000000006
1160,88.94444444,13.74980000000005,19.963430000000017
1161,70.02777778,17.07113000000004,30.82128
1162,93.19444444,18.41357000000005,20.681759999999997
1163,96.79583333,19.03024000000005,27.483330000000024
1164,95.87638889,15.49523000000005,16.048519999999996
1165,92.73333333,15.848000000000013,18.95025000000004
1166,97.63472222,17.380240000000015,17.80358000000001
1167,85.5125,19.180470000000014,24.36047000000002
1168,90.31690141,17.52334000000002,17.75707
1169,74.34444444,16.832100000000025,28.483820000000037
1170,89.31111111,17.88778000000002,19.110960000000034
1171,78.20138889,19.062700000000007,29.369500000000016
1172,91.45833333,17.963400000000036,20.173670000000016
1173,79.94166667,18.78307000000001,31.059320000000014
1174,91.52361111,17.801480000000026,19.555630000000008
1175,79.24305556,18.372460000000046,30.630980000000022
1176,91.44861111,18.29785000000004,20.576040000000035
1177,72.36388889,18.76833000000005,30.87990000000002
1178,89.57222222,18.06540000000001,19.66497000000004
1179,82.9,18.671400000000006,28.630640000000028
1180,91.51805556,18.169460000000015,20.406900000000007
1181,73.34166667,17.539600000000007,30.62130000000002
1182,91.80694444,18.323750000000018,21.35238000000004
1183,76.59861111,20.241240000000005,29.065030000000036
1184,94.09027778,18.401400000000024,20.090900000000033
1185,85.77222222,18.173519999999996,25.6884
1186,93.47916667,17.32745,17.912930000000017
1187,77.225,17.75884000000002,28.407100000000014
1188,92.14861111,17.388360000000034,19.13635000000005
1189,80.18888889,18.437430000000006,30.434000000000026
1190,95.43333333,18.447080000000028,20.552480000000003
1191,95.525,17.971519999999998,23.817350000000033
1192,93.85833333,16.087030000000027,16.51430000000005
1193,74.58450704,15.711940000000027,26.120360000000005
1194,89.82222222,14.879080000000044,16.086569999999995
1195,74.77083333,15.34146000000004,28.40527000000003
1196,90.61527778,14.824270000000013,18.650599999999997
1197,74.13611111,15.658650000000023,30.16396000000003
1198,90.95555556,15.881979999999999,17.68395000000004
1199,75.80694444,17.016840000000002,31.851980000000026
1200,96.20277778,17.500500000000045,20.984460000000013
1201,85.25833333,17.690330000000017,24.953760000000045
1202,91.74444444,17.21478000000002,18.553950000000043
1203,74.5125,14.695860000000039,25.968700000000013
1204,93.2125,15.395260000000007,17.767330000000015
1205,80.64305556,11.71356000000003,25.678740000000005
1206,91.4875,13.073270000000036,16.47747000000004
1207,73.69027778,13.767570000000035,28.661429999999996
1208,91.04861111,15.05773000000005,17.388500000000022
1209,70.69861111,11.50445000000002,28.014400000000023
1210,89.80694444,12.019100000000037,16.424300000000017
1211,76.34166667,16.033720000000017,29.602100000000007
1212,92.53472222,17.13662000000005,18.715840000000014
1213,71.91805556,14.994799999999998,33.987660000000005
1214,90.30416667,15.663720000000012,18.788350000000037
1215,71.18472222,14.3005,34.4178
1216,96.275,16.539240000000007,21.06722000000002
1217,96.81527778,17.77460000000002,19.73022000000003
1218,95.94647887,14.548150000000021,15.261300000000006
1219,83.96805556,12.227200000000039,20.914360000000045
1220,90.97222222,10.763450000000034,13.080900000000042
1221,76.16666667,9.518979999999999,21.724540000000047
1222,91.41666667,9.4332,11.211659999999995
1223,77.14027778,10.566520000000025,22.0967
1224,91.04166667,10.79543000000001,11.66840000000002
1225,77.79583333,10.988800000000026,24.770070000000032
1226,92.17361111,12.134299999999996,15.499930000000006
1227,76.30972222,13.779260000000022,26.89730000000003
1228,91.92638889,11.50550000000004,15.427450000000022
1229,75.05416667,14.855220000000031,28.190800000000024
1230,94.92083333,14.321799999999996,16.266020000000026
1231,80.93194444,15.333340000000021,24.700620000000015
1232,88.99722222,12.48046000000005,16.02496000000002
1233,75.80972222,12.566740000000038,24.42996000000005
1234,90.75972222,10.876640000000009,13.230130000000031
1235,76.24305556,14.185800000000029,26.81152000000003
1236,92.70138889,12.366750000000025,14.757440000000031
1237,74.3375,14.283230000000003,27.071920000000034
1238,92.525,12.632200000000012,14.185900000000004
1239,74.25555556,14.555780000000027,27.466420000000028
1240,90.73611111,12.164760000000001,15.393600000000049
1241,74.20694444,15.743920000000003,28.655400000000043
1242,91.8375,14.283230000000003,15.04200000000003
1243,75.22676056,15.081080000000043,29.495780000000025
1244,91.31111111,14.284230000000036,16.49980000000005
1245,70.98472222,14.432950000000005,28.858400000000017
1246,91.34722222,13.75182000000001,15.870900000000006
1247,71.80277778,14.501460000000009,29.50120000000004
1248,91.925,13.517359999999996,16.921500000000037
1249,77.19444444,15.126760000000047,28.268730000000005
1250,92.94583333,15.178030000000035,16.495600000000024
1251,71.35833333,15.32370000000003,27.685720000000003
1252,89.20416667,14.337550000000022,19.1019
1253,85.67222222,10.001120000000014,18.990750000000048
1254,93.88888889,9.293100000000038,9.972530000000006
1255,77.40833333,6.227080000000001,20.180319999999995
1256,90.10972222,6.883840000000021,9.42455000000001
1257,72.96527778,10.695430000000044,24.07833000000005
1258,92.45555556,10.620840000000044,12.66586000000001
1259,74.46527778,11.386700000000019,26.242400000000032
1260,94.70972222,8.886070000000018,13.877769999999998
1261,80.56111111,14.064999999999998,26.522730000000024
1262,92.89444444,13.819330000000036,14.399159999999995
1263,76.22083333,14.01830000000001,24.554400000000044
1264,93.06805556,12.721030000000042,14.154470000000003
1265,77.07361111,14.024900000000002,26.247860000000003
1266,100.0,12.71646000000004,14.120050000000049
1267,93.24861111,15.767800000000022,24.291600000000017
1268,97.62394366,13.737630000000024,14.01916
1269,88.31944444,7.777600000000007,14.622700000000009
1270,96.56388889,8.345540000000028,9.649320000000046
1271,83.61388889,8.409000000000049,15.872100000000046
1272,98.87083333,11.172540000000026,13.628870000000006
1273,88.46666667,10.770039999999995,18.24642
1274,98.37916667,8.925650000000019,9.693399999999997
1275,85.60972222,9.968650000000025,16.766840000000002
1276,93.2375,9.06826000000001,11.235220000000027
1277,80.34166667,7.579160000000002,20.228660000000048
1278,95.33888889,9.13375000000002,11.803120000000035
1279,82.70833333,10.647730000000024,20.701099999999997
1280,96.95416667,9.453000000000031,11.43276000000003
1281,83.08611111,12.29418000000004,24.20458000000002
1282,97.94444444,11.322750000000042,14.059630000000027
1283,77.87638889,14.85116000000005,28.047630000000026
1284,84.02638889,16.265160000000037,18.647580000000005
1285,76.825,8.855600000000038,23.449400000000026
1286,96.47361111,8.438400000000001,11.586850000000027
1287,77.84027778,13.399620000000027,22.991450000000043
1288,97.06805556,11.56588000000005,14.466240000000028
1289,81.98472222,9.528620000000046,22.090660000000014
1290,100.0,8.413540000000012,12.401850000000024
1291,97.83333333,12.009450000000015,12.961880000000008
1292,89.54166667,9.742800000000045,10.80627000000004
1293,80.58028169,7.645650000000046,17.618700000000047
1294,96.04861111,6.023030000000006,7.1668300000000045
1295,82.61527778,9.788960000000031,20.297540000000026
1296,96.73888889,8.214600000000019,9.928430000000048
1297,82.82361111,10.106200000000001,20.50173000000001
1298,99.42361111,9.651940000000025,11.91912000000002
1299,94.44444444,10.014340000000004,14.596730000000036
1300,99.99444444,9.310360000000003,9.505520000000047
1301,99.55277778,6.426020000000051,7.189200000000028
1302,97.38055556,5.54140000000001,6.733060000000023
1303,96.6125,6.281400000000019,8.085170000000005
1304,99.21111111,3.8934300000000235,5.3163000000000125
1305,86.24722222,5.906820000000039,17.290639999999996
1306,100.0,6.11694,8.268200000000036
1307,100.0,11.419700000000034,12.57220000000001
1308,99.21388889,9.046440000000018,9.24090000000001
1309,95.12222222,7.949670000000026,11.02194000000003
1310,98.45277778,7.917700000000025,8.490530000000035
1311,85.89166667,6.349400000000003,13.073050000000023
1312,97.93055556,5.529200000000003,6.287800000000004
1313,89.19305556,5.272400000000005,14.803340000000048
1314,96.8375,3.8391000000000304,5.2970000000000255
1315,80.70694444,4.665369999999996,15.556730000000016
1316,96.0375,2.149000000000001,4.029470000000003
1317,81.94583333,5.12420000000003,16.202570000000037
1318,98.32957746,3.174250000000029,5.568260000000009
1319,82.19861111,5.954520000000002,19.761040000000037
1320,95.6625,4.925740000000019,6.70043000000004
1321,80.60833333,7.607079999999996,20.865440000000035
1322,96.675,6.797050000000013,8.143150000000048
1323,80.64305556,10.105680000000007,20.75970000000001
1324,97.68333333,9.886930000000007,13.376340000000027
1325,99.74166667,12.677400000000034,14.293450000000007
1326,100.0,12.260199999999998,12.357140000000015
1327,98.16805556,13.065150000000017,13.975060000000042
1328,99.44722222,8.333860000000016,8.524380000000008
1329,90.2875,10.237150000000042,20.214170000000024
1330,96.475,7.126430000000028,9.007100000000037
1331,93.56805556,10.853780000000029,20.108420000000024
1332,100.0,9.805229999999995,9.96470000000005
1333,96.71666667,11.80340000000001,15.364620000000002
1334,99.36388889,10.015860000000032,10.848569999999995
1335,95.575,11.513599999999997,13.790200000000027
1336,98.34444444,9.451999999999998,9.733300000000042
1337,92.55,9.723500000000001,14.92840000000001
1338,95.1625,9.438780000000008,9.75866000000002
1339,84.6875,9.392600000000016,19.635980000000018
1340,98.87361111,9.033780000000036,9.405240000000049
1341,92.42222222,9.95544000000001,16.42007000000001
1342,96.68333333,8.465329999999994,9.53997000000004
1343,88.11126761,10.05340000000001,19.144200000000012
1344,94.775,10.063559999999995,12.04418000000004
1345,86.38472222,10.284330000000011,20.161580000000015
1346,100.0,9.603229999999996,10.423820000000035
1347,97.84305556,12.225150000000042,14.238460000000032
1348,96.65694444,10.658380000000022,10.863060000000019
1349,96.825,9.153040000000033,11.29260000000005
1350,97.52638889,8.621640000000014,9.100729999999999
1351,95.1625,7.163000000000011,13.221670000000017
1352,99.60833333,4.041100000000029,4.7266500000000065
1353,90.94027778,6.712270000000046,13.038020000000017
1354,99.97083333,3.823880000000031,4.815480000000036
1355,97.61666667,5.653560000000027,8.944270000000017
1356,100.0,2.347470000000044,2.48947000000004
1357,99.53888889,5.976860000000045,7.786699999999996
1358,100.0,5.921530000000018,6.451530000000048
1359,98.99444444,5.152120000000025,6.594719999999995
1360,99.72916667,4.349180000000047,5.99114000000003
1361,98.69722222,4.505520000000047,6.688960000000009
1362,97.90138889,4.644069999999999,5.74648000000002
1363,94.84583333,4.062430000000006,7.7577
1364,100.0,5.217579999999998,5.813530000000014
1365,98.54166667,6.1027200000000335,8.348569999999995
1366,99.85555556,5.984460000000013,6.467830000000049
1367,98.61111111,6.911740000000009,8.297200000000032
1368,100.0,7.246200000000044,7.448970000000031
1369,99.18611111,7.126950000000022,9.255400000000009
1370,99.99166667,4.358820000000037,4.392570000000035
1371,98.99444444,9.957480000000032,13.067000000000007
1372,99.93888889,7.777600000000007,7.9727700000000254
1373,99.61527778,8.34250000000003,11.207420000000013
1374,100.0,3.031120000000044,3.3280600000000504
1375,98.79305556,6.9827999999999975,8.840360000000032
1376,100.0,4.525300000000016,4.711569999999995
1377,98.36944444,4.623770000000036,6.6678
1378,91.05555556,3.6498000000000275,4.267500000000041
1379,85.45277778,6.455470000000048,7.49550000000005
1380,82.14861111,-1.304269999999974,2.6024400000000014
1381,79.83055556,-2.880200000000002,6.502859999999998
1382,97.03472222,-3.6973299999999654,-1.205539999999985
1383,90.49444444,-0.6074299999999653,4.65536000000003
1384,96.04583333,-1.479379999999992,-1.0997999999999593
1385,87.73472222,1.7754500000000348,7.863430000000051
1386,95.56805556,1.9439600000000041,2.7601300000000037
1387,88.78611111,1.8998000000000275,7.415160000000014
1388,100.0,1.8110000000000355,2.227300000000014
1389,94.81111111,1.158299999999997,3.7884200000000305
1390,97.71666667,1.4318499999999972,2.1493500000000267
1391,98.14861111,1.0694799999999987,3.0773300000000177
1392,100.0,0.13510000000002265,0.43777000000000044
1393,99.84788732,1.2978800000000206,1.9445400000000177
1394,100.0,1.3476200000000063,1.4237600000000157
1395,99.48472222,1.5211700000000405,1.8575400000000286
1396,98.37083333,0.48680000000001655,1.3754200000000196
1397,94.55416667,-1.470739999999978,3.856070000000045
1398,98.03194444,-1.1692999999999643,0.5604200000000219
1399,90.73611111,-0.8241599999999494,5.427480000000003
1400,100.0,-3.874459999999999,-3.35329999999999
1401,98.28472222,-1.8727199999999584,0.6160000000000423
1402,95.52916667,-3.0237999999999943,-2.493599999999958
1403,98.27638889,-2.7213199999999915,-0.90949999999998
1404,100.0,-1.6377299999999764,-1.2574799999999868
1405,100.0,0.1371400000000449,0.4021200000000249
1406,100.0,-0.3440299999999752,-0.22436999999996488
1407,100.0,0.7426000000000386,1.0238000000000511
1408,100.0,1.5196500000000128,1.695600000000013
1409,98.94861111,6.7863700000000335,10.693300000000022
1410,98.77222222,3.6847999999999956,6.050960000000032
1411,90.04027778,5.831200000000024,12.57280000000003
1412,96.68611111,6.600600000000043,8.418630000000007
1413,95.13055556,7.139120000000048,12.271330000000034
1414,100.0,3.221429999999998,3.4923600000000192
1415,100.0,3.940120000000036,6.3687400000000025
1416,100.0,2.997100000000046,4.483180000000004
1417,100.0,3.6010700000000497,5.210000000000036
1418,99.72957746,0.7553000000000338,1.027430000000038
1419,97.99027778,1.509520000000009,4.367800000000045
1420,100.0,2.4581000000000017,3.414450000000045
1421,99.94166667,2.803740000000005,3.6410000000000196
1422,100.0,3.1168800000000374,3.2549400000000333
1423,100.0,2.7682000000000357,2.90634
1424,98.24117647,2.7549999999999955,3.4084000000000287
1425,98.92653061,3.8005300000000375,4.598000000000013
1426,,3.117400000000032,4.210100000000011
1427,,2.9006600000000162,5.257100000000037
1428,,2.062220000000025,3.2175000000000296
1429,,1.3552200000000312,3.4688000000000443
1430,94.1,1.4343800000000329,1.8563200000000393
1431,96.90694444,1.7749600000000214,5.066800000000001
1432,100.0,1.5379300000000171,1.8219000000000278
1433,100.0,3.031120000000044,5.184000000000026
1434,100.0,1.8693499999999972,1.9227800000000457
1435,100.0,2.514949999999999,3.3165500000000065
1436,100.0,1.7105000000000246,2.0363700000000335
1437,,1.2730000000000246,2.1620000000000346
1438,,1.1689400000000205,1.3566800000000399
1439,,1.7521000000000413,2.7263000000000375
1440,,2.8489000000000146,3.099080000000015
1441,,4.06292000000002,4.9822300000000155
1442,,3.4260000000000446,3.491170000000011
1443,100.0,5.131799999999998,6.224970000000042
1444,97.13888889,3.1656000000000404,3.8941300000000183
1445,76.44444444,7.733450000000005,13.649400000000014
1446,81.64861111,4.773500000000013,7.983060000000023
1447,76.36111111,8.104460000000017,14.396140000000003
1448,99.9375,7.07668000000001,8.074880000000007
1449,100.0,5.349019999999996,6.43643000000003
1450,95.11527778,2.4672500000000355,3.7286000000000286
1451,81.775,-2.0797999999999774,3.259180000000015
1452,92.33333333,-3.073069999999973,0.5725000000000477
1453,96.10555556,-1.218499999999949,0.7501200000000381
1454,100.0,-0.13186999999999216,0.1097000000000321
1455,99.8125,2.698660000000018,6.531270000000006
1456,87.9255814,5.3855800000000045,7.938960000000009
1457,71.825,2.4017600000000243,13.24523000000005
1458,99.96805556,4.120780000000025,5.420830000000024
1459,100.0,7.41473000000002,8.175780000000032
