,Air temperature.mean,t2m
0,0.773611111,1.7464500000000385
1,1.548611111,4.65536000000003
2,1.808333333,-0.2127699999999777
3,3.25,4.870840000000044
4,-0.205555556,1.5223000000000297
5,-0.715277778,0.5257200000000353
6,-3.2625,-2.4233199999999897
7,-2.197222222,-0.48013999999994894
8,-2.831944444,-3.752719999999954
9,0.829166667,0.01568000000003167
10,1.905555556,1.9076200000000085
11,1.533333333,2.74615
12,-3.004166667,-1.0376999999999725
13,-3.494444444,-0.03989999999998872
14,-2.665277778,-5.981799999999964
15,1.290277778,0.3269000000000233
16,1.106944444,-0.9790399999999977
17,2.836111111,5.098700000000008
18,-1.025,-0.18189999999998463
19,-0.241666667,0.404700000000048
20,0.127777778,-0.3603599999999574
21,-1.402777778,1.6828600000000051
22,-2.234722222,-3.6656600000000026
23,1.095833333,1.3877200000000016
24,1.936111111,0.6337800000000016
25,4.341666667,6.195340000000044
26,6.231944444,4.050870000000032
27,4.948611111,8.626920000000041
28,0.352777778,2.2657400000000507
29,3.148611111,4.334900000000005
30,4.331944444,1.9101
31,5.395833333,9.701930000000004
32,2.934722222,3.702600000000018
33,9.258333333,12.15142000000003
34,4.418055556,5.605040000000031
35,1.856944444,3.319150000000036
36,0.545833333,-0.16955999999998994
37,1.076388889,1.9051500000000487
38,0.306944444,0.8498800000000415
39,1.277777778,1.4365000000000236
40,0.008333333,0.700460000000021
41,0.155555556,1.1851700000000278
42,-1.034722222,-0.33379999999999654
43,-1.816666667,-0.19547000000000025
44,-2.236111111,-2.1293999999999755
45,-1.495833333,-1.310639999999978
46,-1.180555556,-2.331299999999999
47,-0.851388889,0.20464000000004035
48,-2.325,-1.7453399999999988
49,-1.766666667,-2.321419999999989
50,-2.044444444,-3.0741299999999683
51,-0.870833333,-0.20413999999999533
52,-3.7875,-3.6409699999999816
53,0.5,1.4161000000000286
54,1.766666667,0.6430300000000102
55,1.204166667,2.352200000000039
56,1.406944444,0.8215000000000146
57,1.526388889,2.861000000000047
58,0.444444444,0.3590000000000373
59,-0.190277778,2.228080000000034
60,-0.504166667,0.35223000000002
61,0.613888889,1.0258699999999976
62,1.394444444,0.0675600000000145
63,5.444444444,8.515770000000032
64,8.347222222,9.549400000000048
65,11.45,15.544430000000034
66,8.416666667,10.670130000000029
67,6.229166667,10.161339999999996
68,3.8625,4.405900000000031
69,4.380555556,5.556849999999997
70,2.366666667,2.4719800000000305
71,2.736111111,2.5683200000000284
72,2.291666667,2.459000000000003
73,2.452777778,5.411770000000047
74,-1.695833333,-2.058999999999969
75,2.184722222,5.17960000000005
76,-1.733333333,-1.7780499999999506
77,0.455555556,2.930750000000046
78,-1.434722222,-0.6302000000000021
79,1.370833333,3.889700000000005
80,-0.177777778,-0.40603999999996176
81,7.208333333,8.408960000000036
82,6.066666667,8.757800000000032
83,4.886111111,3.885370000000023
84,4.281944444,4.421350000000018
85,3.365277778,6.129880000000014
86,1.25,0.7900000000000205
87,4.181944444,6.0922199999999975
88,3.823611111,1.9520800000000236
89,6.7625,9.176480000000026
90,3.093055556,4.509029999999996
91,4.6375,8.540459999999996
92,1.979166667,-0.008399999999994634
93,5.958333333,10.347800000000007
94,0.802777778,0.9054800000000114
95,6.711111111,11.97854000000001
96,1.298611111,1.7779500000000326
97,8.148611111,13.526540000000011
98,1.961111111,2.3250400000000013
99,10.04166667,14.94177000000002
100,3.870833333,3.034500000000037
101,8.6,13.801930000000027
102,2.870833333,3.6556600000000117
103,9.479166667,13.64572000000004
104,6.534722222,5.721100000000035
105,4.997222222,8.914030000000025
106,-2.352777778,-1.8465999999999667
107,-1.470833333,1.046260000000018
108,-4.430555556,-5.266149999999982
109,0.494444444,2.559660000000008
110,0.368055556,-1.012399999999957
111,3.294444444,5.19195000000002
112,4.343055556,0.01568000000003167
113,11.71388889,13.091200000000015
114,4.470833333,5.99526000000003
115,7.594444444,11.984100000000012
116,5.694444444,1.608760000000018
117,15.24027778,18.16927000000004
118,7.922222222,9.212270000000046
119,11.17777778,16.777520000000038
120,6.988888889,7.67294000000004
121,7.640277778,11.160400000000038
122,5.381944444,5.912530000000004
123,11.10277778,13.673500000000047
124,7.341666667,4.877650000000017
125,16.03333333,19.821619999999996
126,8.120833333,9.333920000000035
127,10.425,13.915549999999996
128,6.294444444,5.805700000000002
129,11.72777778,15.304220000000043
130,8.998611111,7.3957000000000335
131,17.18472222,19.96673000000004
132,12.94027778,11.848260000000039
133,13.68472222,18.783650000000023
134,7.879166667,10.026730000000043
135,13.78888889,16.738
136,14.12361111,10.967740000000049
137,15.9,18.391560000000027
138,9.513888889,12.000760000000014
139,4.315277778,7.349360000000047
140,3.848611111,2.415800000000047
141,5.319444444,8.35214000000002
142,2.025,-1.5501999999999612
143,8.075,11.508020000000045
144,5.609722222,4.817740000000015
145,9.119444444,12.071770000000015
146,7.631944444,5.9699300000000335
147,12.4,14.445950000000039
148,12.45972222,9.905700000000024
149,10.87916667,14.264400000000023
150,10.1375,6.105200000000025
151,18.26388889,22.244600000000048
152,10.3,10.848569999999995
153,8.384722222,12.93932000000001
154,5.631944444,6.26943
155,8.255555556,8.221249999999998
156,4.894444444,5.280240000000049
157,8.237313433,10.394740000000013
158,4.952777778,4.507780000000025
159,9.038888889,13.496270000000038
160,3.95,2.9295299999999997
161,11.63055556,16.437900000000013
162,5.770833333,5.4265700000000265
163,13.33194444,18.199550000000045
164,8.227777778,6.081080000000043
165,14.83194444,20.416860000000042
166,8.348611111,8.020560000000046
167,11.36527778,17.18258000000003
168,6.751388889,6.1403700000000185
169,7.422222222,10.74484000000001
170,3.273611111,2.405900000000031
171,7.593055556,11.128900000000044
172,3.75,2.2361000000000217
173,9.845833333,13.745720000000006
174,5.256944444,2.9419000000000324
175,10.36805556,15.433900000000051
176,6.026388889,3.3636000000000195
177,12.77638889,17.870420000000024
178,5.821212121,6.989370000000008
179,16.325,20.698450000000037
180,7.970833333,6.082940000000008
181,16.74027778,20.73920000000004
182,6.091666667,9.11596000000003
183,15.5125,19.61602000000005
184,8.830555556,9.659330000000011
185,16.725,21.216499999999996
186,9.584722222,9.172140000000013
187,17.08194444,20.36500000000001
188,10.65138889,11.784019999999998
189,9.227777778,13.128260000000012
190,4.444444444,5.472250000000031
191,13.23055556,15.532070000000033
192,7.080555556,7.120300000000043
193,17.44166667,19.467219999999998
194,11.62222222,10.916500000000042
195,14.50694444,17.02510000000001
196,11.19305556,10.618250000000046
197,17.575,19.423969999999997
198,11.68055556,11.461100000000044
199,16.48194444,20.037740000000042
200,11.01111111,11.88900000000001
201,8.398611111,14.444700000000012
202,5.222222222,7.760600000000011
203,5.109722222,6.64730000000003
204,5.698611111,6.073700000000031
205,6.152777778,6.973320000000001
206,6.313888889,6.951099999999997
207,9.227777778,9.927300000000002
208,9.123611111,8.55776000000003
209,11.63611111,15.526499999999999
210,4.665277778,4.488640000000032
211,12.60277778,16.49720000000002
212,5.554166667,4.207700000000045
213,14.77083333,16.899159999999995
214,9.423611111,9.421600000000012
215,13.64861111,16.78430000000003
216,8.980555556,7.2511800000000335
217,17.48611111,20.29522000000003
218,9.133333333,8.347830000000044
219,15.24305556,19.778400000000033
220,8.168055556,6.106400000000008
221,16.95138889,21.35850000000005
222,9.193055556,8.023650000000032
223,19.37361111,22.80895000000004
224,11.43333333,13.594449999999995
225,14.99583333,16.93374
226,12.86111111,12.545980000000043
227,20.69583333,25.10656
228,14.29722222,13.10110000000003
229,22.45,26.348900000000015
230,15.57916667,13.538260000000037
231,24.24444444,28.361230000000035
232,14.39583333,16.352700000000027
233,12.31805556,16.173000000000002
234,11.08472222,9.063469999999995
235,14.65138889,17.856840000000034
236,9.011111111,9.525959999999998
237,10.61805556,13.136300000000006
238,9.004166667,9.401200000000017
239,11.22083333,12.904750000000035
240,12.23055556,10.197140000000047
241,15.35555556,18.50332000000003
242,12.11527778,9.923000000000002
243,19.58472222,22.291500000000042
244,13.83333333,12.570700000000045
245,17.03333333,20.72747000000004
246,11.65416667,11.702539999999999
247,15.74583333,19.285060000000044
248,10.98194444,12.325559999999996
249,6.404166667,9.459249999999997
250,5.420833333,6.362050000000011
251,6.545833333,6.527520000000038
252,7.808333333,6.1366500000000315
253,10.50694444,13.09802000000002
254,7.181944444,5.06844000000001
255,15.4625,17.029440000000022
256,10.69722222,11.21472
257,11.49722222,12.533000000000015
258,9.698611111,9.132000000000005
259,17.79861111,20.215570000000014
260,13.01111111,10.697300000000041
261,20.73888889,22.30940000000004
262,14.53472222,14.708370000000002
263,18.69444444,21.31713000000002
264,11.52222222,13.647550000000024
265,10.79166667,15.181970000000035
266,7.127777778,9.060400000000016
267,7.1625,7.230830000000026
268,6.731944444,6.730680000000007
269,9.241666667,9.510520000000042
270,8.3875,7.7902500000000146
271,11.3,11.553740000000005
272,10.59861111,9.19622000000004
273,13.73611111,16.0625
274,10.20694444,8.800440000000037
275,19.30972222,21.37396000000001
276,13.92916667,13.136900000000026
277,17.96111111,20.829949999999997
278,15.64583333,13.641999999999996
279,19.17222222,20.755240000000015
280,13.11666667,11.836500000000001
281,16.54166667,20.36130000000003
282,15.19305556,13.65002000000004
283,18.25138889,21.78150000000005
284,14.69166667,14.265039999999999
285,17.09583333,18.543480000000045
286,14.06944444,12.765800000000013
287,18.86666667,20.113699999999994
288,14.48194444,12.518200000000036
289,21.47638889,24.23406
290,15.60833333,14.582400000000007
291,23.31111111,25.36343000000005
292,17.23194444,17.461659999999995
293,18.37777778,18.754020000000025
294,17.86805556,16.809630000000027
295,20.54444444,22.666930000000036
296,16.53611111,16.145230000000026
297,17.69305556,20.623100000000022
298,13.09722222,13.974199999999996
299,13.34166667,15.449330000000032
300,12.4625,12.328640000000007
301,16.70972222,15.927880000000016
302,15.88472222,14.44780000000003
303,18.20138889,20.426750000000027
304,16.14027778,15.371550000000013
305,20.32777778,21.070150000000012
306,17.13194444,14.691100000000006
307,21.60694444,25.616570000000024
308,18.70555556,17.085020000000043
309,22.21944444,24.406949999999995
310,18.46388889,16.229820000000018
311,20.1875,24.423640000000034
312,16.35138889,15.782160000000033
313,25.17222222,25.51162000000005
314,20.44166667,18.23350000000005
315,25.83194444,28.117330000000038
316,20.56666667,17.85748000000001
317,25.83611111,28.84286000000003
318,19.46805556,17.81423000000001
319,26.00694444,27.911699999999996
320,20.80555556,19.455470000000048
321,27.6125,29.948750000000018
322,21.74166667,20.11306000000002
323,27.35555556,30.469870000000014
324,21.45833333,19.81545
325,27.56111111,30.47234000000003
326,22.66666667,20.99914000000001
327,29.93611111,33.13674000000003
328,21.86111111,21.677729999999997
329,28.12361111,30.752679999999998
330,21.83888889,19.721600000000024
331,28.94722222,31.755460000000028
332,23.01527778,21.20663000000002
333,26.55833333,31.99380000000002
334,20.04305556,19.21526
335,23.625,24.73544000000004
336,20.51805556,18.85467
337,25.975,26.456320000000005
338,20.66388889,19.332600000000014
339,26.52361111,28.03830000000005
340,21.39166667,19.149200000000008
341,26.26388889,28.23156
342,21.4625,19.830300000000022
343,24.40277778,28.621800000000007
344,21.79861111,20.34585000000004
345,24.90972222,29.4529
346,17.89305556,18.84295000000003
347,22.30972222,21.51165000000003
348,19.56388889,18.609550000000013
349,22.78888889,24.119230000000016
350,20.52638889,18.798500000000047
351,27.30138889,28.452600000000018
352,23.10277778,20.500850000000014
353,29.1,31.228139999999996
354,23.69027778,21.614130000000046
355,29.89722222,32.193870000000004
356,23.04861111,23.126340000000027
357,24.21388889,27.423900000000003
358,17.88611111,16.336630000000014
359,24.34583333,26.617500000000007
360,19.325,16.457060000000013
361,26.50972222,28.811360000000036
362,21.46527778,19.34680000000003
363,30.15,33.15032000000002
364,23.0625,21.434470000000033
365,29.91111111,32.313649999999996
366,22.29027778,20.36130000000003
367,26.95416667,29.470820000000003
368,20.39861111,19.806200000000047
369,19.30694444,23.52337
370,18.13472222,16.526200000000017
371,26.68888889,28.287130000000047
372,21.32222222,20.559500000000014
373,28.8875,31.683220000000006
374,24.20277778,21.771000000000015
375,22.68888889,31.202800000000025
376,19.725,17.45550000000003
377,23.74861111,25.154719999999998
378,18.79305556,17.31716
379,21.125,23.50173000000001
380,16.47222222,17.17144000000002
381,18.88472222,19.56292000000002
382,14.64305556,12.14712000000003
383,21.40972222,23.599940000000004
384,15.23472222,13.655570000000012
385,21.41527778,23.93398000000002
386,18.3,15.724100000000021
387,18.05833333,21.57217000000003
388,17.14444444,15.487600000000043
389,20.83611111,22.600240000000042
390,16.76944444,14.75714000000005
391,21.57638889,23.893850000000043
392,16.74722222,14.68923000000001
393,23.22638889,25.89074000000005
394,17.97222222,15.788319999999999
395,24.54444444,26.787300000000016
396,18.82361111,17.083150000000046
397,24.53472222,27.155940000000044
398,19.41944444,17.53884000000005
399,24.50909091,27.71905000000004
400,19.41944444,18.84295000000003
401,25.50806452,30.20684
402,20.95833333,18.498400000000004
403,28.68472222,31.291740000000004
404,22.45416667,20.881830000000036
405,26.5125,29.744349999999997
406,20.79861111,19.168360000000007
407,28.06666667,30.311180000000036
408,20.59166667,19.78150000000005
409,26.85277778,29.475760000000037
410,21.98888889,19.654899999999998
411,28.86111111,31.873379999999997
412,19.8625,20.904660000000035
413,24.12083333,29.281900000000007
414,20.92083333,19.432000000000016
415,29.38611111,31.847470000000044
416,20.57916667,20.67745000000002
417,22.36527778,26.49093000000005
418,18.98611111,18.91396000000003
419,23.25,25.36465000000004
420,20.84305556,18.949760000000026
421,27.35277778,29.020070000000032
422,23.17361111,21.829030000000046
423,27.51388889,30.691550000000007
424,21.93611111,21.361000000000047
425,26.08472222,28.15560000000005
426,21.00555556,19.993899999999996
427,24.19861111,28.626120000000014
428,19.32638889,18.759580000000028
429,23.10555556,24.77868000000001
430,18.44027778,16.84603000000004
431,22.30694444,25.169520000000034
432,17.82916667,15.100459999999998
433,24.50277778,27.306600000000003
434,18.94583333,17.17700000000002
435,27.60833333,30.505700000000047
436,22.60555556,20.46750000000003
437,29.31944444,32.42602000000005
438,22.21944444,22.12790000000001
439,25.93472222,29.60912000000002
440,21.26944444,20.323020000000042
441,27.25694444,29.59740000000005
442,22.13472222,21.02140000000003
443,29.32916667,32.528530000000046
444,22.82083333,22.49774000000002
445,28.23194444,31.51030000000003
446,23.12638889,22.211850000000027
447,30.81666667,34.4828
448,22.8375,23.105340000000012
449,25.44444444,28.832970000000046
450,17.31805556,19.156000000000006
451,18.92638889,18.793540000000007
452,15.55833333,14.95165000000003
453,20.975,23.764800000000037
454,15.07638889,14.082880000000046
455,20.96388889,23.875940000000014
456,16.66805556,14.744799999999998
457,22.97777778,25.70490000000001
458,17.29166667,15.28570000000002
459,25.82638889,29.756700000000023
460,19.37222222,17.775959999999998
461,27.87083333,32.245100000000036
462,20.30694444,19.666650000000004
463,28.75694444,33.07067000000001
464,19.84444444,20.040220000000033
465,26.51527778,30.125940000000014
466,19.29166667,18.47308000000004
467,25.46527778,26.947230000000047
468,21.02638889,20.29955000000001
469,26.73611111,29.480700000000013
470,21.82361111,21.6481
471,27.19861111,30.960170000000005
472,21.49027778,20.3082
473,26.75416667,28.172900000000027
474,21.89861111,20.711400000000026
475,25.78194444,28.731100000000026
476,20.75694444,20.593470000000025
477,26.74027778,29.94195000000002
478,20.89305556,20.380430000000047
479,27.61388889,32.15743000000003
480,19.63333333,21.092370000000017
481,26.35972222,31.751760000000047
482,18.75555556,18.96087
483,27.68472222,32.10864000000004
484,20.71111111,19.96180000000004
485,26.88194444,31.538720000000012
486,19.26805556,20.14208000000002
487,27.01388889,32.322900000000004
488,17.79722222,19.79940000000005
489,27.20416667,31.66900000000004
490,17.46527778,18.663260000000037
491,16.47916667,18.30883
492,13.07083333,13.025779999999997
493,19.11666667,22.61196000000001
494,13.11944444,13.099240000000009
495,21.61527778,25.58077000000003
496,15.16388889,15.409199999999998
497,22.3375,24.50576000000001
498,15.55972222,15.779700000000048
499,19.19166667,22.261870000000044
500,15.96805556,15.772270000000049
501,19.95416667,21.858670000000018
502,16.95416667,17.193700000000035
503,16.50833333,20.403279999999995
504,12.70694444,10.965880000000027
505,18.61388889,22.589750000000038
506,14.10694444,12.312600000000032
507,22.68472222,24.45574000000005
508,17.23611111,16.750969999999995
509,22.36111111,25.133100000000013
510,16.40972222,15.136300000000006
511,21.67222222,25.90554000000003
512,16.34722222,15.442530000000033
513,22.25972222,26.10930000000002
514,14.47916667,14.65527000000003
515,20.99722222,25.56967000000003
516,14.11944444,14.303300000000036
517,22.90138889,27.770320000000027
518,16.13472222,16.039030000000025
519,23.61527778,27.35537000000005
520,15.54444444,17.929700000000025
521,13.92916667,15.87847000000005
522,12.18333333,11.044300000000021
523,14.37222222,17.95318000000003
524,7.870833333,7.275900000000036
525,12.76111111,17.35485
526,6.748611111,7.1054600000000505
527,14.03611111,19.417200000000037
528,6.881944444,6.64608000000004
529,18.83611111,22.225430000000017
530,14.425,15.57220000000001
531,16.69027778,21.93524000000002
532,13.48194444,14.884360000000015
533,15.06388889,16.038400000000024
534,15.23055556,13.198660000000018
535,18.51666667,21.47520000000003
536,15.19722222,15.67285000000004
537,17.32916667,19.409780000000012
538,13.04722222,11.092460000000017
539,18.54027778,23.346150000000023
540,14.27083333,12.87017000000003
541,20.33194444,23.62832000000003
542,14.57777778,13.99087000000003
543,20.05277778,22.97320000000002
544,16.34027778,15.588900000000024
545,21.28888889,26.02720000000005
546,15.65416667,16.986199999999997
547,19.46111111,24.868830000000003
548,15.12361111,12.907830000000047
549,20.24583333,25.712270000000046
550,11.97916667,13.982230000000015
551,12.87638889,14.10635000000002
552,10.63055556,9.307980000000043
553,11.72361111,15.874780000000044
554,7.734722222,7.250570000000039
555,13.93333333,15.955650000000048
556,9.552777778,9.738980000000026
557,11.14305556,14.147700000000043
558,6.0875,6.401540000000011
559,10.62361111,14.081020000000024
560,7.220833333,6.332400000000007
561,10.57638889,15.386960000000045
562,7.568055556,5.11044000000004
563,16.35138889,22.682980000000043
564,12.46388889,12.659600000000012
565,11.75833333,14.01373000000001
566,7.911111111,8.661500000000046
567,13.52916667,17.496849999999995
568,7.972222222,8.602840000000015
569,15.70694444,20.67190000000005
570,10.67638889,9.153620000000046
571,16.43472222,23.35110000000003
572,10.71944444,10.426840000000027
573,17.3125,23.564099999999996
574,11.125,11.951380000000029
575,16.45277778,23.994500000000016
576,10.90694444,9.466060000000027
577,18.21805556,22.429830000000038
578,12.21666667,12.341000000000008
579,16.52083333,20.404530000000022
580,11.5125,11.36044000000004
581,16.38472222,22.269280000000037
582,10.71388889,10.068080000000009
583,16.11666667,23.688230000000033
584,10.33611111,10.257650000000012
585,17.0375,24.626149999999996
586,11.3625,10.541680000000042
587,18.91111111,25.28253000000001
588,12.71527778,11.236350000000016
589,18.23055556,26.282830000000047
590,10.04444444,12.470670000000041
591,16.4875,23.96917000000002
592,8.966666667,11.657460000000015
593,16.15694444,23.609800000000007
594,9.079166667,10.963430000000017
595,16.12638889,22.30755000000005
596,8.927777778,8.649130000000014
597,14.45138889,20.202600000000018
598,8.244444444,9.211659999999995
599,13.23055556,19.23690000000005
600,8.865277778,6.611500000000035
601,14.76944444,18.44467000000003
602,10.7625,10.49105000000003
603,8.313888889,11.827260000000024
604,8.040277778,7.771100000000047
605,7.365277778,8.67446000000001
606,5.855555556,4.6442499999999995
607,6.922222222,8.036000000000001
608,3.0,3.787200000000041
609,7.522222222,9.604360000000042
610,6.252777778,5.071529999999996
611,11.72777778,13.619169999999997
612,12.45138889,11.330200000000048
613,15.90972222,19.86360000000002
614,14.51666667,16.650320000000022
615,10.87916667,15.538260000000037
616,13.41944444,10.148979999999995
617,17.75138889,22.332880000000046
618,12.50555556,14.936820000000012
619,12.94027778,15.219629999999995
620,10.66527778,10.342250000000035
621,10.14305556,15.004750000000001
622,8.475,7.592650000000049
623,12.36111111,12.393500000000017
624,10.95277778,10.65100000000001
625,11.16111111,15.775959999999998
626,8.980555556,9.973000000000013
627,7.605555556,9.395650000000046
628,6.809722222,5.587730000000022
629,7.831944444,11.128900000000044
630,6.248611111,7.062860000000001
631,11.40972222,10.74236000000002
632,13.36388889,13.452449999999999
633,13.30277778,16.157560000000046
634,6.580555556,8.1558
635,9.952777778,9.944600000000037
636,9.751388889,7.761220000000037
637,10.65522388,13.380179999999996
638,13.35909091,12.231700000000046
639,11.14027778,16.854700000000037
640,7.113888889,10.702230000000043
641,13.25833333,16.118070000000046
642,11.75277778,12.89855
643,9.469444444,16.437900000000013
644,4.597222222,6.359580000000051
645,8.347222222,13.414760000000001
646,8.25,7.999570000000006
647,10.83611111,11.903220000000033
648,8.743055556,9.862480000000005
649,9.525,14.873220000000003
650,6.943055556,8.613950000000045
651,7.938888889,12.526850000000024
652,2.652777778,3.9502200000000016
653,7.176388889,11.232020000000034
654,3.104166667,4.150260000000003
655,5.426388889,11.399350000000027
656,0.993055556,4.179900000000032
657,3.923611111,7.6290800000000445
658,5.294444444,6.1027200000000335
659,6.940277778,10.426230000000032
660,6.125,5.619230000000016
661,9.116666667,9.468530000000044
662,8.983333333,9.207940000000008
663,11.05416667,13.780330000000049
664,8.390277778,9.24377000000004
665,9.598611111,15.055380000000014
666,6.754166667,9.106070000000045
667,2.383333333,7.698239999999998
668,-0.904166667,-0.09854999999998881
669,4.155555556,6.3441400000000385
670,3.2,2.7103200000000243
671,2.413888889,4.781949999999995
672,1.481944444,2.1188000000000216
673,1.456944444,4.367600000000039
674,-2.533333333,-1.6205999999999676
675,-0.8,0.6128000000000497
676,-0.458333333,-0.6394399999999791
677,-0.023611111,-0.12075999999996156
678,-1.541666667,-0.9154399999999896
679,0.283333333,1.422900000000027
680,0.972222222,0.3293700000000399
681,2.108333333,6.275599999999997
682,1.222222222,1.7637600000000475
683,2.741666667,4.906060000000025
684,1.093055556,1.7594200000000342
685,6.752777778,9.711820000000046
686,5.915277778,6.8548000000000116
687,5.408333333,6.591120000000046
688,1.780555556,2.8048
689,1.356944444,3.9508299999999963
690,0.754166667,1.5315800000000195
691,1.894444444,2.386160000000018
692,0.468055556,0.712820000000022
693,2.801388889,4.497280000000046
694,4.905555556,5.290729999999996
695,3.418055556,6.75723000000005
696,2.005555556,-0.06704999999999472
697,8.518055556,8.053920000000005
698,9.579166667,2.873960000000011
699,9.483333333,13.951350000000048
700,5.579166667,4.597300000000018
701,7.9375,15.735220000000027
702,6.427777778,5.145620000000008
703,10.27916667,14.465700000000027
704,7.095833333,5.566740000000038
705,7.783333333,11.938400000000001
706,5.248611111,5.382750000000044
707,10.52361111,14.942380000000014
708,8.930555556,11.649440000000027
709,9.851388889,13.409840000000031
710,6.311111111,11.001700000000028
711,8.234722222,10.957850000000008
712,7.2875,6.93258000000003
713,8.718055556,8.499720000000025
714,7.865277778,7.7340599999999995
715,5.441666667,10.697900000000004
716,2.963888889,2.6498000000000275
717,6.4625,8.73992000000004
718,5.508333333,6.526300000000049
719,3.466666667,7.730980000000045
720,2.445833333,0.7091000000000349
721,4.243055556,6.174340000000029
722,1.990277778,2.7844200000000114
723,1.7125,3.8576000000000477
724,0.755555556,0.5856300000000374
725,0.547222222,1.224080000000015
726,-2.336111111,-1.4742499999999836
727,-1.75,1.6662000000000035
728,-2.875,-3.6656600000000026
729,0.173611111,1.3624000000000365
730,0.530555556,-1.2977999999999952
731,1.088888889,5.50042000000002
732,-1.348611111,-2.5384599999999864
733,1.343055556,5.348700000000008
734,-2.7,-3.065279999999973
735,-2.458333333,1.6195600000000354
736,-2.718055556,-3.9475499999999784
737,0.994444444,2.3226300000000037
738,2.940277778,2.130269999999996
739,1.154166667,5.345700000000022
740,-2.333333333,-1.4775999999999954
741,-1.138888889,3.5172699999999963
742,-4.134722222,-4.454079999999976
743,-1.106944444,3.2132200000000353
744,-0.133333333,-4.106449999999995
745,1.102777778,2.6899700000000166
746,-2.573611111,-3.4428199999999833
747,1.270833333,4.5190000000000055
748,-0.865277778,-3.0610999999999535
749,3.5625,9.147100000000023
750,-0.805555556,-1.0785999999999945
751,3.211111111,7.6812700000000405
752,-1.440277778,-2.128099999999961
753,-1.425,3.715000000000032
754,-2.230555556,-1.8234599999999546
755,-1.708333333,-1.544499999999971
756,-2.290277778,-2.2278499999999894
757,-1.355555556,0.46075000000001864
758,-2.491666667,-3.0981499999999755
759,-1.333333333,-0.34924999999998363
760,-2.465277778,-2.366999999999962
761,-0.577777778,0.706230000000005
762,-1.4375,-0.9656699999999887
763,-1.584722222,-1.6651699999999892
764,-1.965277778,-2.65731999999997
765,-1.5625,-2.1298999999999637
766,-0.883333333,-0.9435799999999972
767,-0.198611111,0.307200000000023
768,-0.211111111,-0.5170999999999708
769,0.5375,1.5759500000000344
770,0.873611111,0.47567000000003645
771,-0.340277778,2.974300000000028
772,-4.305555556,-3.7086199999999963
773,0.195833333,0.9415800000000445
774,-2.069444444,-1.5851199999999608
775,-0.806944444,3.0173000000000343
776,-5.119444444,-4.12555999999995
777,-2.4,1.4266300000000456
778,-3.851388889,-4.713930000000005
779,1.065277778,4.713700000000017
780,-0.593055556,-0.5206699999999955
781,3.133333333,4.779440000000022
782,1.025,0.8125500000000443
783,3.183333333,3.101530000000025
784,2.45,2.0741200000000504
785,9.347222222,10.581870000000038
786,1.759722222,1.946300000000008
787,1.5875,6.8025800000000345
788,2.172222222,1.1118400000000292
789,4.698611111,9.647670000000005
790,3.777777778,2.9946199999999976
791,13.08055556,15.684870000000046
792,10.30972222,9.108270000000005
793,13.71944444,17.107100000000003
794,11.01805556,11.586600000000033
795,13.91527778,17.719400000000007
796,12.0625,12.73406
797,11.16666667,15.25060000000002
798,8.727777778,9.951700000000017
799,6.233333333,11.21087
800,4.625,4.591270000000009
801,4.276388889,7.634060000000034
802,0.727777778,1.361500000000035
803,3.691666667,6.1168499999999995
804,2.506944444,1.1070500000000152
805,6.251388889,7.098260000000039
806,1.255555556,3.328520000000026
807,1.545833333,6.245870000000025
808,-0.834722222,-1.5546599999999557
809,7.123611111,10.457640000000026
810,6.477777778,5.897640000000024
811,13.07777778,15.047500000000014
812,7.3625,9.61360000000002
813,6.505555556,9.571799999999996
814,5.509722222,5.5230999999999995
815,5.029166667,11.075900000000047
816,1.427777778,0.47150000000004866
817,7.479166667,11.07528000000002
818,5.676388889,7.631680000000017
819,7.479166667,9.30600000000004
820,4.497222222,4.116399999999999
821,6.269444444,11.30883
822,1.315277778,1.8328200000000265
823,6.969444444,11.77117000000004
824,4.872222222,2.5346600000000308
825,11.88333333,16.551600000000008
826,9.146268657,8.73553000000004
827,8.468055556,11.424130000000048
828,5.704166667,5.3779499999999985
829,8.822222222,12.056700000000035
830,4.691666667,6.585170000000005
831,5.072222222,9.602260000000001
832,2.044444444,-0.1742299999999659
833,6.169444444,9.915279999999996
834,2.1875,1.1291400000000067
835,6.705555556,10.595030000000008
836,6.056944444,3.2729700000000435
837,12.64166667,13.00585000000001
838,11.44583333,12.819479999999999
839,6.358333333,11.07946000000004
840,3.241666667,2.432520000000011
841,11.14444444,15.358730000000037
842,10.29861111,10.138100000000009
843,3.570833333,13.242400000000032
844,3.451388889,2.3477000000000317
845,5.922222222,8.370000000000005
846,6.031944444,6.914880000000039
847,5.184722222,8.55215000000004
848,1.333333333,0.7265600000000063
849,8.793055556,11.75863000000004
850,7.406944444,6.676540000000045
851,10.475,12.87026000000003
852,11.07361111,8.994200000000035
853,14.68888889,16.779170000000022
854,11.03888889,13.329600000000028
855,10.61666667,14.93643000000003
856,6.115277778,8.20210000000003
857,6.098611111,9.012699999999995
858,2.775,2.520930000000021
859,7.701388889,11.62124
860,5.154166667,5.858800000000031
861,9.013888889,12.46407000000005
862,7.815277778,7.294800000000009
863,7.527777778,11.023300000000006
864,3.556944444,4.884550000000047
865,6.625,8.661460000000034
866,2.55,2.949820000000045
867,7.656944444,11.33453000000003
868,3.433333333,3.1117000000000417
869,9.497222222,13.030940000000044
870,8.572222222,5.135430000000042
871,14.98055556,16.732600000000048
872,11.1625,9.621970000000033
873,16.5125,22.201750000000004
874,8.719444444,10.586659999999995
875,9.269444444,14.691520000000025
876,7.438888889,7.29418000000004
877,10.31388889,12.824270000000013
878,4.573611111,6.790639999999996
879,5.020833333,9.319150000000036
880,0.823611111,1.0550800000000322
881,8.394444444,13.231040000000007
882,4.008333333,1.0873400000000402
883,12.18194444,17.117850000000033
884,9.65,7.487729999999999
885,12.66388889,18.178120000000035
886,6.668055556,5.324180000000013
887,13.27916667,19.006619999999998
888,7.093055556,6.389250000000004
889,14.33472222,20.536370000000034
890,9.473611111,6.415520000000015
891,12.28472222,19.938440000000014
892,4.693055556,5.8361000000000445
893,2.793939394,6.400570000000016
894,-0.319444444,0.23138000000000147
895,-0.2125,2.8034600000000296
896,-0.148611111,-0.9381999999999948
897,-0.018055556,1.0557000000000016
898,0.066666667,-0.13061999999996488
899,1.154166667,0.9224800000000073
900,3.520833333,1.2026299999999992
901,7.408333333,6.843800000000044
902,8.165277778,6.380880000000047
903,9.838888889,14.427480000000003
904,5.505555556,4.200040000000001
905,12.69583333,16.97270000000003
906,3.959259259,6.868280000000027
907,,17.493600000000015
908,5.8,7.743980000000022
909,4.848611111,8.030079999999998
910,2.975757576,3.1594800000000305
911,4.336111111,6.988950000000045
912,-1.159722222,-0.6610499999999888
913,5.084722222,8.213459999999998
914,-0.579166667,-2.0265299999999797
915,7.894444444,10.405660000000012
916,1.893055556,3.4963600000000383
917,11.72638889,14.732720000000029
918,4.815277778,3.3213400000000206
919,12.93055556,16.423760000000016
920,5.818055556,7.166350000000023
921,14.04583333,18.211569999999995
922,6.008333333,5.755460000000028
923,13.46111111,17.83764000000002
924,4.685964912,6.3336700000000405
925,,18.82680000000005
926,4.6,3.7777000000000385
927,14.5625,19.36083000000002
928,6.029166667,8.94160000000005
929,17.16666667,21.59722000000005
930,9.705555556,6.275140000000022
931,17.775,23.471060000000023
932,8.729166667,8.673429999999996
933,16.87361111,20.692300000000046
934,8.247222222,6.9047199999999975
935,18.84444444,22.590599999999995
936,14.97222222,10.230650000000026
937,20.8875,24.735600000000034
938,8.788888889,15.00750000000005
939,6.270833333,6.680720000000008
940,3.4,1.762900000000002
941,10.1625,12.096699999999998
942,5.548611111,2.546000000000049
943,15.49583333,18.94747000000001
944,11.27361111,9.779700000000048
945,20.10694444,24.1807
946,12.09722222,9.961270000000013
947,21.23333333,25.923699999999997
948,13.67222222,12.148680000000013
949,20.85555556,25.40222
950,10.775,11.43786
951,15.25694444,17.63336000000004
952,8.486111111,9.076620000000048
953,13.7,17.770140000000026
954,6.645833333,6.284100000000024
955,14.24305556,18.369259999999997
956,7.102777778,6.000360000000001
957,15.28055556,19.82495
958,8.541666667,6.282300000000021
959,17.38472222,21.449100000000044
960,12.53472222,9.116630000000043
961,21.3,25.082670000000007
962,9.929166667,11.64572000000004
963,12.83333333,16.56713000000002
964,8.402777778,7.502070000000003
965,19.14166667,22.440060000000017
966,14.56111111,11.366780000000006
967,22.43888889,25.607700000000023
968,12.7625,13.573900000000037
969,16.71388889,21.73702000000003
970,13.66944444,12.809930000000008
971,17.98055556,20.449180000000013
972,13.14722222,14.119870000000049
973,15.01388889,17.01513
974,12.17361111,12.019650000000013
975,16.72777778,17.255240000000015
976,10.67638889,9.344230000000039
977,13.92222222,15.73266000000001
978,10.30972222,7.700370000000021
979,15.59027778,18.758140000000026
980,10.99861111,9.391999999999996
981,16.88472222,20.904930000000036
982,10.25138889,10.63085000000001
983,12.2625,14.600120000000004
984,11.14027778,8.604120000000023
985,16.6875,19.28140000000002
986,10.60277778,8.544399999999996
987,19.29583333,22.656300000000044
988,13.62916667,10.204980000000035
989,22.85416667,26.604060000000004
990,15.38333333,14.085800000000006
991,22.79722222,26.866270000000043
992,15.70833333,15.288229999999999
993,21.28888889,24.057029999999997
994,13.14722222,16.963160000000016
995,10.56944444,10.441520000000025
996,9.886111111,7.094700000000046
997,21.40694444,23.428060000000016
998,15.05694444,14.135980000000018
999,18.46388889,21.786
1000,12.93472222,14.763180000000034
1001,19.32361111,21.03335000000004
1002,12.56527778,11.135000000000048
1003,16.3375,17.839440000000025
1004,14.475,13.306300000000022
1005,18.86527778,20.69410000000005
1006,15.03194444,14.199900000000014
1007,21.67638889,23.868899999999996
1008,15.62361111,15.788200000000018
1009,18.86527778,20.24368000000004
1010,15.07083333,16.128700000000038
1011,14.75277778,15.945300000000032
1012,13.25277778,11.586600000000033
1013,16.80138889,20.03344000000004
1014,11.20833333,9.503720000000044
1015,18.45138889,20.268760000000043
1016,14.21805556,12.234100000000012
1017,20.54166667,22.278200000000027
1018,14.13611111,16.07433000000003
1019,17.02083333,18.671500000000037
1020,13.38333333,10.68643000000003
1021,15.3625,16.68780000000004
1022,11.56388889,11.657680000000028
1023,15.43194444,17.48702000000003
1024,11.96111111,10.938500000000033
1025,14.34166667,19.161339999999996
1026,13.11666667,11.57525000000004
1027,17.425,20.736469999999997
1028,13.64305556,13.352900000000034
1029,16.9375,18.013850000000048
1030,13.45416667,12.989130000000046
1031,16.36527778,18.30236000000002
1032,12.14861111,10.629080000000044
1033,13.70138889,16.195580000000007
1034,12.24027778,11.54418000000004
1035,19.27916667,18.918200000000013
1036,14.61111111,12.631920000000036
1037,16.69861111,20.58477000000005
1038,13.35,12.924000000000035
1039,18.87222222,21.783600000000035
1040,15.64861111,13.732200000000034
1041,22.64444444,26.282100000000014
1042,17.96944444,18.568780000000004
1043,19.40277778,22.981840000000034
1044,18.8625,17.403999999999996
1045,22.375,25.500800000000027
1046,18.0875,16.82098000000002
1047,25.52916667,28.08960000000002
1048,17.5375,17.869320000000016
1049,20.54305556,24.4178
1050,17.67777778,16.692560000000014
1051,21.55833333,23.887380000000007
1052,17.68333333,16.53845000000001
1053,20.07083333,23.261400000000037
1054,16.2625,13.895870000000002
1055,21.43611111,24.22012000000001
1056,16.20833333,14.234550000000013
1057,23.67222222,25.85020000000003
1058,18.44861111,18.15780000000001
1059,25.35972222,27.50600000000003
1060,20.43611111,19.28738000000004
1061,26.07083333,28.473700000000008
1062,18.4625,16.9966
1063,22.025,23.22317000000004
1064,17.88194444,18.047300000000007
1065,19.525,18.99825000000004
1066,17.32083333,18.199640000000045
1067,20.62638889,19.869740000000036
1068,19.61527778,18.468440000000044
1069,21.18055556,22.198140000000024
1070,19.75694444,16.78454000000005
1071,128.9,25.72660000000002
1072,128.9,17.1961
1073,128.9,21.630100000000027
1074,128.9,15.82763
1075,128.9,18.952840000000037
1076,128.9,16.844300000000032
1077,128.9,20.914480000000026
1078,128.9,18.96900000000005
1079,128.9,25.644740000000013
1080,128.9,17.13220000000001
1081,128.9,25.754050000000007
1082,128.9,14.61984000000001
1083,128.9,26.978570000000047
1084,128.9,17.786280000000033
1085,128.9,29.95983000000001
1086,128.9,19.547780000000046
1087,128.9,32.023600000000044
1088,128.9,20.49636000000004
1089,128.9,32.27032000000003
1090,128.9,20.385250000000042
1091,128.9,33.20156000000003
1092,128.9,16.60476
1093,128.9,28.02630000000005
1094,128.9,19.492240000000038
1095,128.9,32.23090000000002
1096,128.9,22.465750000000014
1097,128.9,31.17303000000004
1098,128.9,21.11877000000004
1099,128.9,22.7919
1100,128.9,19.210320000000024
1101,128.9,26.631520000000023
1102,128.9,19.082480000000032
1103,128.9,29.53454000000005
1104,128.9,17.456540000000018
1105,128.9,31.747060000000033
1106,128.9,21.079340000000002
1107,128.9,22.46636000000001
1108,128.9,12.118220000000008
1109,128.9,25.918330000000026
1110,128.9,16.223659999999995
1111,128.9,30.095420000000047
1112,128.9,18.952260000000024
1113,128.9,33.14780000000002
1114,128.9,19.45580000000001
1115,128.9,33.3485
1116,128.9,16.961360000000013
1117,128.9,23.129970000000014
1118,128.9,12.925200000000018
1119,128.9,24.10064
1120,128.9,12.650450000000035
1121,128.9,25.02352000000002
1122,128.9,12.23350000000005
1123,128.9,26.448140000000024
1124,128.9,18.0933
1125,128.9,27.221100000000035
1126,128.9,18.529350000000022
1127,128.9,14.849820000000022
1128,128.9,13.526730000000043
1129,128.9,21.6259
1130,128.9,15.486570000000029
1131,128.9,21.698800000000006
1132,128.9,17.386070000000018
1133,128.9,26.162000000000035
1134,128.9,17.33468000000005
1135,128.9,30.291380000000004
1136,128.9,19.55078000000003
1137,128.9,29.800350000000037
1138,128.9,21.20956000000001
1139,128.9,28.339300000000037
1140,128.9,19.400260000000003
1141,128.9,28.57104000000004
1142,128.9,19.18282000000005
1143,128.9,23.25780000000003
1144,128.9,18.980340000000012
1145,128.9,26.780850000000044
1146,128.9,18.332820000000027
1147,128.9,29.3673
1148,128.9,17.566460000000006
1149,128.9,31.889200000000017
1150,128.9,19.09802000000002
1151,128.9,32.963220000000035
1152,128.9,21.508230000000026
1153,128.9,34.02288000000004
1154,128.9,22.938230000000033
1155,128.9,33.141800000000046
1156,128.9,22.02612000000005
1157,128.9,31.19810000000001
1158,128.9,19.117729999999995
1159,128.9,30.43234000000001
1160,128.9,20.803980000000024
1161,128.9,31.412560000000042
1162,128.9,21.868430000000046
1163,128.9,29.075800000000015
1164,128.9,18.051480000000026
1165,128.9,19.850060000000042
1166,128.9,19.368600000000015
1167,128.9,25.624400000000037
1168,128.9,19.479120000000023
1169,128.9,29.316520000000025
1170,128.9,20.466499999999996
1171,128.9,29.346400000000017
1172,128.9,20.863699999999994
1173,128.9,31.51410000000004
1174,128.9,19.764030000000048
1175,128.9,30.980680000000007
1176,128.9,20.815940000000012
1177,128.9,31.57800000000003
1178,128.9,21.063800000000015
1179,128.9,28.732320000000016
1180,128.9,19.38235000000003
1181,128.9,30.946619999999996
1182,128.9,21.428800000000024
1183,128.9,28.851200000000006
1184,128.9,19.652919999999995
1185,128.9,26.14530000000002
1186,128.9,19.209100000000035
1187,128.9,28.868520000000046
1188,128.9,20.697050000000047
1189,128.9,30.465779999999995
1190,128.9,19.641560000000027
1191,128.9,26.648860000000013
1192,128.9,17.643520000000024
1193,128.9,27.124930000000006
1194,128.9,17.763570000000016
1195,128.9,28.62480000000005
1196,128.9,18.15423000000004
1197,128.9,30.12710000000004
1198,128.9,18.457670000000007
1199,128.9,31.414330000000007
1200,128.9,20.290279999999996
1201,128.9,26.930780000000027
1202,128.1194444,20.018500000000017
1203,23.72777778,27.35250000000002
1204,18.62916667,19.53048000000001
1205,21.76666667,26.36510000000004
1206,16.80694444,14.491420000000005
1207,23.65972222,28.233580000000018
1208,18.73472222,17.51388000000003
1209,23.57222222,28.16488000000004
1210,17.06527778,17.276760000000024
1211,25.5875,29.68566000000004
1212,20.85,19.24914000000001
1213,28.78888889,34.027060000000006
1214,20.51944444,21.349940000000004
1215,30.14027778,34.09158000000002
1216,20.99305556,22.021330000000034
1217,19.07638889,21.713700000000017
1218,16.13055556,15.178340000000048
1219,18.475,21.31948
1220,13.2375,12.095500000000015
1221,18.35694444,21.826620000000048
1222,12.39861111,12.95270000000005
1223,19.6625,22.89166
1224,13.99722222,12.9067
1225,20.92916667,24.911220000000014
1226,15.63611111,13.228660000000048
1227,22.14722222,27.01263
1228,14.66388889,14.711820000000046
1229,23.71666667,28.677400000000034
1230,17.22638889,16.820400000000006
1231,21.48055556,24.82280000000003
1232,16.86388889,17.26180000000005
1233,20.23055556,24.59283000000005
1234,14.28055556,13.505820000000028
1235,22.31388889,27.295770000000005
1236,15.49305556,14.998530000000017
1237,23.30972222,27.72643000000005
1238,16.11666667,15.58752000000004
1239,22.7,28.471300000000042
1240,16.12361111,16.193200000000047
1241,23.98333333,29.36070000000001
1242,17.57222222,16.208120000000008
1243,24.89444444,30.36483000000004
1244,18.39444444,17.437430000000006
1245,24.01527778,29.47958
1246,16.99444444,17.188350000000014
1247,24.38611111,30.241780000000006
1248,16.81527778,18.159019999999998
1249,23.43472222,29.50707
1250,16.55694444,17.282129999999995
1251,24.35277778,28.387080000000026
1252,16.98888889,21.21075000000002
1253,17.02638889,20.123620000000017
1254,10.30972222,9.55328000000003
1255,15.92638889,20.75320000000005
1256,11.31527778,10.29340000000002
1257,19.54583333,24.36170000000004
1258,12.28611111,13.030330000000049
1259,20.275,26.229520000000036
1260,12.16388889,14.64013
1261,21.4625,26.690060000000017
1262,15.54861111,15.626340000000027
1263,22.09166667,26.391999999999996
1264,15.98472222,14.548760000000016
1265,21.65,26.766530000000046
1266,14.94305556,15.733240000000023
1267,19.07222222,22.276400000000024
1268,13.025,16.392100000000028
1269,12.9125,15.23388
1270,11.84444444,10.033530000000042
1271,16.13333333,16.436300000000017
1272,14.825,15.095300000000009
1273,14.33611111,18.49290000000002
1274,11.74305556,11.307029999999997
1275,14.09722222,17.337670000000003
1276,13.40555556,12.983150000000023
1277,17.20277778,19.922900000000027
1278,15.29583333,14.5822
1279,16.40277778,19.86736000000002
1280,13.28333333,13.938300000000027
1281,20.26527778,24.546260000000018
1282,15.52638889,16.751700000000028
1283,24.99305556,29.47183000000001
1284,18.23194444,22.376149999999996
1285,18.45,24.195600000000013
1286,11.25694444,12.642080000000021
1287,19.89861111,23.848569999999995
1288,14.48194444,15.276300000000049
1289,16.7125,22.16708
1290,12.20555556,13.631250000000023
1291,12.26666667,15.074400000000026
1292,12.36805556,12.669550000000015
1293,13.43611111,18.08972
1294,9.043055556,8.320400000000006
1295,14.8375,20.363760000000013
1296,9.822222222,8.625630000000001
1297,15.52361111,20.605680000000007
1298,12.14305556,12.043540000000007
1299,13.68055556,15.79656
1300,7.676388889,12.75436000000002
1301,7.293055556,7.952449999999999
1302,6.823611111,7.16876000000002
1303,7.745833333,7.959000000000003
1304,8.323611111,6.817530000000033
1305,11.9625,17.095180000000028
1306,7.5375,7.583900000000028
1307,11.18194444,12.754970000000014
1308,9.6625,9.912300000000016
1309,9.926388889,11.732349999999997
1310,8.438888889,8.417750000000012
1311,10.35555556,12.544700000000034
1312,7.505555556,5.9633400000000165
1313,9.0875,14.472280000000012
1314,4.245833333,6.198700000000031
1315,9.369444444,15.75
1316,3.506944444,5.656300000000044
1317,9.470833333,15.793570000000045
1318,5.676388889,5.298519999999996
1319,12.31388889,19.289150000000006
1320,8.422222222,7.2332700000000045
1321,13.78055556,21.103229999999996
1322,9.148611111,7.326440000000048
1323,16.96388889,21.379200000000026
1324,13.84722222,12.824850000000026
1325,13.43472222,15.520000000000039
1326,12.60416667,12.789600000000007
1327,11.79305556,14.09716000000003
1328,10.07361111,9.676930000000027
1329,13.77777778,20.252040000000022
1330,10.52083333,10.39074000000005
1331,15.71666667,20.984980000000007
1332,10.79166667,9.60107000000005
1333,11.99166667,14.536220000000014
1334,10.09027778,10.581870000000038
1335,11.8,13.65157000000005
1336,10.15138889,9.957670000000007
1337,12.59444444,15.443540000000041
1338,12.2375,11.502370000000042
1339,14.33611111,18.821439999999996
1340,11.03055556,10.828000000000031
1341,11.23611111,15.608420000000024
1342,10.00277778,9.850150000000042
1343,15.08472222,18.828599999999994
1344,12.72777778,12.750800000000027
1345,14.82638889,20.101530000000025
1346,11.92638889,12.464650000000006
1347,12.37361111,14.058340000000044
1348,10.15416667,11.74010000000004
1349,9.795833333,11.68932000000001
1350,9.222222222,9.491170000000011
1351,7.077777778,13.030330000000049
1352,3.934722222,4.336200000000019
1353,7.104166667,12.720330000000047
1354,4.047222222,3.85775000000001
1355,6.319444444,8.332330000000013
1356,5.8375,3.7484400000000164
1357,7.581944444,8.949400000000026
1358,7.419444444,7.195640000000026
1359,6.576388889,6.72732000000002
1360,6.248611111,7.474000000000046
1361,6.795833333,7.533100000000047
1362,6.648611111,7.75890000000004
1363,7.179166667,9.10170000000005
1364,6.55,7.226100000000031
1365,8.440277778,8.264250000000004
1366,8.201754386,7.6358600000000365
1367,8.682089552,8.346100000000035
1368,9.596,8.53842000000003
1369,11.2,9.415900000000022
1370,8.308333333,6.31277
1371,9.441791045,12.974800000000016
